Workbook

Sheet DEFINITIVAS
G1: =LIDER!B2 -> TECNOLOGÍA EN GESTIÓN DE NEGOCIOS INTERN | N1: =LIDER!E2 -> SEMESTRE: | P1: =LIDER!F2 -> SEM-03 | Q1: =LIDER!G2 -> SECCIÓN: | R1: =LIDER!H2 -> 2
G2: SEGUNDO CORTE | O2: TERCER CORTE
G3: =CONCATENATE("N° : ",LIDER!C6) -> N° : 1412 | H3: =CONCATENATE("N° : ",LIDER!D6) -> N° : 2388 | I3: =CONCATENATE("N° : ",LIDER!E6) -> N° : 2482 | J3: =CONCATENATE("N° : ",LIDER!F6) -> N° : 2490 | K3: =CONCATENATE("N° : ",LIDER!G6) -> N° : 1532 | L3: =CONCATENATE("N° : ",LIDER!H6) -> N° : | M3: =CONCATENATE("N° : ",LIDER!I6) -> N° : | O3: =G3 -> N° : 1412 | P3: =H3 -> N° : 2388 | Q3: =I3 -> N° : 2482 | R3: =J3 -> N° : 2490 | S3: =K3 -> N° : 1532 | T3: =L3 -> N° : | U3: =M3 -> N° :
B4: LISTA DE ESTUDIANTES | C4: GP | D4: SEG-CORTE | E4: TER-CORTE | G4: =MID(LIDER!C4,1,9) -> MATEMÁTIC | H4: =MID(LIDER!D4,1,9) -> TECNOLOGI | I4: =MID(LIDER!E4,1,9) -> INTERNACI | J4: =MID(LIDER!F4,1,9) -> LEGISLACI | K4: =MID(LIDER!G4,1,9) -> MACROECON | L4: =MID(LIDER!H4,1,9) | M4: =MID(LIDER!I4,1,9) | N4: P2 | O4: =G4 -> MATEMÁTIC | P4: =H4 -> TECNOLOGI | Q4: =I4 -> INTERNACI | R4: =J4 -> LEGISLACI | S4: =K4 -> MACROECON | T4: =L4 | U4: =M4 | V4: P3
A5: 1 | B5: =LIDER!C9 -> SARA OYOLA MARTINEZ | C5: =IF(B5=0,"",IFERROR(VLOOKUP(B5,'S-ASIG-01'!$B$5:$E$88,2,0),0)) -> G01 | D5: =IF(B5=0,"",IFERROR(SUMIF(G5:M5,">0",G5:M5)/COUNTIF(G5:M5,">0"),0)) -> 4.508 | E5: =IF(B5=0,"",IFERROR(SUMIF(O5:U5,">0",O5:U5)/COUNTIF(O5:U5,">0"),0)) -> 4.61 | G5: =IF(B5=0,"",IFERROR(VLOOKUP(B5,'S-ASIG-01'!$B$5:$E$88,4,0),0)) -> 4.25 | H5: =IF(B5=0,"",IFERROR(VLOOKUP(B5,'S-ASIG-02'!$B$5:$E$88,4,0),0)) -> 4.5 | I5: =IF(B5=0,"",IFERROR(VLOOKUP(B5,'S-ASIG-03'!$B$5:$E$88,4,0),0)) -> 4.5 | J5: =IF(B5=0,"",IFERROR(VLOOKUP(B5,'S-ASIG-04'!$B$5:$E$88,4,0),0)) -> 4.74 | K5: =IF(B5=0,"",IFERROR(VLOOKUP(B5,'S-ASIG-05'!$B$5:$E$88,4,0),0)) -> 4.55 | L5: =IF(B5=0,"",IFERROR(VLOOKUP(B5,'S-ASIG-06'!$B$5:$E$88,4,0),0)) -> 0 | M5: =IF(B5=0,"",IFERROR(VLOOKUP(B5,'S-ASIG-07'!$B$5:$E$88,4,0),0)) -> 0 | N5: S | O5: =IF(B5=0,"",IFERROR(VLOOKUP(B5,'T-ASIG-01'!$B$5:$D$88,3,0),0)) -> 4.6 | P5: =IF(B5=0,"",IFERROR(VLOOKUP(B5,'T-ASIG-02'!$B$5:$D$88,3,0),0)) -> 4.6 | Q5: =IF(B5=0,"",IFERROR(VLOOKUP(B5,'T-ASIG-03'!$B$5:$D$88,3,0),0)) -> 4.5 | R5: =IF(B5=0,"",IFERROR(VLOOKUP(B5,'T-ASIG-04'!$B$5:$D$88,3,0),0)) -> 4.7 | S5: =IF(B5=0,"",IFERROR(VLOOKUP(B5,'T-ASIG-05'!$B$5:$D$88,3,0),0)) -> 4.65 | T5: =IF(B5=0,"",IFERROR(VLOOKUP(B5,'T-ASIG-06'!$B$5:$D$88,3,0),0)) -> 0 | U5: =IF(B5=0,"",IFERROR(VLOOKUP(B5,'T-ASIG-07'!$B$5:$D$88,3,0),0)) -> 0 | V5: T
A6: 2 | B6: =LIDER!C10 -> YINA MARCELA PÉREZ PINEDA | C6: =IF(B6=0,"",IFERROR(VLOOKUP(B6,'S-ASIG-01'!$B$5:$E$88,2,0),0)) -> G01 | D6: =IF(B6=0,"",IFERROR(SUMIF(G6:M6,">0",G6:M6)/COUNTIF(G6:M6,">0"),0)) -> 4.508 | E6: =IF(B6=0,"",IFERROR(SUMIF(O6:U6,">0",O6:U6)/COUNTIF(O6:U6,">0"),0)) -> 4.61 | G6: =IF(B6=0,"",IFERROR(VLOOKUP(B6,'S-ASIG-01'!$B$5:$E$88,4,0),0)) -> 4.25 | H6: =IF(B6=0,"",IFERROR(VLOOKUP(B6,'S-ASIG-02'!$B$5:$E$88,4,0),0)) -> 4.5 | I6: =IF(B6=0,"",IFERROR(VLOOKUP(B6,'S-ASIG-03'!$B$5:$E$88,4,0),0)) -> 4.5 | J6: =IF(B6=0,"",IFERROR(VLOOKUP(B6,'S-ASIG-04'!$B$5:$E$88,4,0),0)) -> 4.74 | K6: =IF(B6=0,"",IFERROR(VLOOKUP(B6,'S-ASIG-05'!$B$5:$E$88,4,0),0)) -> 4.55 | L6: =IF(B6=0,"",IFERROR(VLOOKUP(B6,'S-ASIG-06'!$B$5:$E$88,4,0),0)) -> 0 | M6: =IF(B6=0,"",IFERROR(VLOOKUP(B6,'S-ASIG-07'!$B$5:$E$88,4,0),0)) -> 0 | N6: S | O6: =IF(B6=0,"",IFERROR(VLOOKUP(B6,'T-ASIG-01'!$B$5:$D$88,3,0),0)) -> 4.6 | P6: =IF(B6=0,"",IFERROR(VLOOKUP(B6,'T-ASIG-02'!$B$5:$D$88,3,0),0)) -> 4.6 | Q6: =IF(B6=0,"",IFERROR(VLOOKUP(B6,'T-ASIG-03'!$B$5:$D$88,3,0),0)) -> 4.5 | R6: =IF(B6=0,"",IFERROR(VLOOKUP(B6,'T-ASIG-04'!$B$5:$D$88,3,0),0)) -> 4.7 | S6: =IF(B6=0,"",IFERROR(VLOOKUP(B6,'T-ASIG-05'!$B$5:$D$88,3,0),0)) -> 4.65 | T6: =IF(B6=0,"",IFERROR(VLOOKUP(B6,'T-ASIG-06'!$B$5:$D$88,3,0),0)) -> 0 | U6: =IF(B6=0,"",IFERROR(VLOOKUP(B6,'T-ASIG-07'!$B$5:$D$88,3,0),0)) -> 0 | V6: T
A7: 3 | B7: =LIDER!C11 -> JABES ELIAS ROSERO VILLA | C7: =IF(B7=0,"",IFERROR(VLOOKUP(B7,'S-ASIG-01'!$B$5:$E$88,2,0),0)) -> G01 | D7: =IF(B7=0,"",IFERROR(SUMIF(G7:M7,">0",G7:M7)/COUNTIF(G7:M7,">0"),0)) -> 4.508 | E7: =IF(B7=0,"",IFERROR(SUMIF(O7:U7,">0",O7:U7)/COUNTIF(O7:U7,">0"),0)) -> 4.61 | G7: =IF(B7=0,"",IFERROR(VLOOKUP(B7,'S-ASIG-01'!$B$5:$E$88,4,0),0)) -> 4.25 | H7: =IF(B7=0,"",IFERROR(VLOOKUP(B7,'S-ASIG-02'!$B$5:$E$88,4,0),0)) -> 4.5 | I7: =IF(B7=0,"",IFERROR(VLOOKUP(B7,'S-ASIG-03'!$B$5:$E$88,4,0),0)) -> 4.5 | J7: =IF(B7=0,"",IFERROR(VLOOKUP(B7,'S-ASIG-04'!$B$5:$E$88,4,0),0)) -> 4.74 | K7: =IF(B7=0,"",IFERROR(VLOOKUP(B7,'S-ASIG-05'!$B$5:$E$88,4,0),0)) -> 4.55 | L7: =IF(B7=0,"",IFERROR(VLOOKUP(B7,'S-ASIG-06'!$B$5:$E$88,4,0),0)) -> 0 | M7: =IF(B7=0,"",IFERROR(VLOOKUP(B7,'S-ASIG-07'!$B$5:$E$88,4,0),0)) -> 0 | N7: S | O7: =IF(B7=0,"",IFERROR(VLOOKUP(B7,'T-ASIG-01'!$B$5:$D$88,3,0),0)) -> 4.6 | P7: =IF(B7=0,"",IFERROR(VLOOKUP(B7,'T-ASIG-02'!$B$5:$D$88,3,0),0)) -> 4.6 | Q7: =IF(B7=0,"",IFERROR(VLOOKUP(B7,'T-ASIG-03'!$B$5:$D$88,3,0),0)) -> 4.5 | R7: =IF(B7=0,"",IFERROR(VLOOKUP(B7,'T-ASIG-04'!$B$5:$D$88,3,0),0)) -> 4.7 | S7: =IF(B7=0,"",IFERROR(VLOOKUP(B7,'T-ASIG-05'!$B$5:$D$88,3,0),0)) -> 4.65 | T7: =IF(B7=0,"",IFERROR(VLOOKUP(B7,'T-ASIG-06'!$B$5:$D$88,3,0),0)) -> 0 | U7: =IF(B7=0,"",IFERROR(VLOOKUP(B7,'T-ASIG-07'!$B$5:$D$88,3,0),0)) -> 0 | V7: T
A8: 4 | B8: =LIDER!C12 -> ISAIAS FERNANDO SALCEDO CAICEDO | C8: =IF(B8=0,"",IFERROR(VLOOKUP(B8,'S-ASIG-01'!$B$5:$E$88,2,0),0)) -> G01 | D8: =IF(B8=0,"",IFERROR(SUMIF(G8:M8,">0",G8:M8)/COUNTIF(G8:M8,">0"),0)) -> 4.508 | E8: =IF(B8=0,"",IFERROR(SUMIF(O8:U8,">0",O8:U8)/COUNTIF(O8:U8,">0"),0)) -> 4.61 | G8: =IF(B8=0,"",IFERROR(VLOOKUP(B8,'S-ASIG-01'!$B$5:$E$88,4,0),0)) -> 4.25 | H8: =IF(B8=0,"",IFERROR(VLOOKUP(B8,'S-ASIG-02'!$B$5:$E$88,4,0),0)) -> 4.5 | I8: =IF(B8=0,"",IFERROR(VLOOKUP(B8,'S-ASIG-03'!$B$5:$E$88,4,0),0)) -> 4.5 | J8: =IF(B8=0,"",IFERROR(VLOOKUP(B8,'S-ASIG-04'!$B$5:$E$88,4,0),0)) -> 4.74 | K8: =IF(B8=0,"",IFERROR(VLOOKUP(B8,'S-ASIG-05'!$B$5:$E$88,4,0),0)) -> 4.55 | L8: =IF(B8=0,"",IFERROR(VLOOKUP(B8,'S-ASIG-06'!$B$5:$E$88,4,0),0)) -> 0 | M8: =IF(B8=0,"",IFERROR(VLOOKUP(B8,'S-ASIG-07'!$B$5:$E$88,4,0),0)) -> 0 | N8: S | O8: =IF(B8=0,"",IFERROR(VLOOKUP(B8,'T-ASIG-01'!$B$5:$D$88,3,0),0)) -> 4.6 | P8: =IF(B8=0,"",IFERROR(VLOOKUP(B8,'T-ASIG-02'!$B$5:$D$88,3,0),0)) -> 4.6 | Q8: =IF(B8=0,"",IFERROR(VLOOKUP(B8,'T-ASIG-03'!$B$5:$D$88,3,0),0)) -> 4.5 | R8: =IF(B8=0,"",IFERROR(VLOOKUP(B8,'T-ASIG-04'!$B$5:$D$88,3,0),0)) -> 4.7 | S8: =IF(B8=0,"",IFERROR(VLOOKUP(B8,'T-ASIG-05'!$B$5:$D$88,3,0),0)) -> 4.65 | T8: =IF(B8=0,"",IFERROR(VLOOKUP(B8,'T-ASIG-06'!$B$5:$D$88,3,0),0)) -> 0 | U8: =IF(B8=0,"",IFERROR(VLOOKUP(B8,'T-ASIG-07'!$B$5:$D$88,3,0),0)) -> 0 | V8: T
A9: 5 | B9: =LIDER!C13 -> JORGE ALBERTO BATISTA TABORDA | C9: =IF(B9=0,"",IFERROR(VLOOKUP(B9,'S-ASIG-01'!$B$5:$E$88,2,0),0)) -> G02 | D9: =IF(B9=0,"",IFERROR(SUMIF(G9:M9,">0",G9:M9)/COUNTIF(G9:M9,">0"),0)) -> 3.924 | E9: =IF(B9=0,"",IFERROR(SUMIF(O9:U9,">0",O9:U9)/COUNTIF(O9:U9,">0"),0)) -> 3.93 | G9: =IF(B9=0,"",IFERROR(VLOOKUP(B9,'S-ASIG-01'!$B$5:$E$88,4,0),0)) -> 3.84 | H9: =IF(B9=0,"",IFERROR(VLOOKUP(B9,'S-ASIG-02'!$B$5:$E$88,4,0),0)) -> 4 | I9: =IF(B9=0,"",IFERROR(VLOOKUP(B9,'S-ASIG-03'!$B$5:$E$88,4,0),0)) -> 4.2 | J9: =IF(B9=0,"",IFERROR(VLOOKUP(B9,'S-ASIG-04'!$B$5:$E$88,4,0),0)) -> 3.46 | K9: =IF(B9=0,"",IFERROR(VLOOKUP(B9,'S-ASIG-05'!$B$5:$E$88,4,0),0)) -> 4.12 | L9: =IF(B9=0,"",IFERROR(VLOOKUP(B9,'S-ASIG-06'!$B$5:$E$88,4,0),0)) -> 0 | M9: =IF(B9=0,"",IFERROR(VLOOKUP(B9,'S-ASIG-07'!$B$5:$E$88,4,0),0)) -> 0 | N9: S | O9: =IF(B9=0,"",IFERROR(VLOOKUP(B9,'T-ASIG-01'!$B$5:$D$88,3,0),0)) -> 4.05 | P9: =IF(B9=0,"",IFERROR(VLOOKUP(B9,'T-ASIG-02'!$B$5:$D$88,3,0),0)) -> 3.75 | Q9: =IF(B9=0,"",IFERROR(VLOOKUP(B9,'T-ASIG-03'!$B$5:$D$88,3,0),0)) -> 4.1 | R9: =IF(B9=0,"",IFERROR(VLOOKUP(B9,'T-ASIG-04'!$B$5:$D$88,3,0),0)) -> 3.5 | S9: =IF(B9=0,"",IFERROR(VLOOKUP(B9,'T-ASIG-05'!$B$5:$D$88,3,0),0)) -> 4.25 | T9: =IF(B9=0,"",IFERROR(VLOOKUP(B9,'T-ASIG-06'!$B$5:$D$88,3,0),0)) -> 0 | U9: =IF(B9=0,"",IFERROR(VLOOKUP(B9,'T-ASIG-07'!$B$5:$D$88,3,0),0)) -> 0 | V9: T
A10: 6 | B10: =LIDER!C14 -> JEREMY MACOLL DIAZ PEREZ | C10: =IF(B10=0,"",IFERROR(VLOOKUP(B10,'S-ASIG-01'!$B$5:$E$88,2,0),0)) -> G02 | D10: =IF(B10=0,"",IFERROR(SUMIF(G10:M10,">0",G10:M10)/COUNTIF(G10:M10,">0"),0)) -> 3.924 | E10: =IF(B10=0,"",IFERROR(SUMIF(O10:U10,">0",O10:U10)/COUNTIF(O10:U10,">0"),0)) -> 3.93 | G10: =IF(B10=0,"",IFERROR(VLOOKUP(B10,'S-ASIG-01'!$B$5:$E$88,4,0),0)) -> 3.84 | H10: =IF(B10=0,"",IFERROR(VLOOKUP(B10,'S-ASIG-02'!$B$5:$E$88,4,0),0)) -> 4 | I10: =IF(B10=0,"",IFERROR(VLOOKUP(B10,'S-ASIG-03'!$B$5:$E$88,4,0),0)) -> 4.2 | J10: =IF(B10=0,"",IFERROR(VLOOKUP(B10,'S-ASIG-04'!$B$5:$E$88,4,0),0)) -> 3.46 | K10: =IF(B10=0,"",IFERROR(VLOOKUP(B10,'S-ASIG-05'!$B$5:$E$88,4,0),0)) -> 4.12 | L10: =IF(B10=0,"",IFERROR(VLOOKUP(B10,'S-ASIG-06'!$B$5:$E$88,4,0),0)) -> 0 | M10: =IF(B10=0,"",IFERROR(VLOOKUP(B10,'S-ASIG-07'!$B$5:$E$88,4,0),0)) -> 0 | N10: S | O10: =IF(B10=0,"",IFERROR(VLOOKUP(B10,'T-ASIG-01'!$B$5:$D$88,3,0),0)) -> 4.05 | P10: =IF(B10=0,"",IFERROR(VLOOKUP(B10,'T-ASIG-02'!$B$5:$D$88,3,0),0)) -> 3.75 | Q10: =IF(B10=0,"",IFERROR(VLOOKUP(B10,'T-ASIG-03'!$B$5:$D$88,3,0),0)) -> 4.1 | R10: =IF(B10=0,"",IFERROR(VLOOKUP(B10,'T-ASIG-04'!$B$5:$D$88,3,0),0)) -> 3.5 | S10: =IF(B10=0,"",IFERROR(VLOOKUP(B10,'T-ASIG-05'!$B$5:$D$88,3,0),0)) -> 4.25 | T10: =IF(B10=0,"",IFERROR(VLOOKUP(B10,'T-ASIG-06'!$B$5:$D$88,3,0),0)) -> 0 | U10: =IF(B10=0,"",IFERROR(VLOOKUP(B10,'T-ASIG-07'!$B$5:$D$88,3,0),0)) -> 0 | V10: T
A11: 7 | B11: =LIDER!C15 -> DARIANY PEÑARANDA LLACH | C11: =IF(B11=0,"",IFERROR(VLOOKUP(B11,'S-ASIG-01'!$B$5:$E$88,2,0),0)) -> G02 | D11: =IF(B11=0,"",IFERROR(SUMIF(G11:M11,">0",G11:M11)/COUNTIF(G11:M11,">0"),0)) -> 3.924 | E11: =IF(B11=0,"",IFERROR(SUMIF(O11:U11,">0",O11:U11)/COUNTIF(O11:U11,">0"),0)) -> 3.93 | G11: =IF(B11=0,"",IFERROR(VLOOKUP(B11,'S-ASIG-01'!$B$5:$E$88,4,0),0)) -> 3.84 | H11: =IF(B11=0,"",IFERROR(VLOOKUP(B11,'S-ASIG-02'!$B$5:$E$88,4,0),0)) -> 4 | I11: =IF(B11=0,"",IFERROR(VLOOKUP(B11,'S-ASIG-03'!$B$5:$E$88,4,0),0)) -> 4.2 | J11: =IF(B11=0,"",IFERROR(VLOOKUP(B11,'S-ASIG-04'!$B$5:$E$88,4,0),0)) -> 3.46 | K11: =IF(B11=0,"",IFERROR(VLOOKUP(B11,'S-ASIG-05'!$B$5:$E$88,4,0),0)) -> 4.12 | L11: =IF(B11=0,"",IFERROR(VLOOKUP(B11,'S-ASIG-06'!$B$5:$E$88,4,0),0)) -> 0 | M11: =IF(B11=0,"",IFERROR(VLOOKUP(B11,'S-ASIG-07'!$B$5:$E$88,4,0),0)) -> 0 | N11: S | O11: =IF(B11=0,"",IFERROR(VLOOKUP(B11,'T-ASIG-01'!$B$5:$D$88,3,0),0)) -> 4.05 | P11: =IF(B11=0,"",IFERROR(VLOOKUP(B11,'T-ASIG-02'!$B$5:$D$88,3,0),0)) -> 3.75 | Q11: =IF(B11=0,"",IFERROR(VLOOKUP(B11,'T-ASIG-03'!$B$5:$D$88,3,0),0)) -> 4.1 | R11: =IF(B11=0,"",IFERROR(VLOOKUP(B11,'T-ASIG-04'!$B$5:$D$88,3,0),0)) -> 3.5 | S11: =IF(B11=0,"",IFERROR(VLOOKUP(B11,'T-ASIG-05'!$B$5:$D$88,3,0),0)) -> 4.25 | T11: =IF(B11=0,"",IFERROR(VLOOKUP(B11,'T-ASIG-06'!$B$5:$D$88,3,0),0)) -> 0 | U11: =IF(B11=0,"",IFERROR(VLOOKUP(B11,'T-ASIG-07'!$B$5:$D$88,3,0),0)) -> 0 | V11: T
A12: 8 | B12: =LIDER!C16 -> MARIANGEL ROMERO VANEGAS | C12: =IF(B12=0,"",IFERROR(VLOOKUP(B12,'S-ASIG-01'!$B$5:$E$88,2,0),0)) -> G02 | D12: =IF(B12=0,"",IFERROR(SUMIF(G12:M12,">0",G12:M12)/COUNTIF(G12:M12,">0"),0)) -> 3.924 | E12: =IF(B12=0,"",IFERROR(SUMIF(O12:U12,">0",O12:U12)/COUNTIF(O12:U12,">0"),0)) -> 3.85 | G12: =IF(B12=0,"",IFERROR(VLOOKUP(B12,'S-ASIG-01'!$B$5:$E$88,4,0),0)) -> 3.84 | H12: =IF(B12=0,"",IFERROR(VLOOKUP(B12,'S-ASIG-02'!$B$5:$E$88,4,0),0)) -> 4 | I12: =IF(B12=0,"",IFERROR(VLOOKUP(B12,'S-ASIG-03'!$B$5:$E$88,4,0),0)) -> 4.2 | J12: =IF(B12=0,"",IFERROR(VLOOKUP(B12,'S-ASIG-04'!$B$5:$E$88,4,0),0)) -> 3.46 | K12: =IF(B12=0,"",IFERROR(VLOOKUP(B12,'S-ASIG-05'!$B$5:$E$88,4,0),0)) -> 4.12 | L12: =IF(B12=0,"",IFERROR(VLOOKUP(B12,'S-ASIG-06'!$B$5:$E$88,4,0),0)) -> 0 | M12: =IF(B12=0,"",IFERROR(VLOOKUP(B12,'S-ASIG-07'!$B$5:$E$88,4,0),0)) -> 0 | N12: S | O12: =IF(B12=0,"",IFERROR(VLOOKUP(B12,'T-ASIG-01'!$B$5:$D$88,3,0),0)) -> 4.05 | P12: =IF(B12=0,"",IFERROR(VLOOKUP(B12,'T-ASIG-02'!$B$5:$D$88,3,0),0)) -> 3.75 | Q12: =IF(B12=0,"",IFERROR(VLOOKUP(B12,'T-ASIG-03'!$B$5:$D$88,3,0),0)) -> 4.1 | R12: =IF(B12=0,"",IFERROR(VLOOKUP(B12,'T-ASIG-04'!$B$5:$D$88,3,0),0)) -> 3.5 | S12: =IF(B12=0,"",IFERROR(VLOOKUP(B12,'T-ASIG-05'!$B$5:$D$88,3,0),0)) -> 0 | T12: =IF(B12=0,"",IFERROR(VLOOKUP(B12,'T-ASIG-06'!$B$5:$D$88,3,0),0)) -> 0 | U12: =IF(B12=0,"",IFERROR(VLOOKUP(B12,'T-ASIG-07'!$B$5:$D$88,3,0),0)) -> 0 | V12: T
A13: 9 | B13: =LIDER!C17 -> 0 | C13: =IF(B13=0,"",IFERROR(VLOOKUP(B13,'S-ASIG-01'!$B$5:$E$88,2,0),0)) | D13: =IF(B13=0,"",IFERROR(SUMIF(G13:M13,">0",G13:M13)/COUNTIF(G13:M13,">0"),0)) | E13: =IF(B13=0,"",IFERROR(SUMIF(O13:U13,">0",O13:U13)/COUNTIF(O13:U13,">0"),0)) | G13: =IF(B13=0,"",IFERROR(VLOOKUP(B13,'S-ASIG-01'!$B$5:$E$88,4,0),0)) | H13: =IF(B13=0,"",IFERROR(VLOOKUP(B13,'S-ASIG-02'!$B$5:$E$88,4,0),0)) | I13: =IF(B13=0,"",IFERROR(VLOOKUP(B13,'S-ASIG-03'!$B$5:$E$88,4,0),0)) | J13: =IF(B13=0,"",IFERROR(VLOOKUP(B13,'S-ASIG-04'!$B$5:$E$88,4,0),0)) | K13: =IF(B13=0,"",IFERROR(VLOOKUP(B13,'S-ASIG-05'!$B$5:$E$88,4,0),0)) | L13: =IF(B13=0,"",IFERROR(VLOOKUP(B13,'S-ASIG-06'!$B$5:$E$88,4,0),0)) | M13: =IF(B13=0,"",IFERROR(VLOOKUP(B13,'S-ASIG-07'!$B$5:$E$88,4,0),0)) | N13: S | O13: =IF(B13=0,"",IFERROR(VLOOKUP(B13,'T-ASIG-01'!$B$5:$D$88,3,0),0)) | P13: =IF(B13=0,"",IFERROR(VLOOKUP(B13,'T-ASIG-02'!$B$5:$D$88,3,0),0)) | Q13: =IF(B13=0,"",IFERROR(VLOOKUP(B13,'T-ASIG-03'!$B$5:$D$88,3,0),0)) | R13: =IF(B13=0,"",IFERROR(VLOOKUP(B13,'T-ASIG-04'!$B$5:$D$88,3,0),0)) | S13: =IF(B13=0,"",IFERROR(VLOOKUP(B13,'T-ASIG-05'!$B$5:$D$88,3,0),0)) | T13: =IF(B13=0,"",IFERROR(VLOOKUP(B13,'T-ASIG-06'!$B$5:$D$88,3,0),0)) | U13: =IF(B13=0,"",IFERROR(VLOOKUP(B13,'T-ASIG-07'!$B$5:$D$88,3,0),0)) | V13: T
A14: 10 | B14: =LIDER!C18 -> 0 | C14: =IF(B14=0,"",IFERROR(VLOOKUP(B14,'S-ASIG-01'!$B$5:$E$88,2,0),0)) | D14: =IF(B14=0,"",IFERROR(SUMIF(G14:M14,">0",G14:M14)/COUNTIF(G14:M14,">0"),0)) | E14: =IF(B14=0,"",IFERROR(SUMIF(O14:U14,">0",O14:U14)/COUNTIF(O14:U14,">0"),0)) | G14: =IF(B14=0,"",IFERROR(VLOOKUP(B14,'S-ASIG-01'!$B$5:$E$88,4,0),0)) | H14: =IF(B14=0,"",IFERROR(VLOOKUP(B14,'S-ASIG-02'!$B$5:$E$88,4,0),0)) | I14: =IF(B14=0,"",IFERROR(VLOOKUP(B14,'S-ASIG-03'!$B$5:$E$88,4,0),0)) | J14: =IF(B14=0,"",IFERROR(VLOOKUP(B14,'S-ASIG-04'!$B$5:$E$88,4,0),0)) | K14: =IF(B14=0,"",IFERROR(VLOOKUP(B14,'S-ASIG-05'!$B$5:$E$88,4,0),0)) | L14: =IF(B14=0,"",IFERROR(VLOOKUP(B14,'S-ASIG-06'!$B$5:$E$88,4,0),0)) | M14: =IF(B14=0,"",IFERROR(VLOOKUP(B14,'S-ASIG-07'!$B$5:$E$88,4,0),0)) | N14: S | O14: =IF(B14=0,"",IFERROR(VLOOKUP(B14,'T-ASIG-01'!$B$5:$D$88,3,0),0)) | P14: =IF(B14=0,"",IFERROR(VLOOKUP(B14,'T-ASIG-02'!$B$5:$D$88,3,0),0)) | Q14: =IF(B14=0,"",IFERROR(VLOOKUP(B14,'T-ASIG-03'!$B$5:$D$88,3,0),0)) | R14: =IF(B14=0,"",IFERROR(VLOOKUP(B14,'T-ASIG-04'!$B$5:$D$88,3,0),0)) | S14: =IF(B14=0,"",IFERROR(VLOOKUP(B14,'T-ASIG-05'!$B$5:$D$88,3,0),0)) | T14: =IF(B14=0,"",IFERROR(VLOOKUP(B14,'T-ASIG-06'!$B$5:$D$88,3,0),0)) | U14: =IF(B14=0,"",IFERROR(VLOOKUP(B14,'T-ASIG-07'!$B$5:$D$88,3,0),0)) | V14: T
A15: 11 | B15: =LIDER!C19 -> 0 | C15: =IF(B15=0,"",IFERROR(VLOOKUP(B15,'S-ASIG-01'!$B$5:$E$88,2,0),0)) | D15: =IF(B15=0,"",IFERROR(SUMIF(G15:M15,">0",G15:M15)/COUNTIF(G15:M15,">0"),0)) | E15: =IF(B15=0,"",IFERROR(SUMIF(O15:U15,">0",O15:U15)/COUNTIF(O15:U15,">0"),0)) | G15: =IF(B15=0,"",IFERROR(VLOOKUP(B15,'S-ASIG-01'!$B$5:$E$88,4,0),0)) | H15: =IF(B15=0,"",IFERROR(VLOOKUP(B15,'S-ASIG-02'!$B$5:$E$88,4,0),0)) | I15: =IF(B15=0,"",IFERROR(VLOOKUP(B15,'S-ASIG-03'!$B$5:$E$88,4,0),0)) | J15: =IF(B15=0,"",IFERROR(VLOOKUP(B15,'S-ASIG-04'!$B$5:$E$88,4,0),0)) | K15: =IF(B15=0,"",IFERROR(VLOOKUP(B15,'S-ASIG-05'!$B$5:$E$88,4,0),0)) | L15: =IF(B15=0,"",IFERROR(VLOOKUP(B15,'S-ASIG-06'!$B$5:$E$88,4,0),0)) | M15: =IF(B15=0,"",IFERROR(VLOOKUP(B15,'S-ASIG-07'!$B$5:$E$88,4,0),0)) | N15: S | O15: =IF(B15=0,"",IFERROR(VLOOKUP(B15,'T-ASIG-01'!$B$5:$D$88,3,0),0)) | P15: =IF(B15=0,"",IFERROR(VLOOKUP(B15,'T-ASIG-02'!$B$5:$D$88,3,0),0)) | Q15: =IF(B15=0,"",IFERROR(VLOOKUP(B15,'T-ASIG-03'!$B$5:$D$88,3,0),0)) | R15: =IF(B15=0,"",IFERROR(VLOOKUP(B15,'T-ASIG-04'!$B$5:$D$88,3,0),0)) | S15: =IF(B15=0,"",IFERROR(VLOOKUP(B15,'T-ASIG-05'!$B$5:$D$88,3,0),0)) | T15: =IF(B15=0,"",IFERROR(VLOOKUP(B15,'T-ASIG-06'!$B$5:$D$88,3,0),0)) | U15: =IF(B15=0,"",IFERROR(VLOOKUP(B15,'T-ASIG-07'!$B$5:$D$88,3,0),0)) | V15: T
A16: 12 | B16: =LIDER!C20 -> 0 | C16: =IF(B16=0,"",IFERROR(VLOOKUP(B16,'S-ASIG-01'!$B$5:$E$88,2,0),0)) | D16: =IF(B16=0,"",IFERROR(SUMIF(G16:M16,">0",G16:M16)/COUNTIF(G16:M16,">0"),0)) | E16: =IF(B16=0,"",IFERROR(SUMIF(O16:U16,">0",O16:U16)/COUNTIF(O16:U16,">0"),0)) | G16: =IF(B16=0,"",IFERROR(VLOOKUP(B16,'S-ASIG-01'!$B$5:$E$88,4,0),0)) | H16: =IF(B16=0,"",IFERROR(VLOOKUP(B16,'S-ASIG-02'!$B$5:$E$88,4,0),0)) | I16: =IF(B16=0,"",IFERROR(VLOOKUP(B16,'S-ASIG-03'!$B$5:$E$88,4,0),0)) | J16: =IF(B16=0,"",IFERROR(VLOOKUP(B16,'S-ASIG-04'!$B$5:$E$88,4,0),0)) | K16: =IF(B16=0,"",IFERROR(VLOOKUP(B16,'S-ASIG-05'!$B$5:$E$88,4,0),0)) | L16: =IF(B16=0,"",IFERROR(VLOOKUP(B16,'S-ASIG-06'!$B$5:$E$88,4,0),0)) | M16: =IF(B16=0,"",IFERROR(VLOOKUP(B16,'S-ASIG-07'!$B$5:$E$88,4,0),0)) | N16: S | O16: =IF(B16=0,"",IFERROR(VLOOKUP(B16,'T-ASIG-01'!$B$5:$D$88,3,0),0)) | P16: =IF(B16=0,"",IFERROR(VLOOKUP(B16,'T-ASIG-02'!$B$5:$D$88,3,0),0)) | Q16: =IF(B16=0,"",IFERROR(VLOOKUP(B16,'T-ASIG-03'!$B$5:$D$88,3,0),0)) | R16: =IF(B16=0,"",IFERROR(VLOOKUP(B16,'T-ASIG-04'!$B$5:$D$88,3,0),0)) | S16: =IF(B16=0,"",IFERROR(VLOOKUP(B16,'T-ASIG-05'!$B$5:$D$88,3,0),0)) | T16: =IF(B16=0,"",IFERROR(VLOOKUP(B16,'T-ASIG-06'!$B$5:$D$88,3,0),0)) | U16: =IF(B16=0,"",IFERROR(VLOOKUP(B16,'T-ASIG-07'!$B$5:$D$88,3,0),0)) | V16: T
... A54: 50 | B54: =LIDER!C58 -> 0 | C54: =IF(B54=0,"",IFERROR(VLOOKUP(B54,'S-ASIG-01'!$B$5:$E$88,2,0),0)) | D54: =IF(B54=0,"",IFERROR(SUMIF(G54:M54,">0",G54:M54)/COUNTIF(G54:M54,">0"),0)) | E54: =IF(B54=0,"",IFERROR(SUMIF(O54:U54,">0",O54:U54)/COUNTIF(O54:U54,">0"),0)) | G54: =IF(B54=0,"",IFERROR(VLOOKUP(B54,'S-ASIG-01'!$B$5:$E$88,4,0),0)) | H54: =IF(B54=0,"",IFERROR(VLOOKUP(B54,'S-ASIG-02'!$B$5:$E$88,4,0),0)) | I54: =IF(B54=0,"",IFERROR(VLOOKUP(B54,'S-ASIG-03'!$B$5:$E$88,4,0),0)) | J54: =IF(B54=0,"",IFERROR(VLOOKUP(B54,'S-ASIG-04'!$B$5:$E$88,4,0),0)) | K54: =IF(B54=0,"",IFERROR(VLOOKUP(B54,'S-ASIG-05'!$B$5:$E$88,4,0),0)) | L54: =IF(B54=0,"",IFERROR(VLOOKUP(B54,'S-ASIG-06'!$B$5:$E$88,4,0),0)) | M54: =IF(B54=0,"",IFERROR(VLOOKUP(B54,'S-ASIG-07'!$B$5:$E$88,4,0),0)) | N54: S | O54: =IF(B54=0,"",IFERROR(VLOOKUP(B54,'T-ASIG-01'!$B$5:$D$88,3,0),0)) | P54: =IF(B54=0,"",IFERROR(VLOOKUP(B54,'T-ASIG-02'!$B$5:$D$88,3,0),0)) | Q54: =IF(B54=0,"",IFERROR(VLOOKUP(B54,'T-ASIG-03'!$B$5:$D$88,3,0),0)) | R54: =IF(B54=0,"",IFERROR(VLOOKUP(B54,'T-ASIG-04'!$B$5:$D$88,3,0),0)) | S54: =IF(B54=0,"",IFERROR(VLOOKUP(B54,'T-ASIG-05'!$B$5:$D$88,3,0),0)) | T54: =IF(B54=0,"",IFERROR(VLOOKUP(B54,'T-ASIG-06'!$B$5:$D$88,3,0),0)) | U54: =IF(B54=0,"",IFERROR(VLOOKUP(B54,'T-ASIG-07'!$B$5:$D$88,3,0),0)) | V54: T

Sheet LIDER
B2: TECNOLOGÍA EN GESTIÓN DE NEGOCIOS INTERN | E2: SEMESTRE: | F2: SEM-03 | G2: SECCIÓN: | H2: 2
C3: LIDER | D3: METODOLÓGICO | E3: DISCIPLINAR#3 | F3: DISCIPLINAR#4 | G3: DISCIPLINAR#5 | H3: DISCIPLINAR#6 | I3: DISCIPLINAR#7
C4: MATEMÁTICAS FINANCIERAS | D4: TECNOLOGIA APLICADA | E4: INTERNACIONALIZACION | F4: LEGISLACION PARA EL COMERCIO | G4: MACROECONOMÍA
C5: JAVIER MARTINEZ PEREZ | D5: ARMANDO ACOSTA JULIO | E5: TATIANA MILENA ROJAS AROCA | F5: ANGELICA PAOLA DOMINGUEZ CASTELLAR | G5: GENIS PATRON ANTEQUERA
C6: 1412 | D6: 2388 | E6: 2482 | F6: 2490 | G6: 1532
C8: LISTA DE ESTUDIANTES | E8: SEGUNDA ENTREGA - CRITERIO DE EVALUACIÓN DOCUMENTO - SEGUNDO CORTE | H8: PONDERACIÓN | I8: ADMINISTRACIÓN DE EMPRESAS C.I
B9: 1 | C9: SARA OYOLA MARTINEZ | E9: PRESENTACIÓN GENERAL: Adopta la norma APA, tamaño de la hoja, margenes, titulo, portadas, numeración de paginas, tabla de contenido automatizada, ortografia, justificacion del texto, citas automatizadas, listas, figuras,etc. | H9: 0.2 | I9: ADMINTRACIÓN EN SEGURIDAD Y SALUD EN EL TRABAJO
B10: 2 | C10: YINA MARCELA PÉREZ PINEDA | E10: ANTEPROYECTO: Portada, planteamiento del problema, justificacion del trabajo o proyecto de aula, objetivos, marco teorico, diseño metodologico. | H10: 0.2 | I10: CONTADURÍA PÚBLICA
B11: 3 | C11: JABES ELIAS ROSERO VILLA | E11: RESULTADOS: Analiza, integra y aplica de manera coherente los aspectos legales-tributarios, administrativos y tecnológicos en el desarrollo de la propuesta investigativa, evidenciando capacidad para generar soluciones viables, pertinentes y sostenibles. | H11: 0.3 | I11: NEGOCIOS INTERNACIONALES PROFESIONAL
B12: 4 | C12: ISAIAS FERNANDO SALCEDO CAICEDO | E12: BILIOGRAFIA: Las referencias bibliograficas: adoptan las normas APA. El documento es producto de un rastreo bibliografico que muestra analisis y sistensis. | H12: 0.2 | I12: TECNOLOGÍA EN GESTIÓN DE NEGOCIOS INTERN
B13: 5 | C13: JORGE ALBERTO BATISTA TABORDA | E13: ASESORIAS: Anexó la hoja de tutoria firmada ( 3 fimas minmimo). | H13: 0.1 | I13: TECNOLOGíA EN GESTION CONTABLE
B14: 6 | C14: JEREMY MACOLL DIAZ PEREZ | H14: 0 | I14: TECNOLOGÍA EN GESTIÓN DE MARKETING
B15: 7 | C15: DARIANY PEÑARANDA LLACH | H15: 0 | I15: TECNOLOGÍA EN GESTIÓN DEL TALENTO HUMANO
B16: 8 | C16: MARIANGEL ROMERO VANEGAS | H16: =IF(SUM(H9:H15)>1,"Más del 100%",SUM(H9:H15)) -> 1 | I16: TECNOLOGÍA EN GESTIÓN FINANCIERA
B17: 9 | I17: TECNOLOGÍA EN GESTIÓN LOGISTICA Y PORTUARIA
B18: 10 | E18: ENTREGA FINAL - CRITERIO DE EVALUACIÓN SUSTENTACIÓN - TERCER CORTE | H18: PONDERACIÓN | I18: TECNOLOGÍA EN GESTIÓN TURISTICA Y HOTELERA
B19: 11 | E19: Evaluación del Documento Final | H19: 0.5
B20: 12 | E20: Sustentación de los Resultados: Se refleja un dominio del tema, la información está delimitada y es clara. Hay una jerarquía y fluidez en las ideas que presenta. | H20: 0.2
B21: 13 | E21: Expresión Oral: Se oberva buena vocalización y buen tono de voz durante toda la presentación empleando un lenguaje técnico pertinente con su nivel academico. Su discurso es adecuado en la presentacion de la sustentación de los resultados | H21: 0.1
B22: 14 | E22: Lenguaje no verbal: Tiene una adecuada presentación personal para la ocación, opta por una buena postura y demuestra seguridad en sí mismo(a) durante la sustentación de los resultados. Además, demuestra asertividad y seguridad en las orientaciones o preguntas que hace el colectivo docente | H22: 0.05
B23: 15 | E23: Tiempo: El uso del tiempo fue apropiado, se ajusta al previsto. Ofrece una conclusión donde condensa las ideas principales del objetivo general y los específicos. | H23: 0.05
B24: 16 | E24: Uso de Recursos Audiovisuales Tecnológicos: La sustentación se acompaña de recursos visuales pertinentes, atractivos y de gran calidad | H24: 0.1
B25: 17
B26: 18 | H26: =IF(SUM(H19:H25)>1,"Más del 100%",SUM(H19:H25)) -> 1
B27: 19
B28: 20 | E28: TITULOS DE LOS PROYECTOS DE AULA
B29: 21 | E29: GRUPO#1. Identificación de los aspectos legales, tributarios, administrativos, macroeconómicos, aduaneros, tecnológicos e internacionales que definen el perfil de Yara Colombia S.A. en los negocios internacionales
B30: 22 | E30: GRUPO#2. Identificación de los aspectos legales, tributarios, administrativos, macroeconómicos, aduaneros, tecnológicos e internacionales que definen el perfil de Grupo Familia en los negocios internacionales con enfoque en la exportación hacia Estados Unidos.
B31: 23 | E31: GRUPO#3
B32: 24 | E32: GRUPO#4
B33: 25 | E33: GRUPO#5
B34: 26 | E34: GRUPO#6
B35: 27 | E35: GRUPO#7
B36: 28 | E36: GRUPO#8
B37: 29 | E37: GRUPO#9
B38: 30 | E38: GRUPO#10
B39: 31 | E39: GRUPO#11
B40: 32 | E40: GRUPO#12
B41: 33
B42: 34 | E42: =MID(E29,1,20) -> GRUPO#1. Identificac | F42: =MID(E30,1,20) -> GRUPO#2. Identificac | G42: =MID(E31,1,20) -> GRUPO#3 | H42: =MID(E32,1,20) -> GRUPO#4
B43: 35 | E43: SARA OYOLA MARTINEZ | F43: JORGE ALBERTO BATISTA TABORDA
B44: 36 | E44: YINA MARCELA PÉREZ PINEDA | F44: JEREMY MACOLL DIAZ PEREZ
B45: 37 | E45: JABES ELIAS ROSERO VILLA | F45: DARIANY PEÑARANDA LLACH
B46: 38 | E46: ISAIAS FERNANDO SALCEDO CAICEDO | F46: MARIANGEL ROMERO VANEGAS
B47: 39
B48: 40
B49: 41
B50: 42 | E50: =MID(E33,1,20) -> GRUPO#5 | F50: =MID(E34,1,20) -> GRUPO#6 | G50: =MID(E35,1,20) -> GRUPO#7 | H50: =MID(E36,1,20) -> GRUPO#8
B51: 43
B52: 44
B53: 45
B54: 46
B55: 47
B56: 48
B57: 49
B58: 50 | E58: =MID(E37,1,20) -> GRUPO#9 | F58: =MID(E38,1,20) -> GRUPO#10 | G58: =MID(E39,1,20) -> GRUPO#11 | H58: =MID(E40,1,20) -> GRUPO#12

Sheet S-ASIG-01
A1: =LIDER!B2 -> TECNOLOGÍA EN GESTIÓN DE NEGOCIOS INTERN | I1: =LIDER!E2 -> SEMESTRE: | J1: =LIDER!F2 -> SEM-03 | K1: =LIDER!G2 -> SECCIÓN: | L1: =LIDER!H2 -> 2
B2: =LIDER!C4 -> MATEMÁTICAS FINANCIERAS | F2: CRITERIOS DE EVALUACIÓN
B3: Estudiantes | F3: =LIDER!E9 -> PRESENTACIÓN GENERAL: Adopta la norma APA, tamaño de la hoja, margenes, titulo, portadas, numeración de paginas, tabla de contenido automatizada, ortografia, justificacion del texto, citas automatizadas, listas, figuras,etc. | G3: =LIDER!E10 -> ANTEPROYECTO: Portada, planteamiento del problema, justificacion del trabajo o proyecto de aula, objetivos, marco teorico, diseño metodologico. | H3: =LIDER!E11 -> RESULTADOS: Analiza, integra y aplica de manera coherente los aspectos legales-tributarios, administrativos y tecnológicos en el desarrollo de la propuesta investigativa, evidenciando capacidad para generar soluciones viables, pertinentes y sostenibles. | I3: =LIDER!E12 -> BILIOGRAFIA: Las referencias bibliograficas: adoptan las normas APA. El documento es producto de un rastreo bibliografico que muestra analisis y sistensis. | J3: =LIDER!E13 -> ASESORIAS: Anexó la hoja de tutoria firmada ( 3 fimas minmimo). | K3: =LIDER!E14 -> 0 | L3: =LIDER!E15 -> 0
F4: =CONCATENATE(LIDER!C4," - ",LIDER!C6," - ",LIDER!C5) -> MATEMÁTICAS FINANCIERAS - 1412 - JAVIER MARTINEZ PEREZ
B5: GRUPO#1 | C5: G01 | D5: LIST | E5: DEF | F5: =LIDER!$E$29 -> GRUPO#1. Identificación de los aspectos legales, tributarios, administrativos, macroeconómicos, aduaneros, tecnológicos e internacionales que definen el perfil de Yara Colombia S.A. en los negocios internacionales
A6: 1 | B6: =LIDER!E43 -> SARA OYOLA MARTINEZ | C6: =C5 -> G01 | E6: =IF(B6=0,0,IF(D6="",$F$6*LIDER!$H$9+$G$6*LIDER!$H$10+$H$6*LIDER!$H$11+$I$6*LIDER!$H$12+$J$6*LIDER!$H$13+$K$6*LIDER!$H$14+$L$6*LIDER!$H$15,"N")) -> 4.25 | F6: 4.5 | G6: 4 | H6: 4.5 | I6: 4 | J6: 4
A7: 2 | B7: =LIDER!E44 -> YINA MARCELA PÉREZ PINEDA | C7: =C6 -> G01 | E7: =IF(B7=0,0,IF(D7="",$F$6*LIDER!$H$9+$G$6*LIDER!$H$10+$H$6*LIDER!$H$11+$I$6*LIDER!$H$12+$J$6*LIDER!$H$13+$K$6*LIDER!$H$14+$L$6*LIDER!$H$15,"N")) -> 4.25
A8: 3 | B8: =LIDER!E45 -> JABES ELIAS ROSERO VILLA | C8: =C7 -> G01 | E8: =IF(B8=0,0,IF(D8="",$F$6*LIDER!$H$9+$G$6*LIDER!$H$10+$H$6*LIDER!$H$11+$I$6*LIDER!$H$12+$J$6*LIDER!$H$13+$K$6*LIDER!$H$14+$L$6*LIDER!$H$15,"N")) -> 4.25
A9: 4 | B9: =LIDER!E46 -> ISAIAS FERNANDO SALCEDO CAICEDO | C9: =C8 -> G01 | E9: =IF(B9=0,0,IF(D9="",$F$6*LIDER!$H$9+$G$6*LIDER!$H$10+$H$6*LIDER!$H$11+$I$6*LIDER!$H$12+$J$6*LIDER!$H$13+$K$6*LIDER!$H$14+$L$6*LIDER!$H$15,"N")) -> 4.25
A10: 5 | B10: =LIDER!E47 -> 0 | C10: =C9 -> G01 | E10: =IF(B10=0,0,IF(D10="",$F$6*LIDER!$H$9+$G$6*LIDER!$H$10+$H$6*LIDER!$H$11+$I$6*LIDER!$H$12+$J$6*LIDER!$H$13+$K$6*LIDER!$H$14+$L$6*LIDER!$H$15,"N")) -> 0
A11: 6 | B11: =LIDER!E48 -> 0 | C11: =C10 -> G01 | E11: =IF(B11=0,0,IF(D11="",$F$6*LIDER!$H$9+$G$6*LIDER!$H$10+$H$6*LIDER!$H$11+$I$6*LIDER!$H$12+$J$6*LIDER!$H$13+$K$6*LIDER!$H$14+$L$6*LIDER!$H$15,"N")) -> 0
B12: GRUPO#2 | C12: G02 | D12: =D5 -> LIST | E12: DEF | F12: =LIDER!$E$30 -> GRUPO#2. Identificación de los aspectos legales, tributarios, administrativos, macroeconómicos, aduaneros, tecnológicos e internacionales que definen el perfil de Grupo Familia en los negocios internacionales con enfoque en la exportación hacia Estados Unidos.
A13: 1 | B13: =LIDER!F43 -> JORGE ALBERTO BATISTA TABORDA | C13: =C12 -> G02 | E13: =IF(B13=0,0,IF(D13="",$F$13*LIDER!$H$9+$G$13*LIDER!$H$10+$H$13*LIDER!$H$11+$I$13*LIDER!$H$12+$J$13*LIDER!$H$13+$K$13*LIDER!$H$14+$L$13*LIDER!$H$15,"N")) -> 3.84 | F13: 3.5 | G13: 4 | H13: 3.8 | I13: 4 | J13: 4
A14: 2 | B14: =LIDER!F44 -> JEREMY MACOLL DIAZ PEREZ | C14: =C13 -> G02 | E14: =IF(B14=0,0,IF(D14="",$F$13*LIDER!$H$9+$G$13*LIDER!$H$10+$H$13*LIDER!$H$11+$I$13*LIDER!$H$12+$J$13*LIDER!$H$13+$K$13*LIDER!$H$14+$L$13*LIDER!$H$15,"N")) -> 3.84
A15: 3 | B15: =LIDER!F45 -> DARIANY PEÑARANDA LLACH | C15: =C14 -> G02 | E15: =IF(B15=0,0,IF(D15="",$F$13*LIDER!$H$9+$G$13*LIDER!$H$10+$H$13*LIDER!$H$11+$I$13*LIDER!$H$12+$J$13*LIDER!$H$13+$K$13*LIDER!$H$14+$L$13*LIDER!$H$15,"N")) -> 3.84
A16: 4 | B16: =LIDER!F46 -> MARIANGEL ROMERO VANEGAS | C16: =C15 -> G02 | E16: =IF(B16=0,0,IF(D16="",$F$13*LIDER!$H$9+$G$13*LIDER!$H$10+$H$13*LIDER!$H$11+$I$13*LIDER!$H$12+$J$13*LIDER!$H$13+$K$13*LIDER!$H$14+$L$13*LIDER!$H$15,"N")) -> 3.84
A17: 5 | B17: =LIDER!F47 -> 0 | C17: =C16 -> G02 | E17: =IF(B17=0,0,IF(D17="",$F$13*LIDER!$H$9+$G$13*LIDER!$H$10+$H$13*LIDER!$H$11+$I$13*LIDER!$H$12+$J$13*LIDER!$H$13+$K$13*LIDER!$H$14+$L$13*LIDER!$H$15,"N")) -> 0
A18: 6 | B18: =LIDER!F48 -> 0 | C18: =C17 -> G02 | E18: =IF(B18=0,0,IF(D18="",$F$13*LIDER!$H$9+$G$13*LIDER!$H$10+$H$13*LIDER!$H$11+$I$13*LIDER!$H$12+$J$13*LIDER!$H$13+$K$13*LIDER!$H$14+$L$13*LIDER!$H$15,"N")) -> 0
B19: GRUPO#3 | C19: G03 | D19: =D12 -> LIST | E19: DEF | F19: =LIDER!$E$31 -> GRUPO#3
A20: 1 | B20: =LIDER!G43 -> 0 | C20: =C19 -> G03 | E20: =IF(B20=0,0,IF(D20="",$F$20*LIDER!$H$9+$G$20*LIDER!$H$10+$H$20*LIDER!$H$11+$I$20*LIDER!$H$12+$J$20*LIDER!$H$13+$K$20*LIDER!$H$14+$L$20*LIDER!$H$15,"N")) -> 0
A21: 2 | B21: =LIDER!G44 -> 0 | C21: =C20 -> G03 | E21: =IF(B21=0,0,IF(D21="",$F$20*LIDER!$H$9+$G$20*LIDER!$H$10+$H$20*LIDER!$H$11+$I$20*LIDER!$H$12+$J$20*LIDER!$H$13+$K$20*LIDER!$H$14+$L$20*LIDER!$H$15,"N")) -> 0
A22: 3 | B22: =LIDER!G45 -> 0 | C22: =C21 -> G03 | E22: =IF(B22=0,0,IF(D22="",$F$20*LIDER!$H$9+$G$20*LIDER!$H$10+$H$20*LIDER!$H$11+$I$20*LIDER!$H$12+$J$20*LIDER!$H$13+$K$20*LIDER!$H$14+$L$20*LIDER!$H$15,"N")) -> 0
A23: 4 | B23: =LIDER!G46 -> 0 | C23: =C22 -> G03 | E23: =IF(B23=0,0,IF(D23="",$F$20*LIDER!$H$9+$G$20*LIDER!$H$10+$H$20*LIDER!$H$11+$I$20*LIDER!$H$12+$J$20*LIDER!$H$13+$K$20*LIDER!$H$14+$L$20*LIDER!$H$15,"N")) -> 0
A24: 5 | B24: =LIDER!G47 -> 0 | C24: =C23 -> G03 | E24: =IF(B24=0,0,IF(D24="",$F$20*LIDER!$H$9+$G$20*LIDER!$H$10+$H$20*LIDER!$H$11+$I$20*LIDER!$H$12+$J$20*LIDER!$H$13+$K$20*LIDER!$H$14+$L$20*LIDER!$H$15,"N")) -> 0
A25: 6 | B25: =LIDER!G48 -> 0 | C25: =C24 -> G03 | E25: =IF(B25=0,0,IF(D25="",$F$20*LIDER!$H$9+$G$20*LIDER!$H$10+$H$20*LIDER!$H$11+$I$20*LIDER!$H$12+$J$20*LIDER!$H$13+$K$20*LIDER!$H$14+$L$20*LIDER!$H$15,"N")) -> 0
B26: GRUPO#4 | C26: G04 | D26: =D19 -> LIST | E26: DEF | F26: =LIDER!$E$32 -> GRUPO#4
A27: 1 | B27: =LIDER!H43 -> 0 | C27: =C26 -> G04 | E27: =IF(B27=0,0,IF(D27="",$F$27*LIDER!$H$9+$G$27*LIDER!$H$10+$H$27*LIDER!$H$11+$I$27*LIDER!$H$12+$J$27*LIDER!$H$13+$K$27*LIDER!$H$14+$L$27*LIDER!$H$15,"N")) -> 0
A28: 2 | B28: =LIDER!H44 -> 0 | C28: =C27 -> G04 | E28: =IF(B28=0,0,IF(D28="",$F$27*LIDER!$H$9+$G$27*LIDER!$H$10+$H$27*LIDER!$H$11+$I$27*LIDER!$H$12+$J$27*LIDER!$H$13+$K$27*LIDER!$H$14+$L$27*LIDER!$H$15,"N")) -> 0
A29: 3 | B29: =LIDER!H45 -> 0 | C29: =C28 -> G04 | E29: =IF(B29=0,0,IF(D29="",$F$27*LIDER!$H$9+$G$27*LIDER!$H$10+$H$27*LIDER!$H$11+$I$27*LIDER!$H$12+$J$27*LIDER!$H$13+$K$27*LIDER!$H$14+$L$27*LIDER!$H$15,"N")) -> 0
A30: 4 | B30: =LIDER!H46 -> 0 | C30: =C29 -> G04 | E30: =IF(B30=0,0,IF(D30="",$F$27*LIDER!$H$9+$G$27*LIDER!$H$10+$H$27*LIDER!$H$11+$I$27*LIDER!$H$12+$J$27*LIDER!$H$13+$K$27*LIDER!$H$14+$L$27*LIDER!$H$15,"N")) -> 0
A31: 5 | B31: =LIDER!H47 -> 0 | C31: =C30 -> G04 | E31: =IF(B31=0,0,IF(D31="",$F$27*LIDER!$H$9+$G$27*LIDER!$H$10+$H$27*LIDER!$H$11+$I$27*LIDER!$H$12+$J$27*LIDER!$H$13+$K$27*LIDER!$H$14+$L$27*LIDER!$H$15,"N")) -> 0
A32: 6 | B32: =LIDER!H48 -> 0 | C32: =C31 -> G04 | E32: =IF(B32=0,0,IF(D32="",$F$27*LIDER!$H$9+$G$27*LIDER!$H$10+$H$27*LIDER!$H$11+$I$27*LIDER!$H$12+$J$27*LIDER!$H$13+$K$27*LIDER!$H$14+$L$27*LIDER!$H$15,"N")) -> 0
B33: GRUPO#5 | C33: G05 | D33: =D26 -> LIST | E33: DEF | F33: =LIDER!$E$33 -> GRUPO#5
A34: 1 | B34: =LIDER!E51 -> 0 | C34: =C33 -> G05 | E34: =IF(B34=0,0,IF(D34="",$F$34*LIDER!$H$9+$G$34*LIDER!$H$10+$H$34*LIDER!$H$11+$I$34*LIDER!$H$12+$J$34*LIDER!$H$13+$K$34*LIDER!$H$14+$L$34*LIDER!$H$15,"N")) -> 0
A35: 2 | B35: =LIDER!E52 -> 0 | C35: =C34 -> G05 | E35: =IF(B35=0,0,IF(D35="",$F$34*LIDER!$H$9+$G$34*LIDER!$H$10+$H$34*LIDER!$H$11+$I$34*LIDER!$H$12+$J$34*LIDER!$H$13+$K$34*LIDER!$H$14+$L$34*LIDER!$H$15,"N")) -> 0
A36: 3 | B36: =LIDER!E53 -> 0 | C36: =C35 -> G05 | E36: =IF(B36=0,0,IF(D36="",$F$34*LIDER!$H$9+$G$34*LIDER!$H$10+$H$34*LIDER!$H$11+$I$34*LIDER!$H$12+$J$34*LIDER!$H$13+$K$34*LIDER!$H$14+$L$34*LIDER!$H$15,"N")) -> 0
A37: 4 | B37: =LIDER!E54 -> 0 | C37: =C36 -> G05 | E37: =IF(B37=0,0,IF(D37="",$F$34*LIDER!$H$9+$G$34*LIDER!$H$10+$H$34*LIDER!$H$11+$I$34*LIDER!$H$12+$J$34*LIDER!$H$13+$K$34*LIDER!$H$14+$L$34*LIDER!$H$15,"N")) -> 0
A38: 5 | B38: =LIDER!E55 -> 0 | C38: =C37 -> G05 | E38: =IF(B38=0,0,IF(D38="",$F$34*LIDER!$H$9+$G$34*LIDER!$H$10+$H$34*LIDER!$H$11+$I$34*LIDER!$H$12+$J$34*LIDER!$H$13+$K$34*LIDER!$H$14+$L$34*LIDER!$H$15,"N")) -> 0
A39: 6 | B39: =LIDER!E56 -> 0 | C39: =C38 -> G05 | E39: =IF(B39=0,0,IF(D39="",$F$34*LIDER!$H$9+$G$34*LIDER!$H$10+$H$34*LIDER!$H$11+$I$34*LIDER!$H$12+$J$34*LIDER!$H$13+$K$34*LIDER!$H$14+$L$34*LIDER!$H$15,"N")) -> 0
B40: GRUPO#6 | C40: G06 | D40: =D33 -> LIST | E40: DEF | F40: =LIDER!$E$34 -> GRUPO#6
A41: 1 | B41: =LIDER!F51 -> 0 | C41: =C40 -> G06 | E41: =IF(B41=0,0,IF(D41="",$F$41*LIDER!$H$9+$G$41*LIDER!$H$10+$H$41*LIDER!$H$11+$I$41*LIDER!$H$12+$J$41*LIDER!$H$13+$K$41*LIDER!$H$14+$L$41*LIDER!$H$15,"N")) -> 0
A42: 2 | B42: =LIDER!F52 -> 0 | C42: =C41 -> G06 | E42: =IF(B42=0,0,IF(D42="",$F$41*LIDER!$H$9+$G$41*LIDER!$H$10+$H$41*LIDER!$H$11+$I$41*LIDER!$H$12+$J$41*LIDER!$H$13+$K$41*LIDER!$H$14+$L$41*LIDER!$H$15,"N")) -> 0
A43: 3 | B43: =LIDER!F53 -> 0 | C43: =C42 -> G06 | E43: =IF(B43=0,0,IF(D43="",$F$41*LIDER!$H$9+$G$41*LIDER!$H$10+$H$41*LIDER!$H$11+$I$41*LIDER!$H$12+$J$41*LIDER!$H$13+$K$41*LIDER!$H$14+$L$41*LIDER!$H$15,"N")) -> 0
A44: 4 | B44: =LIDER!F54 -> 0 | C44: =C43 -> G06 | E44: =IF(B44=0,0,IF(D44="",$F$41*LIDER!$H$9+$G$41*LIDER!$H$10+$H$41*LIDER!$H$11+$I$41*LIDER!$H$12+$J$41*LIDER!$H$13+$K$41*LIDER!$H$14+$L$41*LIDER!$H$15,"N")) -> 0
A45: 5 | B45: =LIDER!F55 -> 0 | C45: =C44 -> G06 | E45: =IF(B45=0,0,IF(D45="",$F$41*LIDER!$H$9+$G$41*LIDER!$H$10+$H$41*LIDER!$H$11+$I$41*LIDER!$H$12+$J$41*LIDER!$H$13+$K$41*LIDER!$H$14+$L$41*LIDER!$H$15,"N")) -> 0
A46: 6 | B46: =LIDER!F56 -> 0 | C46: =C45 -> G06 | E46: =IF(B46=0,0,IF(D46="",$F$41*LIDER!$H$9+$G$41*LIDER!$H$10+$H$41*LIDER!$H$11+$I$41*LIDER!$H$12+$J$41*LIDER!$H$13+$K$41*LIDER!$H$14+$L$41*LIDER!$H$15,"N")) -> 0
B47: GRUPO#7 | C47: G07 | D47: =D40 -> LIST | E47: DEF | F47: =LIDER!$E$35 -> GRUPO#7
A48: 1 | B48: =LIDER!G51 -> 0 | C48: =C47 -> G07 | E48: =IF(B48=0,0,IF(D48="",$F$48*LIDER!$H$9+$G$48*LIDER!$H$10+$H$48*LIDER!$H$11+$I$48*LIDER!$H$12+$J$48*LIDER!$H$13+$K$48*LIDER!$H$14+$L$48*LIDER!$H$15,"N")) -> 0
A49: 2 | B49: =LIDER!G52 -> 0 | C49: =C48 -> G07 | E49: =IF(B49=0,0,IF(D49="",$F$48*LIDER!$H$9+$G$48*LIDER!$H$10+$H$48*LIDER!$H$11+$I$48*LIDER!$H$12+$J$48*LIDER!$H$13+$K$48*LIDER!$H$14+$L$48*LIDER!$H$15,"N")) -> 0
A50: 3 | B50: =LIDER!G53 -> 0 | C50: =C49 -> G07 | E50: =IF(B50=0,0,IF(D50="",$F$48*LIDER!$H$9+$G$48*LIDER!$H$10+$H$48*LIDER!$H$11+$I$48*LIDER!$H$12+$J$48*LIDER!$H$13+$K$48*LIDER!$H$14+$L$48*LIDER!$H$15,"N")) -> 0
A51: 4 | B51: =LIDER!G54 -> 0 | C51: =C50 -> G07 | E51: =IF(B51=0,0,IF(D51="",$F$48*LIDER!$H$9+$G$48*LIDER!$H$10+$H$48*LIDER!$H$11+$I$48*LIDER!$H$12+$J$48*LIDER!$H$13+$K$48*LIDER!$H$14+$L$48*LIDER!$H$15,"N")) -> 0
A52: 5 | B52: =LIDER!G55 -> 0 | C52: =C51 -> G07 | E52: =IF(B52=0,0,IF(D52="",$F$48*LIDER!$H$9+$G$48*LIDER!$H$10+$H$48*LIDER!$H$11+$I$48*LIDER!$H$12+$J$48*LIDER!$H$13+$K$48*LIDER!$H$14+$L$48*LIDER!$H$15,"N")) -> 0
A53: 6 | B53: =LIDER!G56 -> 0 | C53: =C52 -> G07 | E53: =IF(B53=0,0,IF(D53="",$F$48*LIDER!$H$9+$G$48*LIDER!$H$10+$H$48*LIDER!$H$11+$I$48*LIDER!$H$12+$J$48*LIDER!$H$13+$K$48*LIDER!$H$14+$L$48*LIDER!$H$15,"N")) -> 0
B54: GRUPO#8 | C54: G08 | D54: =D47 -> LIST | E54: DEF | F54: =LIDER!$E$36 -> GRUPO#8
A55: 1 | B55: =LIDER!H51 -> 0 | C55: =C54 -> G08 | E55: =IF(B55=0,0,IF(D55="",$F$55*LIDER!$H$9+$G$55*LIDER!$H$10+$H$55*LIDER!$H$11+$I$55*LIDER!$H$12+$J$55*LIDER!$H$13+$K$55*LIDER!$H$14+$L$55*LIDER!$H$15,"N")) -> 0
A56: 2 | B56: =LIDER!H52 -> 0 | C56: =C55 -> G08 | E56: =IF(B56=0,0,IF(D56="",$F$55*LIDER!$H$9+$G$55*LIDER!$H$10+$H$55*LIDER!$H$11+$I$55*LIDER!$H$12+$J$55*LIDER!$H$13+$K$55*LIDER!$H$14+$L$55*LIDER!$H$15,"N")) -> 0
A57: 3 | B57: =LIDER!H53 -> 0 | C57: =C56 -> G08 | E57: =IF(B57=0,0,IF(D57="",$F$55*LIDER!$H$9+$G$55*LIDER!$H$10+$H$55*LIDER!$H$11+$I$55*LIDER!$H$12+$J$55*LIDER!$H$13+$K$55*LIDER!$H$14+$L$55*LIDER!$H$15,"N")) -> 0
A58: 4 | B58: =LIDER!H54 -> 0 | C58: =C57 -> G08 | E58: =IF(B58=0,0,IF(D58="",$F$55*LIDER!$H$9+$G$55*LIDER!$H$10+$H$55*LIDER!$H$11+$I$55*LIDER!$H$12+$J$55*LIDER!$H$13+$K$55*LIDER!$H$14+$L$55*LIDER!$H$15,"N")) -> 0
A59: 5 | B59: =LIDER!H55 -> 0 | C59: =C58 -> G08 | E59: =IF(B59=0,0,IF(D59="",$F$55*LIDER!$H$9+$G$55*LIDER!$H$10+$H$55*LIDER!$H$11+$I$55*LIDER!$H$12+$J$55*LIDER!$H$13+$K$55*LIDER!$H$14+$L$55*LIDER!$H$15,"N")) -> 0
A60: 6 | B60: =LIDER!H56 -> 0 | C60: =C59 -> G08 | E60: =IF(B60=0,0,IF(D60="",$F$55*LIDER!$H$9+$G$55*LIDER!$H$10+$H$55*LIDER!$H$11+$I$55*LIDER!$H$12+$J$55*LIDER!$H$13+$K$55*LIDER!$H$14+$L$55*LIDER!$H$15,"N")) -> 0
B61: GRUPO#9 | C61: G09 | D61: =D54 -> LIST | E61: DEF | F61: =LIDER!$E$37 -> GRUPO#9
A62: 1 | B62: =LIDER!E59 -> 0 | C62: =C61 -> G09 | E62: =IF(B62=0,0,IF(D62="",$F$62*LIDER!$H$9+$G$62*LIDER!$H$10+$H$62*LIDER!$H$11+$I$62*LIDER!$H$12+$J$62*LIDER!$H$13+$K$62*LIDER!$H$14+$L$62*LIDER!$H$15,"N")) -> 0
A63: 2 | B63: =LIDER!E60 -> 0 | C63: =C62 -> G09 | E63: =IF(B63=0,0,IF(D63="",$F$62*LIDER!$H$9+$G$62*LIDER!$H$10+$H$62*LIDER!$H$11+$I$62*LIDER!$H$12+$J$62*LIDER!$H$13+$K$62*LIDER!$H$14+$L$62*LIDER!$H$15,"N")) -> 0
A64: 3 | B64: =LIDER!E61 -> 0 | C64: =C63 -> G09 | E64: =IF(B64=0,0,IF(D64="",$F$62*LIDER!$H$9+$G$62*LIDER!$H$10+$H$62*LIDER!$H$11+$I$62*LIDER!$H$12+$J$62*LIDER!$H$13+$K$62*LIDER!$H$14+$L$62*LIDER!$H$15,"N")) -> 0
A65: 4 | B65: =LIDER!E62 -> 0 | C65: =C64 -> G09 | E65: =IF(B65=0,0,IF(D65="",$F$62*LIDER!$H$9+$G$62*LIDER!$H$10+$H$62*LIDER!$H$11+$I$62*LIDER!$H$12+$J$62*LIDER!$H$13+$K$62*LIDER!$H$14+$L$62*LIDER!$H$15,"N")) -> 0
A66: 5 | B66: =LIDER!E63 -> 0 | C66: =C65 -> G09 | E66: =IF(B66=0,0,IF(D66="",$F$62*LIDER!$H$9+$G$62*LIDER!$H$10+$H$62*LIDER!$H$11+$I$62*LIDER!$H$12+$J$62*LIDER!$H$13+$K$62*LIDER!$H$14+$L$62*LIDER!$H$15,"N")) -> 0
A67: 6 | B67: =LIDER!E64 -> 0 | C67: =C66 -> G09 | E67: =IF(B67=0,0,IF(D67="",$F$62*LIDER!$H$9+$G$62*LIDER!$H$10+$H$62*LIDER!$H$11+$I$62*LIDER!$H$12+$J$62*LIDER!$H$13+$K$62*LIDER!$H$14+$L$62*LIDER!$H$15,"N")) -> 0
B68: GRUPO#10 | C68: G10 | D68: =D61 -> LIST | E68: DEF | F68: =LIDER!$E$38 -> GRUPO#10
A69: 1 | B69: =LIDER!F59 -> 0 | C69: =C68 -> G10 | E69: =IF(B69=0,0,IF(D69="",$F$69*LIDER!$H$9+$G$69*LIDER!$H$10+$H$69*LIDER!$H$11+$I$69*LIDER!$H$12+$J$69*LIDER!$H$13+$K$69*LIDER!$H$14+$L$69*LIDER!$H$15,"N")) -> 0
A70: 2 | B70: =LIDER!F60 -> 0 | C70: =C69 -> G10 | E70: =IF(B70=0,0,IF(D70="",$F$69*LIDER!$H$9+$G$69*LIDER!$H$10+$H$69*LIDER!$H$11+$I$69*LIDER!$H$12+$J$69*LIDER!$H$13+$K$69*LIDER!$H$14+$L$69*LIDER!$H$15,"N")) -> 0
A71: 3 | B71: =LIDER!F61 -> 0 | C71: =C70 -> G10 | E71: =IF(B71=0,0,IF(D71="",$F$69*LIDER!$H$9+$G$69*LIDER!$H$10+$H$69*LIDER!$H$11+$I$69*LIDER!$H$12+$J$69*LIDER!$H$13+$K$69*LIDER!$H$14+$L$69*LIDER!$H$15,"N")) -> 0
A72: 4 | B72: =LIDER!F62 -> 0 | C72: =C71 -> G10 | E72: =IF(B72=0,0,IF(D72="",$F$69*LIDER!$H$9+$G$69*LIDER!$H$10+$H$69*LIDER!$H$11+$I$69*LIDER!$H$12+$J$69*LIDER!$H$13+$K$69*LIDER!$H$14+$L$69*LIDER!$H$15,"N")) -> 0
A73: 5 | B73: =LIDER!F63 -> 0 | C73: =C72 -> G10 | E73: =IF(B73=0,0,IF(D73="",$F$69*LIDER!$H$9+$G$69*LIDER!$H$10+$H$69*LIDER!$H$11+$I$69*LIDER!$H$12+$J$69*LIDER!$H$13+$K$69*LIDER!$H$14+$L$69*LIDER!$H$15,"N")) -> 0
A74: 6 | B74: =LIDER!F64 -> 0 | C74: =C73 -> G10 | E74: =IF(B74=0,0,IF(D74="",$F$69*LIDER!$H$9+$G$69*LIDER!$H$10+$H$69*LIDER!$H$11+$I$69*LIDER!$H$12+$J$69*LIDER!$H$13+$K$69*LIDER!$H$14+$L$69*LIDER!$H$15,"N")) -> 0
B75: GRUPO#11 | C75: G11 | D75: =D68 -> LIST | E75: DEF | F75: =LIDER!$E$39 -> GRUPO#11
A76: 1 | B76: =LIDER!G59 -> 0 | C76: =C75 -> G11 | E76: =IF(B76=0,0,IF(D76="",$F$76*LIDER!$H$9+$G$76*LIDER!$H$10+$H$76*LIDER!$H$11+$I$76*LIDER!$H$12+$J$76*LIDER!$H$13+$K$76*LIDER!$H$14+$L$76*LIDER!$H$15,"N")) -> 0
A77: 2 | B77: =LIDER!G60 -> 0 | C77: =C76 -> G11 | E77: =IF(B77=0,0,IF(D77="",$F$76*LIDER!$H$9+$G$76*LIDER!$H$10+$H$76*LIDER!$H$11+$I$76*LIDER!$H$12+$J$76*LIDER!$H$13+$K$76*LIDER!$H$14+$L$76*LIDER!$H$15,"N")) -> 0
A78: 3 | B78: =LIDER!G61 -> 0 | C78: =C77 -> G11 | E78: =IF(B78=0,0,IF(D78="",$F$76*LIDER!$H$9+$G$76*LIDER!$H$10+$H$76*LIDER!$H$11+$I$76*LIDER!$H$12+$J$76*LIDER!$H$13+$K$76*LIDER!$H$14+$L$76*LIDER!$H$15,"N")) -> 0
A79: 4 | B79: =LIDER!G62 -> 0 | C79: =C78 -> G11 | E79: =IF(B79=0,0,IF(D79="",$F$76*LIDER!$H$9+$G$76*LIDER!$H$10+$H$76*LIDER!$H$11+$I$76*LIDER!$H$12+$J$76*LIDER!$H$13+$K$76*LIDER!$H$14+$L$76*LIDER!$H$15,"N")) -> 0
A80: 5 | B80: =LIDER!G63 -> 0 | C80: =C79 -> G11 | E80: =IF(B80=0,0,IF(D80="",$F$76*LIDER!$H$9+$G$76*LIDER!$H$10+$H$76*LIDER!$H$11+$I$76*LIDER!$H$12+$J$76*LIDER!$H$13+$K$76*LIDER!$H$14+$L$76*LIDER!$H$15,"N")) -> 0
A81: 6 | B81: =LIDER!G64 -> 0 | C81: =C80 -> G11 | E81: =IF(B81=0,0,IF(D81="",$F$76*LIDER!$H$9+$G$76*LIDER!$H$10+$H$76*LIDER!$H$11+$I$76*LIDER!$H$12+$J$76*LIDER!$H$13+$K$76*LIDER!$H$14+$L$76*LIDER!$H$15,"N")) -> 0
B82: GRUPO#12 | C82: G12 | D82: =D75 -> LIST | E82: DEF | F82: =LIDER!$E$40 -> GRUPO#12
A83: 1 | B83: =LIDER!H59 -> 0 | C83: =C82 -> G12 | E83: =IF(B83=0,0,IF(D83="",$F$83*LIDER!$H$9+$G$83*LIDER!$H$10+$H$83*LIDER!$H$11+$I$83*LIDER!$H$12+$J$83*LIDER!$H$13+$K$83*LIDER!$H$14+$L$83*LIDER!$H$15,"N")) -> 0
A84: 2 | B84: =LIDER!H60 -> 0 | C84: =C83 -> G12 | E84: =IF(B84=0,0,IF(D84="",$F$83*LIDER!$H$9+$G$83*LIDER!$H$10+$H$83*LIDER!$H$11+$I$83*LIDER!$H$12+$J$83*LIDER!$H$13+$K$83*LIDER!$H$14+$L$83*LIDER!$H$15,"N")) -> 0
A85: 3 | B85: =LIDER!H61 -> 0 | C85: =C84 -> G12 | E85: =IF(B85=0,0,IF(D85="",$F$83*LIDER!$H$9+$G$83*LIDER!$H$10+$H$83*LIDER!$H$11+$I$83*LIDER!$H$12+$J$83*LIDER!$H$13+$K$83*LIDER!$H$14+$L$83*LIDER!$H$15,"N")) -> 0
A86: 4 | B86: =LIDER!H62 -> 0 | C86: =C85 -> G12 | E86: =IF(B86=0,0,IF(D86="",$F$83*LIDER!$H$9+$G$83*LIDER!$H$10+$H$83*LIDER!$H$11+$I$83*LIDER!$H$12+$J$83*LIDER!$H$13+$K$83*LIDER!$H$14+$L$83*LIDER!$H$15,"N")) -> 0
A87: 5 | B87: =LIDER!H63 -> 0 | C87: =C86 -> G12 | E87: =IF(B87=0,0,IF(D87="",$F$83*LIDER!$H$9+$G$83*LIDER!$H$10+$H$83*LIDER!$H$11+$I$83*LIDER!$H$12+$J$83*LIDER!$H$13+$K$83*LIDER!$H$14+$L$83*LIDER!$H$15,"N")) -> 0
A88: 6 | B88: =LIDER!H64 -> 0 | C88: =C87 -> G12 | E88: =IF(B88=0,0,IF(D88="",$F$83*LIDER!$H$9+$G$83*LIDER!$H$10+$H$83*LIDER!$H$11+$I$83*LIDER!$H$12+$J$83*LIDER!$H$13+$K$83*LIDER!$H$14+$L$83*LIDER!$H$15,"N")) -> 0

Sheet S-ASIG-02
A1: =LIDER!B2 -> TECNOLOGÍA EN GESTIÓN DE NEGOCIOS INTERN | I1: =LIDER!E2 -> SEMESTRE: | J1: =LIDER!F2 -> SEM-03 | K1: =LIDER!G2 -> SECCIÓN: | L1: =LIDER!H2 -> 2
B2: =LIDER!D4 -> TECNOLOGIA APLICADA | F2: CRITERIOS DE EVALUACIÓN
B3: Estudiantes | F3: =LIDER!E9 -> PRESENTACIÓN GENERAL: Adopta la norma APA, tamaño de la hoja, margenes, titulo, portadas, numeración de paginas, tabla de contenido automatizada, ortografia, justificacion del texto, citas automatizadas, listas, figuras,etc. | G3: =LIDER!E10 -> ANTEPROYECTO: Portada, planteamiento del problema, justificacion del trabajo o proyecto de aula, objetivos, marco teorico, diseño metodologico. | H3: =LIDER!E11 -> RESULTADOS: Analiza, integra y aplica de manera coherente los aspectos legales-tributarios, administrativos y tecnológicos en el desarrollo de la propuesta investigativa, evidenciando capacidad para generar soluciones viables, pertinentes y sostenibles. | I3: =LIDER!E12 -> BILIOGRAFIA: Las referencias bibliograficas: adoptan las normas APA. El documento es producto de un rastreo bibliografico que muestra analisis y sistensis. | J3: =LIDER!E13 -> ASESORIAS: Anexó la hoja de tutoria firmada ( 3 fimas minmimo). | K3: =LIDER!E14 -> 0 | L3: =LIDER!E15 -> 0
F4: =CONCATENATE(LIDER!D4," - ",LIDER!D6," - ",LIDER!D5) -> TECNOLOGIA APLICADA - 2388 - ARMANDO ACOSTA JULIO
B5: GRUPO#1 | C5: G01 | D5: LIST | E5: DEF | F5: =LIDER!$E$29 -> GRUPO#1. Identificación de los aspectos legales, tributarios, administrativos, macroeconómicos, aduaneros, tecnológicos e internacionales que definen el perfil de Yara Colombia S.A. en los negocios internacionales
A6: 1 | B6: =LIDER!E43 -> SARA OYOLA MARTINEZ | C6: =C5 -> G01 | E6: =IF(B6=0,0,IF(D6="",$F$6*LIDER!$H$9+$G$6*LIDER!$H$10+$H$6*LIDER!$H$11+$I$6*LIDER!$H$12+$J$6*LIDER!$H$13+$K$6*LIDER!$H$14+$L$6*LIDER!$H$15,"N")) -> 4.5 | F6: 4.5 | G6: 4.5 | H6: 4.5 | I6: 4.5 | J6: 4.5
A7: 2 | B7: =LIDER!E44 -> YINA MARCELA PÉREZ PINEDA | C7: =C6 -> G01 | E7: =IF(B7=0,0,IF(D7="",$F$6*LIDER!$H$9+$G$6*LIDER!$H$10+$H$6*LIDER!$H$11+$I$6*LIDER!$H$12+$J$6*LIDER!$H$13+$K$6*LIDER!$H$14+$L$6*LIDER!$H$15,"N")) -> 4.5
A8: 3 | B8: =LIDER!E45 -> JABES ELIAS ROSERO VILLA | C8: =C7 -> G01 | E8: =IF(B8=0,0,IF(D8="",$F$6*LIDER!$H$9+$G$6*LIDER!$H$10+$H$6*LIDER!$H$11+$I$6*LIDER!$H$12+$J$6*LIDER!$H$13+$K$6*LIDER!$H$14+$L$6*LIDER!$H$15,"N")) -> 4.5
A9: 4 | B9: =LIDER!E46 -> ISAIAS FERNANDO SALCEDO CAICEDO | C9: =C8 -> G01 | E9: =IF(B9=0,0,IF(D9="",$F$6*LIDER!$H$9+$G$6*LIDER!$H$10+$H$6*LIDER!$H$11+$I$6*LIDER!$H$12+$J$6*LIDER!$H$13+$K$6*LIDER!$H$14+$L$6*LIDER!$H$15,"N")) -> 4.5
A10: 5 | B10: =LIDER!E47 -> 0 | C10: =C9 -> G01 | E10: =IF(B10=0,0,IF(D10="",$F$6*LIDER!$H$9+$G$6*LIDER!$H$10+$H$6*LIDER!$H$11+$I$6*LIDER!$H$12+$J$6*LIDER!$H$13+$K$6*LIDER!$H$14+$L$6*LIDER!$H$15,"N")) -> 0
A11: 6 | B11: =LIDER!E48 -> 0 | C11: =C10 -> G01 | E11: =IF(B11=0,0,IF(D11="",$F$6*LIDER!$H$9+$G$6*LIDER!$H$10+$H$6*LIDER!$H$11+$I$6*LIDER!$H$12+$J$6*LIDER!$H$13+$K$6*LIDER!$H$14+$L$6*LIDER!$H$15,"N")) -> 0
B12: GRUPO#2 | C12: G02 | D12: =D5 -> LIST | E12: DEF | F12: =LIDER!$E$30 -> GRUPO#2. Identificación de los aspectos legales, tributarios, administrativos, macroeconómicos, aduaneros, tecnológicos e internacionales que definen el perfil de Grupo Familia en los negocios internacionales con enfoque en la exportación hacia Estados Unidos.
A13: 1 | B13: =LIDER!F43 -> JORGE ALBERTO BATISTA TABORDA | C13: =C12 -> G02 | E13: =IF(B13=0,0,IF(D13="",$F$13*LIDER!$H$9+$G$13*LIDER!$H$10+$H$13*LIDER!$H$11+$I$13*LIDER!$H$12+$J$13*LIDER!$H$13+$K$13*LIDER!$H$14+$L$13*LIDER!$H$15,"N")) -> 4 | F13: 4 | G13: 4 | H13: 4 | I13: 4 | J13: 4
A14: 2 | B14: =LIDER!F44 -> JEREMY MACOLL DIAZ PEREZ | C14: =C13 -> G02 | E14: =IF(B14=0,0,IF(D14="",$F$13*LIDER!$H$9+$G$13*LIDER!$H$10+$H$13*LIDER!$H$11+$I$13*LIDER!$H$12+$J$13*LIDER!$H$13+$K$13*LIDER!$H$14+$L$13*LIDER!$H$15,"N")) -> 4
A15: 3 | B15: =LIDER!F45 -> DARIANY PEÑARANDA LLACH | C15: =C14 -> G02 | E15: =IF(B15=0,0,IF(D15="",$F$13*LIDER!$H$9+$G$13*LIDER!$H$10+$H$13*LIDER!$H$11+$I$13*LIDER!$H$12+$J$13*LIDER!$H$13+$K$13*LIDER!$H$14+$L$13*LIDER!$H$15,"N")) -> 4
A16: 4 | B16: =LIDER!F46 -> MARIANGEL ROMERO VANEGAS | C16: =C15 -> G02 | E16: =IF(B16=0,0,IF(D16="",$F$13*LIDER!$H$9+$G$13*LIDER!$H$10+$H$13*LIDER!$H$11+$I$13*LIDER!$H$12+$J$13*LIDER!$H$13+$K$13*LIDER!$H$14+$L$13*LIDER!$H$15,"N")) -> 4
A17: 5 | B17: =LIDER!F47 -> 0 | C17: =C16 -> G02 | E17: =IF(B17=0,0,IF(D17="",$F$13*LIDER!$H$9+$G$13*LIDER!$H$10+$H$13*LIDER!$H$11+$I$13*LIDER!$H$12+$J$13*LIDER!$H$13+$K$13*LIDER!$H$14+$L$13*LIDER!$H$15,"N")) -> 0
A18: 6 | B18: =LIDER!F48 -> 0 | C18: =C17 -> G02 | E18: =IF(B18=0,0,IF(D18="",$F$13*LIDER!$H$9+$G$13*LIDER!$H$10+$H$13*LIDER!$H$11+$I$13*LIDER!$H$12+$J$13*LIDER!$H$13+$K$13*LIDER!$H$14+$L$13*LIDER!$H$15,"N")) -> 0
B19: GRUPO#3 | C19: G03 | D19: =D12 -> LIST | E19: DEF | F19: =LIDER!$E$31 -> GRUPO#3
A20: 1 | B20: =LIDER!G43 -> 0 | C20: =C19 -> G03 | E20: =IF(B20=0,0,IF(D20="",$F$20*LIDER!$H$9+$G$20*LIDER!$H$10+$H$20*LIDER!$H$11+$I$20*LIDER!$H$12+$J$20*LIDER!$H$13+$K$20*LIDER!$H$14+$L$20*LIDER!$H$15,"N")) -> 0
A21: 2 | B21: =LIDER!G44 -> 0 | C21: =C20 -> G03 | E21: =IF(B21=0,0,IF(D21="",$F$20*LIDER!$H$9+$G$20*LIDER!$H$10+$H$20*LIDER!$H$11+$I$20*LIDER!$H$12+$J$20*LIDER!$H$13+$K$20*LIDER!$H$14+$L$20*LIDER!$H$15,"N")) -> 0
A22: 3 | B22: =LIDER!G45 -> 0 | C22: =C21 -> G03 | E22: =IF(B22=0,0,IF(D22="",$F$20*LIDER!$H$9+$G$20*LIDER!$H$10+$H$20*LIDER!$H$11+$I$20*LIDER!$H$12+$J$20*LIDER!$H$13+$K$20*LIDER!$H$14+$L$20*LIDER!$H$15,"N")) -> 0
A23: 4 | B23: =LIDER!G46 -> 0 | C23: =C22 -> G03 | E23: =IF(B23=0,0,IF(D23="",$F$20*LIDER!$H$9+$G$20*LIDER!$H$10+$H$20*LIDER!$H$11+$I$20*LIDER!$H$12+$J$20*LIDER!$H$13+$K$20*LIDER!$H$14+$L$20*LIDER!$H$15,"N")) -> 0
A24: 5 | B24: =LIDER!G47 -> 0 | C24: =C23 -> G03 | E24: =IF(B24=0,0,IF(D24="",$F$20*LIDER!$H$9+$G$20*LIDER!$H$10+$H$20*LIDER!$H$11+$I$20*LIDER!$H$12+$J$20*LIDER!$H$13+$K$20*LIDER!$H$14+$L$20*LIDER!$H$15,"N")) -> 0
A25: 6 | B25: =LIDER!G48 -> 0 | C25: =C24 -> G03 | E25: =IF(B25=0,0,IF(D25="",$F$20*LIDER!$H$9+$G$20*LIDER!$H$10+$H$20*LIDER!$H$11+$I$20*LIDER!$H$12+$J$20*LIDER!$H$13+$K$20*LIDER!$H$14+$L$20*LIDER!$H$15,"N")) -> 0
B26: GRUPO#4 | C26: G04 | D26: =D19 -> LIST | E26: DEF | F26: =LIDER!$E$32 -> GRUPO#4
A27: 1 | B27: =LIDER!H43 -> 0 | C27: =C26 -> G04 | E27: =IF(B27=0,0,IF(D27="",$F$27*LIDER!$H$9+$G$27*LIDER!$H$10+$H$27*LIDER!$H$11+$I$27*LIDER!$H$12+$J$27*LIDER!$H$13+$K$27*LIDER!$H$14+$L$27*LIDER!$H$15,"N")) -> 0
A28: 2 | B28: =LIDER!H44 -> 0 | C28: =C27 -> G04 | E28: =IF(B28=0,0,IF(D28="",$F$27*LIDER!$H$9+$G$27*LIDER!$H$10+$H$27*LIDER!$H$11+$I$27*LIDER!$H$12+$J$27*LIDER!$H$13+$K$27*LIDER!$H$14+$L$27*LIDER!$H$15,"N")) -> 0
A29: 3 | B29: =LIDER!H45 -> 0 | C29: =C28 -> G04 | E29: =IF(B29=0,0,IF(D29="",$F$27*LIDER!$H$9+$G$27*LIDER!$H$10+$H$27*LIDER!$H$11+$I$27*LIDER!$H$12+$J$27*LIDER!$H$13+$K$27*LIDER!$H$14+$L$27*LIDER!$H$15,"N")) -> 0
A30: 4 | B30: =LIDER!H46 -> 0 | C30: =C29 -> G04 | E30: =IF(B30=0,0,IF(D30="",$F$27*LIDER!$H$9+$G$27*LIDER!$H$10+$H$27*LIDER!$H$11+$I$27*LIDER!$H$12+$J$27*LIDER!$H$13+$K$27*LIDER!$H$14+$L$27*LIDER!$H$15,"N")) -> 0
A31: 5 | B31: =LIDER!H47 -> 0 | C31: =C30 -> G04 | E31: =IF(B31=0,0,IF(D31="",$F$27*LIDER!$H$9+$G$27*LIDER!$H$10+$H$27*LIDER!$H$11+$I$27*LIDER!$H$12+$J$27*LIDER!$H$13+$K$27*LIDER!$H$14+$L$27*LIDER!$H$15,"N")) -> 0
A32: 6 | B32: =LIDER!H48 -> 0 | C32: =C31 -> G04 | E32: =IF(B32=0,0,IF(D32="",$F$27*LIDER!$H$9+$G$27*LIDER!$H$10+$H$27*LIDER!$H$11+$I$27*LIDER!$H$12+$J$27*LIDER!$H$13+$K$27*LIDER!$H$14+$L$27*LIDER!$H$15,"N")) -> 0
B33: GRUPO#5 | C33: G05 | D33: =D26 -> LIST | E33: DEF | F33: =LIDER!$E$33 -> GRUPO#5
A34: 1 | B34: =LIDER!E51 -> 0 | C34: =C33 -> G05 | E34: =IF(B34=0,0,IF(D34="",$F$34*LIDER!$H$9+$G$34*LIDER!$H$10+$H$34*LIDER!$H$11+$I$34*LIDER!$H$12+$J$34*LIDER!$H$13+$K$34*LIDER!$H$14+$L$34*LIDER!$H$15,"N")) -> 0
A35: 2 | B35: =LIDER!E52 -> 0 | C35: =C34 -> G05 | E35: =IF(B35=0,0,IF(D35="",$F$34*LIDER!$H$9+$G$34*LIDER!$H$10+$H$34*LIDER!$H$11+$I$34*LIDER!$H$12+$J$34*LIDER!$H$13+$K$34*LIDER!$H$14+$L$34*LIDER!$H$15,"N")) -> 0
A36: 3 | B36: =LIDER!E53 -> 0 | C36: =C35 -> G05 | E36: =IF(B36=0,0,IF(D36="",$F$34*LIDER!$H$9+$G$34*LIDER!$H$10+$H$34*LIDER!$H$11+$I$34*LIDER!$H$12+$J$34*LIDER!$H$13+$K$34*LIDER!$H$14+$L$34*LIDER!$H$15,"N")) -> 0
A37: 4 | B37: =LIDER!E54 -> 0 | C37: =C36 -> G05 | E37: =IF(B37=0,0,IF(D37="",$F$34*LIDER!$H$9+$G$34*LIDER!$H$10+$H$34*LIDER!$H$11+$I$34*LIDER!$H$12+$J$34*LIDER!$H$13+$K$34*LIDER!$H$14+$L$34*LIDER!$H$15,"N")) -> 0
A38: 5 | B38: =LIDER!E55 -> 0 | C38: =C37 -> G05 | E38: =IF(B38=0,0,IF(D38="",$F$34*LIDER!$H$9+$G$34*LIDER!$H$10+$H$34*LIDER!$H$11+$I$34*LIDER!$H$12+$J$34*LIDER!$H$13+$K$34*LIDER!$H$14+$L$34*LIDER!$H$15,"N")) -> 0
A39: 6 | B39: =LIDER!E56 -> 0 | C39: =C38 -> G05 | E39: =IF(B39=0,0,IF(D39="",$F$34*LIDER!$H$9+$G$34*LIDER!$H$10+$H$34*LIDER!$H$11+$I$34*LIDER!$H$12+$J$34*LIDER!$H$13+$K$34*LIDER!$H$14+$L$34*LIDER!$H$15,"N")) -> 0
B40: GRUPO#6 | C40: G06 | D40: =D33 -> LIST | E40: DEF | F40: =LIDER!$E$34 -> GRUPO#6
A41: 1 | B41: =LIDER!F51 -> 0 | C41: =C40 -> G06 | E41: =IF(B41=0,0,IF(D41="",$F$41*LIDER!$H$9+$G$41*LIDER!$H$10+$H$41*LIDER!$H$11+$I$41*LIDER!$H$12+$J$41*LIDER!$H$13+$K$41*LIDER!$H$14+$L$41*LIDER!$H$15,"N")) -> 0
A42: 2 | B42: =LIDER!F52 -> 0 | C42: =C41 -> G06 | E42: =IF(B42=0,0,IF(D42="",$F$41*LIDER!$H$9+$G$41*LIDER!$H$10+$H$41*LIDER!$H$11+$I$41*LIDER!$H$12+$J$41*LIDER!$H$13+$K$41*LIDER!$H$14+$L$41*LIDER!$H$15,"N")) -> 0
A43: 3 | B43: =LIDER!F53 -> 0 | C43: =C42 -> G06 | E43: =IF(B43=0,0,IF(D43="",$F$41*LIDER!$H$9+$G$41*LIDER!$H$10+$H$41*LIDER!$H$11+$I$41*LIDER!$H$12+$J$41*LIDER!$H$13+$K$41*LIDER!$H$14+$L$41*LIDER!$H$15,"N")) -> 0
A44: 4 | B44: =LIDER!F54 -> 0 | C44: =C43 -> G06 | E44: =IF(B44=0,0,IF(D44="",$F$41*LIDER!$H$9+$G$41*LIDER!$H$10+$H$41*LIDER!$H$11+$I$41*LIDER!$H$12+$J$41*LIDER!$H$13+$K$41*LIDER!$H$14+$L$41*LIDER!$H$15,"N")) -> 0
A45: 5 | B45: =LIDER!F55 -> 0 | C45: =C44 -> G06 | E45: =IF(B45=0,0,IF(D45="",$F$41*LIDER!$H$9+$G$41*LIDER!$H$10+$H$41*LIDER!$H$11+$I$41*LIDER!$H$12+$J$41*LIDER!$H$13+$K$41*LIDER!$H$14+$L$41*LIDER!$H$15,"N")) -> 0
A46: 6 | B46: =LIDER!F56 -> 0 | C46: =C45 -> G06 | E46: =IF(B46=0,0,IF(D46="",$F$41*LIDER!$H$9+$G$41*LIDER!$H$10+$H$41*LIDER!$H$11+$I$41*LIDER!$H$12+$J$41*LIDER!$H$13+$K$41*LIDER!$H$14+$L$41*LIDER!$H$15,"N")) -> 0
B47: GRUPO#7 | C47: G07 | D47: =D40 -> LIST | E47: DEF | F47: =LIDER!$E$35 -> GRUPO#7
A48: 1 | B48: =LIDER!G51 -> 0 | C48: =C47 -> G07 | E48: =IF(B48=0,0,IF(D48="",$F$48*LIDER!$H$9+$G$48*LIDER!$H$10+$H$48*LIDER!$H$11+$I$48*LIDER!$H$12+$J$48*LIDER!$H$13+$K$48*LIDER!$H$14+$L$48*LIDER!$H$15,"N")) -> 0
A49: 2 | B49: =LIDER!G52 -> 0 | C49: =C48 -> G07 | E49: =IF(B49=0,0,IF(D49="",$F$48*LIDER!$H$9+$G$48*LIDER!$H$10+$H$48*LIDER!$H$11+$I$48*LIDER!$H$12+$J$48*LIDER!$H$13+$K$48*LIDER!$H$14+$L$48*LIDER!$H$15,"N")) -> 0
A50: 3 | B50: =LIDER!G53 -> 0 | C50: =C49 -> G07 | E50: =IF(B50=0,0,IF(D50="",$F$48*LIDER!$H$9+$G$48*LIDER!$H$10+$H$48*LIDER!$H$11+$I$48*LIDER!$H$12+$J$48*LIDER!$H$13+$K$48*LIDER!$H$14+$L$48*LIDER!$H$15,"N")) -> 0
A51: 4 | B51: =LIDER!G54 -> 0 | C51: =C50 -> G07 | E51: =IF(B51=0,0,IF(D51="",$F$48*LIDER!$H$9+$G$48*LIDER!$H$10+$H$48*LIDER!$H$11+$I$48*LIDER!$H$12+$J$48*LIDER!$H$13+$K$48*LIDER!$H$14+$L$48*LIDER!$H$15,"N")) -> 0
A52: 5 | B52: =LIDER!G55 -> 0 | C52: =C51 -> G07 | E52: =IF(B52=0,0,IF(D52="",$F$48*LIDER!$H$9+$G$48*LIDER!$H$10+$H$48*LIDER!$H$11+$I$48*LIDER!$H$12+$J$48*LIDER!$H$13+$K$48*LIDER!$H$14+$L$48*LIDER!$H$15,"N")) -> 0
A53: 6 | B53: =LIDER!G56 -> 0 | C53: =C52 -> G07 | E53: =IF(B53=0,0,IF(D53="",$F$48*LIDER!$H$9+$G$48*LIDER!$H$10+$H$48*LIDER!$H$11+$I$48*LIDER!$H$12+$J$48*LIDER!$H$13+$K$48*LIDER!$H$14+$L$48*LIDER!$H$15,"N")) -> 0
B54: GRUPO#8 | C54: G08 | D54: =D47 -> LIST | E54: DEF | F54: =LIDER!$E$36 -> GRUPO#8
A55: 1 | B55: =LIDER!H51 -> 0 | C55: =C54 -> G08 | E55: =IF(B55=0,0,IF(D55="",$F$55*LIDER!$H$9+$G$55*LIDER!$H$10+$H$55*LIDER!$H$11+$I$55*LIDER!$H$12+$J$55*LIDER!$H$13+$K$55*LIDER!$H$14+$L$55*LIDER!$H$15,"N")) -> 0
A56: 2 | B56: =LIDER!H52 -> 0 | C56: =C55 -> G08 | E56: =IF(B56=0,0,IF(D56="",$F$55*LIDER!$H$9+$G$55*LIDER!$H$10+$H$55*LIDER!$H$11+$I$55*LIDER!$H$12+$J$55*LIDER!$H$13+$K$55*LIDER!$H$14+$L$55*LIDER!$H$15,"N")) -> 0
A57: 3 | B57: =LIDER!H53 -> 0 | C57: =C56 -> G08 | E57: =IF(B57=0,0,IF(D57="",$F$55*LIDER!$H$9+$G$55*LIDER!$H$10+$H$55*LIDER!$H$11+$I$55*LIDER!$H$12+$J$55*LIDER!$H$13+$K$55*LIDER!$H$14+$L$55*LIDER!$H$15,"N")) -> 0
A58: 4 | B58: =LIDER!H54 -> 0 | C58: =C57 -> G08 | E58: =IF(B58=0,0,IF(D58="",$F$55*LIDER!$H$9+$G$55*LIDER!$H$10+$H$55*LIDER!$H$11+$I$55*LIDER!$H$12+$J$55*LIDER!$H$13+$K$55*LIDER!$H$14+$L$55*LIDER!$H$15,"N")) -> 0
A59: 5 | B59: =LIDER!H55 -> 0 | C59: =C58 -> G08 | E59: =IF(B59=0,0,IF(D59="",$F$55*LIDER!$H$9+$G$55*LIDER!$H$10+$H$55*LIDER!$H$11+$I$55*LIDER!$H$12+$J$55*LIDER!$H$13+$K$55*LIDER!$H$14+$L$55*LIDER!$H$15,"N")) -> 0
A60: 6 | B60: =LIDER!H56 -> 0 | C60: =C59 -> G08 | E60: =IF(B60=0,0,IF(D60="",$F$55*LIDER!$H$9+$G$55*LIDER!$H$10+$H$55*LIDER!$H$11+$I$55*LIDER!$H$12+$J$55*LIDER!$H$13+$K$55*LIDER!$H$14+$L$55*LIDER!$H$15,"N")) -> 0
B61: GRUPO#9 | C61: G09 | D61: =D54 -> LIST | E61: DEF | F61: =LIDER!$E$37 -> GRUPO#9
A62: 1 | B62: =LIDER!E59 -> 0 | C62: =C61 -> G09 | E62: =IF(B62=0,0,IF(D62="",$F$62*LIDER!$H$9+$G$62*LIDER!$H$10+$H$62*LIDER!$H$11+$I$62*LIDER!$H$12+$J$62*LIDER!$H$13+$K$62*LIDER!$H$14+$L$62*LIDER!$H$15,"N")) -> 0
A63: 2 | B63: =LIDER!E60 -> 0 | C63: =C62 -> G09 | E63: =IF(B63=0,0,IF(D63="",$F$62*LIDER!$H$9+$G$62*LIDER!$H$10+$H$62*LIDER!$H$11+$I$62*LIDER!$H$12+$J$62*LIDER!$H$13+$K$62*LIDER!$H$14+$L$62*LIDER!$H$15,"N")) -> 0
A64: 3 | B64: =LIDER!E61 -> 0 | C64: =C63 -> G09 | E64: =IF(B64=0,0,IF(D64="",$F$62*LIDER!$H$9+$G$62*LIDER!$H$10+$H$62*LIDER!$H$11+$I$62*LIDER!$H$12+$J$62*LIDER!$H$13+$K$62*LIDER!$H$14+$L$62*LIDER!$H$15,"N")) -> 0
A65: 4 | B65: =LIDER!E62 -> 0 | C65: =C64 -> G09 | E65: =IF(B65=0,0,IF(D65="",$F$62*LIDER!$H$9+$G$62*LIDER!$H$10+$H$62*LIDER!$H$11+$I$62*LIDER!$H$12+$J$62*LIDER!$H$13+$K$62*LIDER!$H$14+$L$62*LIDER!$H$15,"N")) -> 0
A66: 5 | B66: =LIDER!E63 -> 0 | C66: =C65 -> G09 | E66: =IF(B66=0,0,IF(D66="",$F$62*LIDER!$H$9+$G$62*LIDER!$H$10+$H$62*LIDER!$H$11+$I$62*LIDER!$H$12+$J$62*LIDER!$H$13+$K$62*LIDER!$H$14+$L$62*LIDER!$H$15,"N")) -> 0
A67: 6 | B67: =LIDER!E64 -> 0 | C67: =C66 -> G09 | E67: =IF(B67=0,0,IF(D67="",$F$62*LIDER!$H$9+$G$62*LIDER!$H$10+$H$62*LIDER!$H$11+$I$62*LIDER!$H$12+$J$62*LIDER!$H$13+$K$62*LIDER!$H$14+$L$62*LIDER!$H$15,"N")) -> 0
B68: GRUPO#10 | C68: G10 | D68: =D61 -> LIST | E68: DEF | F68: =LIDER!$E$38 -> GRUPO#10
A69: 1 | B69: =LIDER!F59 -> 0 | C69: =C68 -> G10 | E69: =IF(B69=0,0,IF(D69="",$F$69*LIDER!$H$9+$G$69*LIDER!$H$10+$H$69*LIDER!$H$11+$I$69*LIDER!$H$12+$J$69*LIDER!$H$13+$K$69*LIDER!$H$14+$L$69*LIDER!$H$15,"N")) -> 0
A70: 2 | B70: =LIDER!F60 -> 0 | C70: =C69 -> G10 | E70: =IF(B70=0,0,IF(D70="",$F$69*LIDER!$H$9+$G$69*LIDER!$H$10+$H$69*LIDER!$H$11+$I$69*LIDER!$H$12+$J$69*LIDER!$H$13+$K$69*LIDER!$H$14+$L$69*LIDER!$H$15,"N")) -> 0
A71: 3 | B71: =LIDER!F61 -> 0 | C71: =C70 -> G10 | E71: =IF(B71=0,0,IF(D71="",$F$69*LIDER!$H$9+$G$69*LIDER!$H$10+$H$69*LIDER!$H$11+$I$69*LIDER!$H$12+$J$69*LIDER!$H$13+$K$69*LIDER!$H$14+$L$69*LIDER!$H$15,"N")) -> 0
A72: 4 | B72: =LIDER!F62 -> 0 | C72: =C71 -> G10 | E72: =IF(B72=0,0,IF(D72="",$F$69*LIDER!$H$9+$G$69*LIDER!$H$10+$H$69*LIDER!$H$11+$I$69*LIDER!$H$12+$J$69*LIDER!$H$13+$K$69*LIDER!$H$14+$L$69*LIDER!$H$15,"N")) -> 0
A73: 5 | B73: =LIDER!F63 -> 0 | C73: =C72 -> G10 | E73: =IF(B73=0,0,IF(D73="",$F$69*LIDER!$H$9+$G$69*LIDER!$H$10+$H$69*LIDER!$H$11+$I$69*LIDER!$H$12+$J$69*LIDER!$H$13+$K$69*LIDER!$H$14+$L$69*LIDER!$H$15,"N")) -> 0
A74: 6 | B74: =LIDER!F64 -> 0 | C74: =C73 -> G10 | E74: =IF(B74=0,0,IF(D74="",$F$69*LIDER!$H$9+$G$69*LIDER!$H$10+$H$69*LIDER!$H$11+$I$69*LIDER!$H$12+$J$69*LIDER!$H$13+$K$69*LIDER!$H$14+$L$69*LIDER!$H$15,"N")) -> 0
B75: GRUPO#11 | C75: G11 | D75: =D68 -> LIST | E75: DEF | F75: =LIDER!$E$39 -> GRUPO#11
A76: 1 | B76: =LIDER!G59 -> 0 | C76: =C75 -> G11 | E76: =IF(B76=0,0,IF(D76="",$F$76*LIDER!$H$9+$G$76*LIDER!$H$10+$H$76*LIDER!$H$11+$I$76*LIDER!$H$12+$J$76*LIDER!$H$13+$K$76*LIDER!$H$14+$L$76*LIDER!$H$15,"N")) -> 0
A77: 2 | B77: =LIDER!G60 -> 0 | C77: =C76 -> G11 | E77: =IF(B77=0,0,IF(D77="",$F$76*LIDER!$H$9+$G$76*LIDER!$H$10+$H$76*LIDER!$H$11+$I$76*LIDER!$H$12+$J$76*LIDER!$H$13+$K$76*LIDER!$H$14+$L$76*LIDER!$H$15,"N")) -> 0
A78: 3 | B78: =LIDER!G61 -> 0 | C78: =C77 -> G11 | E78: =IF(B78=0,0,IF(D78="",$F$76*LIDER!$H$9+$G$76*LIDER!$H$10+$H$76*LIDER!$H$11+$I$76*LIDER!$H$12+$J$76*LIDER!$H$13+$K$76*LIDER!$H$14+$L$76*LIDER!$H$15,"N")) -> 0
A79: 4 | B79: =LIDER!G62 -> 0 | C79: =C78 -> G11 | E79: =IF(B79=0,0,IF(D79="",$F$76*LIDER!$H$9+$G$76*LIDER!$H$10+$H$76*LIDER!$H$11+$I$76*LIDER!$H$12+$J$76*LIDER!$H$13+$K$76*LIDER!$H$14+$L$76*LIDER!$H$15,"N")) -> 0
A80: 5 | B80: =LIDER!G63 -> 0 | C80: =C79 -> G11 | E80: =IF(B80=0,0,IF(D80="",$F$76*LIDER!$H$9+$G$76*LIDER!$H$10+$H$76*LIDER!$H$11+$I$76*LIDER!$H$12+$J$76*LIDER!$H$13+$K$76*LIDER!$H$14+$L$76*LIDER!$H$15,"N")) -> 0
A81: 6 | B81: =LIDER!G64 -> 0 | C81: =C80 -> G11 | E81: =IF(B81=0,0,IF(D81="",$F$76*LIDER!$H$9+$G$76*LIDER!$H$10+$H$76*LIDER!$H$11+$I$76*LIDER!$H$12+$J$76*LIDER!$H$13+$K$76*LIDER!$H$14+$L$76*LIDER!$H$15,"N")) -> 0
B82: GRUPO#12 | C82: G12 | D82: =D75 -> LIST | E82: DEF | F82: =LIDER!$E$40 -> GRUPO#12
A83: 1 | B83: =LIDER!H59 -> 0 | C83: =C82 -> G12 | E83: =IF(B83=0,0,IF(D83="",$F$83*LIDER!$H$9+$G$83*LIDER!$H$10+$H$83*LIDER!$H$11+$I$83*LIDER!$H$12+$J$83*LIDER!$H$13+$K$83*LIDER!$H$14+$L$83*LIDER!$H$15,"N")) -> 0
A84: 2 | B84: =LIDER!H60 -> 0 | C84: =C83 -> G12 | E84: =IF(B84=0,0,IF(D84="",$F$83*LIDER!$H$9+$G$83*LIDER!$H$10+$H$83*LIDER!$H$11+$I$83*LIDER!$H$12+$J$83*LIDER!$H$13+$K$83*LIDER!$H$14+$L$83*LIDER!$H$15,"N")) -> 0
A85: 3 | B85: =LIDER!H61 -> 0 | C85: =C84 -> G12 | E85: =IF(B85=0,0,IF(D85="",$F$83*LIDER!$H$9+$G$83*LIDER!$H$10+$H$83*LIDER!$H$11+$I$83*LIDER!$H$12+$J$83*LIDER!$H$13+$K$83*LIDER!$H$14+$L$83*LIDER!$H$15,"N")) -> 0
A86: 4 | B86: =LIDER!H62 -> 0 | C86: =C85 -> G12 | E86: =IF(B86=0,0,IF(D86="",$F$83*LIDER!$H$9+$G$83*LIDER!$H$10+$H$83*LIDER!$H$11+$I$83*LIDER!$H$12+$J$83*LIDER!$H$13+$K$83*LIDER!$H$14+$L$83*LIDER!$H$15,"N")) -> 0
A87: 5 | B87: =LIDER!H63 -> 0 | C87: =C86 -> G12 | E87: =IF(B87=0,0,IF(D87="",$F$83*LIDER!$H$9+$G$83*LIDER!$H$10+$H$83*LIDER!$H$11+$I$83*LIDER!$H$12+$J$83*LIDER!$H$13+$K$83*LIDER!$H$14+$L$83*LIDER!$H$15,"N")) -> 0
A88: 6 | B88: =LIDER!H64 -> 0 | C88: =C87 -> G12 | E88: =IF(B88=0,0,IF(D88="",$F$83*LIDER!$H$9+$G$83*LIDER!$H$10+$H$83*LIDER!$H$11+$I$83*LIDER!$H$12+$J$83*LIDER!$H$13+$K$83*LIDER!$H$14+$L$83*LIDER!$H$15,"N")) -> 0

Sheet S-ASIG-04
A1: =LIDER!B2 -> TECNOLOGÍA EN GESTIÓN DE NEGOCIOS INTERN | I1: =LIDER!E2 -> SEMESTRE: | J1: =LIDER!F2 -> SEM-03 | K1: =LIDER!G2 -> SECCIÓN: | L1: =LIDER!H2 -> 2
B2: =LIDER!F4 -> LEGISLACION PARA EL COMERCIO | F2: CRITERIOS DE EVALUACIÓN
B3: Estudiantes | F3: =LIDER!E9 -> PRESENTACIÓN GENERAL: Adopta la norma APA, tamaño de la hoja, margenes, titulo, portadas, numeración de paginas, tabla de contenido automatizada, ortografia, justificacion del texto, citas automatizadas, listas, figuras,etc. | G3: =LIDER!E10 -> ANTEPROYECTO: Portada, planteamiento del problema, justificacion del trabajo o proyecto de aula, objetivos, marco teorico, diseño metodologico. | H3: =LIDER!E11 -> RESULTADOS: Analiza, integra y aplica de manera coherente los aspectos legales-tributarios, administrativos y tecnológicos en el desarrollo de la propuesta investigativa, evidenciando capacidad para generar soluciones viables, pertinentes y sostenibles. | I3: =LIDER!E12 -> BILIOGRAFIA: Las referencias bibliograficas: adoptan las normas APA. El documento es producto de un rastreo bibliografico que muestra analisis y sistensis. | J3: =LIDER!E13 -> ASESORIAS: Anexó la hoja de tutoria firmada ( 3 fimas minmimo). | K3: =LIDER!E14 -> 0 | L3: =LIDER!E15 -> 0
F4: =CONCATENATE(LIDER!F4," - ",LIDER!F6," - ",LIDER!F5) -> LEGISLACION PARA EL COMERCIO - 2490 - ANGELICA PAOLA DOMINGUEZ CASTELLAR
B5: GRUPO#1 | C5: G01 | D5: LIST | E5: DEF | F5: =LIDER!$E$29 -> GRUPO#1. Identificación de los aspectos legales, tributarios, administrativos, macroeconómicos, aduaneros, tecnológicos e internacionales que definen el perfil de Yara Colombia S.A. en los negocios internacionales
A6: 1 | B6: =LIDER!E43 -> SARA OYOLA MARTINEZ | C6: =C5 -> G01 | E6: =IF(B6=0,0,IF(D6="",$F$6*LIDER!$H$9+$G$6*LIDER!$H$10+$H$6*LIDER!$H$11+$I$6*LIDER!$H$12+$J$6*LIDER!$H$13+$K$6*LIDER!$H$14+$L$6*LIDER!$H$15,"N")) -> 4.74 | F6: 4.5 | G6: 4.5 | H6: 4.8 | I6: 5 | J6: 5
A7: 2 | B7: =LIDER!E44 -> YINA MARCELA PÉREZ PINEDA | C7: =C6 -> G01 | E7: =IF(B7=0,0,IF(D7="",$F$6*LIDER!$H$9+$G$6*LIDER!$H$10+$H$6*LIDER!$H$11+$I$6*LIDER!$H$12+$J$6*LIDER!$H$13+$K$6*LIDER!$H$14+$L$6*LIDER!$H$15,"N")) -> 4.74
A8: 3 | B8: =LIDER!E45 -> JABES ELIAS ROSERO VILLA | C8: =C7 -> G01 | E8: =IF(B8=0,0,IF(D8="",$F$6*LIDER!$H$9+$G$6*LIDER!$H$10+$H$6*LIDER!$H$11+$I$6*LIDER!$H$12+$J$6*LIDER!$H$13+$K$6*LIDER!$H$14+$L$6*LIDER!$H$15,"N")) -> 4.74
A9: 4 | B9: =LIDER!E46 -> ISAIAS FERNANDO SALCEDO CAICEDO | C9: =C8 -> G01 | E9: =IF(B9=0,0,IF(D9="",$F$6*LIDER!$H$9+$G$6*LIDER!$H$10+$H$6*LIDER!$H$11+$I$6*LIDER!$H$12+$J$6*LIDER!$H$13+$K$6*LIDER!$H$14+$L$6*LIDER!$H$15,"N")) -> 4.74
A10: 5 | B10: =LIDER!E47 -> 0 | C10: =C9 -> G01 | E10: =IF(B10=0,0,IF(D10="",$F$6*LIDER!$H$9+$G$6*LIDER!$H$10+$H$6*LIDER!$H$11+$I$6*LIDER!$H$12+$J$6*LIDER!$H$13+$K$6*LIDER!$H$14+$L$6*LIDER!$H$15,"N")) -> 0
A11: 6 | B11: =LIDER!E48 -> 0 | C11: =C10 -> G01 | E11: =IF(B11=0,0,IF(D11="",$F$6*LIDER!$H$9+$G$6*LIDER!$H$10+$H$6*LIDER!$H$11+$I$6*LIDER!$H$12+$J$6*LIDER!$H$13+$K$6*LIDER!$H$14+$L$6*LIDER!$H$15,"N")) -> 0
B12: GRUPO#2 | C12: G02 | D12: =D5 -> LIST | E12: DEF | F12: =LIDER!$E$30 -> GRUPO#2. Identificación de los aspectos legales, tributarios, administrativos, macroeconómicos, aduaneros, tecnológicos e internacionales que definen el perfil de Grupo Familia en los negocios internacionales con enfoque en la exportación hacia Estados Unidos.
A13: 1 | B13: =LIDER!F43 -> JORGE ALBERTO BATISTA TABORDA | C13: =C12 -> G02 | E13: =IF(B13=0,0,IF(D13="",$F$13*LIDER!$H$9+$G$13*LIDER!$H$10+$H$13*LIDER!$H$11+$I$13*LIDER!$H$12+$J$13*LIDER!$H$13+$K$13*LIDER!$H$14+$L$13*LIDER!$H$15,"N")) -> 3.46 | F13: 2.5 | G13: 2.8 | H13: 3 | I13: 5 | J13: 5
A14: 2 | B14: =LIDER!F44 -> JEREMY MACOLL DIAZ PEREZ | C14: =C13 -> G02 | E14: =IF(B14=0,0,IF(D14="",$F$13*LIDER!$H$9+$G$13*LIDER!$H$10+$H$13*LIDER!$H$11+$I$13*LIDER!$H$12+$J$13*LIDER!$H$13+$K$13*LIDER!$H$14+$L$13*LIDER!$H$15,"N")) -> 3.46
A15: 3 | B15: =LIDER!F45 -> DARIANY PEÑARANDA LLACH | C15: =C14 -> G02 | E15: =IF(B15=0,0,IF(D15="",$F$13*LIDER!$H$9+$G$13*LIDER!$H$10+$H$13*LIDER!$H$11+$I$13*LIDER!$H$12+$J$13*LIDER!$H$13+$K$13*LIDER!$H$14+$L$13*LIDER!$H$15,"N")) -> 3.46
A16: 4 | B16: =LIDER!F46 -> MARIANGEL ROMERO VANEGAS | C16: =C15 -> G02 | E16: =IF(B16=0,0,IF(D16="",$F$13*LIDER!$H$9+$G$13*LIDER!$H$10+$H$13*LIDER!$H$11+$I$13*LIDER!$H$12+$J$13*LIDER!$H$13+$K$13*LIDER!$H$14+$L$13*LIDER!$H$15,"N")) -> 3.46
A17: 5 | B17: =LIDER!F47 -> 0 | C17: =C16 -> G02 | E17: =IF(B17=0,0,IF(D17="",$F$13*LIDER!$H$9+$G$13*LIDER!$H$10+$H$13*LIDER!$H$11+$I$13*LIDER!$H$12+$J$13*LIDER!$H$13+$K$13*LIDER!$H$14+$L$13*LIDER!$H$15,"N")) -> 0
A18: 6 | B18: =LIDER!F48 -> 0 | C18: =C17 -> G02 | E18: =IF(B18=0,0,IF(D18="",$F$13*LIDER!$H$9+$G$13*LIDER!$H$10+$H$13*LIDER!$H$11+$I$13*LIDER!$H$12+$J$13*LIDER!$H$13+$K$13*LIDER!$H$14+$L$13*LIDER!$H$15,"N")) -> 0
B19: GRUPO#3 | C19: G03 | D19: =D12 -> LIST | E19: DEF | F19: =LIDER!$E$31 -> GRUPO#3
A20: 1 | B20: =LIDER!G43 -> 0 | C20: =C19 -> G03 | E20: =IF(B20=0,0,IF(D20="",$F$20*LIDER!$H$9+$G$20*LIDER!$H$10+$H$20*LIDER!$H$11+$I$20*LIDER!$H$12+$J$20*LIDER!$H$13+$K$20*LIDER!$H$14+$L$20*LIDER!$H$15,"N")) -> 0
A21: 2 | B21: =LIDER!G44 -> 0 | C21: =C20 -> G03 | E21: =IF(B21=0,0,IF(D21="",$F$20*LIDER!$H$9+$G$20*LIDER!$H$10+$H$20*LIDER!$H$11+$I$20*LIDER!$H$12+$J$20*LIDER!$H$13+$K$20*LIDER!$H$14+$L$20*LIDER!$H$15,"N")) -> 0
A22: 3 | B22: =LIDER!G45 -> 0 | C22: =C21 -> G03 | E22: =IF(B22=0,0,IF(D22="",$F$20*LIDER!$H$9+$G$20*LIDER!$H$10+$H$20*LIDER!$H$11+$I$20*LIDER!$H$12+$J$20*LIDER!$H$13+$K$20*LIDER!$H$14+$L$20*LIDER!$H$15,"N")) -> 0
A23: 4 | B23: =LIDER!G46 -> 0 | C23: =C22 -> G03 | E23: =IF(B23=0,0,IF(D23="",$F$20*LIDER!$H$9+$G$20*LIDER!$H$10+$H$20*LIDER!$H$11+$I$20*LIDER!$H$12+$J$20*LIDER!$H$13+$K$20*LIDER!$H$14+$L$20*LIDER!$H$15,"N")) -> 0
A24: 5 | B24: =LIDER!G47 -> 0 | C24: =C23 -> G03 | E24: =IF(B24=0,0,IF(D24="",$F$20*LIDER!$H$9+$G$20*LIDER!$H$10+$H$20*LIDER!$H$11+$I$20*LIDER!$H$12+$J$20*LIDER!$H$13+$K$20*LIDER!$H$14+$L$20*LIDER!$H$15,"N")) -> 0
A25: 6 | B25: =LIDER!G48 -> 0 | C25: =C24 -> G03 | E25: =IF(B25=0,0,IF(D25="",$F$20*LIDER!$H$9+$G$20*LIDER!$H$10+$H$20*LIDER!$H$11+$I$20*LIDER!$H$12+$J$20*LIDER!$H$13+$K$20*LIDER!$H$14+$L$20*LIDER!$H$15,"N")) -> 0
B26: GRUPO#4 | C26: G04 | D26: =D19 -> LIST | E26: DEF | F26: =LIDER!$E$32 -> GRUPO#4
A27: 1 | B27: =LIDER!H43 -> 0 | C27: =C26 -> G04 | E27: =IF(B27=0,0,IF(D27="",$F$27*LIDER!$H$9+$G$27*LIDER!$H$10+$H$27*LIDER!$H$11+$I$27*LIDER!$H$12+$J$27*LIDER!$H$13+$K$27*LIDER!$H$14+$L$27*LIDER!$H$15,"N")) -> 0
A28: 2 | B28: =LIDER!H44 -> 0 | C28: =C27 -> G04 | E28: =IF(B28=0,0,IF(D28="",$F$27*LIDER!$H$9+$G$27*LIDER!$H$10+$H$27*LIDER!$H$11+$I$27*LIDER!$H$12+$J$27*LIDER!$H$13+$K$27*LIDER!$H$14+$L$27*LIDER!$H$15,"N")) -> 0
A29: 3 | B29: =LIDER!H45 -> 0 | C29: =C28 -> G04 | E29: =IF(B29=0,0,IF(D29="",$F$27*LIDER!$H$9+$G$27*LIDER!$H$10+$H$27*LIDER!$H$11+$I$27*LIDER!$H$12+$J$27*LIDER!$H$13+$K$27*LIDER!$H$14+$L$27*LIDER!$H$15,"N")) -> 0
A30: 4 | B30: =LIDER!H46 -> 0 | C30: =C29 -> G04 | E30: =IF(B30=0,0,IF(D30="",$F$27*LIDER!$H$9+$G$27*LIDER!$H$10+$H$27*LIDER!$H$11+$I$27*LIDER!$H$12+$J$27*LIDER!$H$13+$K$27*LIDER!$H$14+$L$27*LIDER!$H$15,"N")) -> 0
A31: 5 | B31: =LIDER!H47 -> 0 | C31: =C30 -> G04 | E31: =IF(B31=0,0,IF(D31="",$F$27*LIDER!$H$9+$G$27*LIDER!$H$10+$H$27*LIDER!$H$11+$I$27*LIDER!$H$12+$J$27*LIDER!$H$13+$K$27*LIDER!$H$14+$L$27*LIDER!$H$15,"N")) -> 0
A32: 6 | B32: =LIDER!H48 -> 0 | C32: =C31 -> G04 | E32: =IF(B32=0,0,IF(D32="",$F$27*LIDER!$H$9+$G$27*LIDER!$H$10+$H$27*LIDER!$H$11+$I$27*LIDER!$H$12+$J$27*LIDER!$H$13+$K$27*LIDER!$H$14+$L$27*LIDER!$H$15,"N")) -> 0
B33: GRUPO#5 | C33: G05 | D33: =D26 -> LIST | E33: DEF | F33: =LIDER!$E$33 -> GRUPO#5
A34: 1 | B34: =LIDER!E51 -> 0 | C34: =C33 -> G05 | E34: =IF(B34=0,0,IF(D34="",$F$34*LIDER!$H$9+$G$34*LIDER!$H$10+$H$34*LIDER!$H$11+$I$34*LIDER!$H$12+$J$34*LIDER!$H$13+$K$34*LIDER!$H$14+$L$34*LIDER!$H$15,"N")) -> 0
A35: 2 | B35: =LIDER!E52 -> 0 | C35: =C34 -> G05 | E35: =IF(B35=0,0,IF(D35="",$F$34*LIDER!$H$9+$G$34*LIDER!$H$10+$H$34*LIDER!$H$11+$I$34*LIDER!$H$12+$J$34*LIDER!$H$13+$K$34*LIDER!$H$14+$L$34*LIDER!$H$15,"N")) -> 0
A36: 3 | B36: =LIDER!E53 -> 0 | C36: =C35 -> G05 | E36: =IF(B36=0,0,IF(D36="",$F$34*LIDER!$H$9+$G$34*LIDER!$H$10+$H$34*LIDER!$H$11+$I$34*LIDER!$H$12+$J$34*LIDER!$H$13+$K$34*LIDER!$H$14+$L$34*LIDER!$H$15,"N")) -> 0
A37: 4 | B37: =LIDER!E54 -> 0 | C37: =C36 -> G05 | E37: =IF(B37=0,0,IF(D37="",$F$34*LIDER!$H$9+$G$34*LIDER!$H$10+$H$34*LIDER!$H$11+$I$34*LIDER!$H$12+$J$34*LIDER!$H$13+$K$34*LIDER!$H$14+$L$34*LIDER!$H$15,"N")) -> 0
A38: 5 | B38: =LIDER!E55 -> 0 | C38: =C37 -> G05 | E38: =IF(B38=0,0,IF(D38="",$F$34*LIDER!$H$9+$G$34*LIDER!$H$10+$H$34*LIDER!$H$11+$I$34*LIDER!$H$12+$J$34*LIDER!$H$13+$K$34*LIDER!$H$14+$L$34*LIDER!$H$15,"N")) -> 0
A39: 6 | B39: =LIDER!E56 -> 0 | C39: =C38 -> G05 | E39: =IF(B39=0,0,IF(D39="",$F$34*LIDER!$H$9+$G$34*LIDER!$H$10+$H$34*LIDER!$H$11+$I$34*LIDER!$H$12+$J$34*LIDER!$H$13+$K$34*LIDER!$H$14+$L$34*LIDER!$H$15,"N")) -> 0
B40: GRUPO#6 | C40: G06 | D40: =D33 -> LIST | E40: DEF | F40: =LIDER!$E$34 -> GRUPO#6
A41: 1 | B41: =LIDER!F51 -> 0 | C41: =C40 -> G06 | E41: =IF(B41=0,0,IF(D41="",$F$41*LIDER!$H$9+$G$41*LIDER!$H$10+$H$41*LIDER!$H$11+$I$41*LIDER!$H$12+$J$41*LIDER!$H$13+$K$41*LIDER!$H$14+$L$41*LIDER!$H$15,"N")) -> 0
A42: 2 | B42: =LIDER!F52 -> 0 | C42: =C41 -> G06 | E42: =IF(B42=0,0,IF(D42="",$F$41*LIDER!$H$9+$G$41*LIDER!$H$10+$H$41*LIDER!$H$11+$I$41*LIDER!$H$12+$J$41*LIDER!$H$13+$K$41*LIDER!$H$14+$L$41*LIDER!$H$15,"N")) -> 0
A43: 3 | B43: =LIDER!F53 -> 0 | C43: =C42 -> G06 | E43: =IF(B43=0,0,IF(D43="",$F$41*LIDER!$H$9+$G$41*LIDER!$H$10+$H$41*LIDER!$H$11+$I$41*LIDER!$H$12+$J$41*LIDER!$H$13+$K$41*LIDER!$H$14+$L$41*LIDER!$H$15,"N")) -> 0
A44: 4 | B44: =LIDER!F54 -> 0 | C44: =C43 -> G06 | E44: =IF(B44=0,0,IF(D44="",$F$41*LIDER!$H$9+$G$41*LIDER!$H$10+$H$41*LIDER!$H$11+$I$41*LIDER!$H$12+$J$41*LIDER!$H$13+$K$41*LIDER!$H$14+$L$41*LIDER!$H$15,"N")) -> 0
A45: 5 | B45: =LIDER!F55 -> 0 | C45: =C44 -> G06 | E45: =IF(B45=0,0,IF(D45="",$F$41*LIDER!$H$9+$G$41*LIDER!$H$10+$H$41*LIDER!$H$11+$I$41*LIDER!$H$12+$J$41*LIDER!$H$13+$K$41*LIDER!$H$14+$L$41*LIDER!$H$15,"N")) -> 0
A46: 6 | B46: =LIDER!F56 -> 0 | C46: =C45 -> G06 | E46: =IF(B46=0,0,IF(D46="",$F$41*LIDER!$H$9+$G$41*LIDER!$H$10+$H$41*LIDER!$H$11+$I$41*LIDER!$H$12+$J$41*LIDER!$H$13+$K$41*LIDER!$H$14+$L$41*LIDER!$H$15,"N")) -> 0
B47: GRUPO#7 | C47: G07 | D47: =D40 -> LIST | E47: DEF | F47: =LIDER!$E$35 -> GRUPO#7
A48: 1 | B48: =LIDER!G51 -> 0 | C48: =C47 -> G07 | E48: =IF(B48=0,0,IF(D48="",$F$48*LIDER!$H$9+$G$48*LIDER!$H$10+$H$48*LIDER!$H$11+$I$48*LIDER!$H$12+$J$48*LIDER!$H$13+$K$48*LIDER!$H$14+$L$48*LIDER!$H$15,"N")) -> 0
A49: 2 | B49: =LIDER!G52 -> 0 | C49: =C48 -> G07 | E49: =IF(B49=0,0,IF(D49="",$F$48*LIDER!$H$9+$G$48*LIDER!$H$10+$H$48*LIDER!$H$11+$I$48*LIDER!$H$12+$J$48*LIDER!$H$13+$K$48*LIDER!$H$14+$L$48*LIDER!$H$15,"N")) -> 0
A50: 3 | B50: =LIDER!G53 -> 0 | C50: =C49 -> G07 | E50: =IF(B50=0,0,IF(D50="",$F$48*LIDER!$H$9+$G$48*LIDER!$H$10+$H$48*LIDER!$H$11+$I$48*LIDER!$H$12+$J$48*LIDER!$H$13+$K$48*LIDER!$H$14+$L$48*LIDER!$H$15,"N")) -> 0
A51: 4 | B51: =LIDER!G54 -> 0 | C51: =C50 -> G07 | E51: =IF(B51=0,0,IF(D51="",$F$48*LIDER!$H$9+$G$48*LIDER!$H$10+$H$48*LIDER!$H$11+$I$48*LIDER!$H$12+$J$48*LIDER!$H$13+$K$48*LIDER!$H$14+$L$48*LIDER!$H$15,"N")) -> 0
A52: 5 | B52: =LIDER!G55 -> 0 | C52: =C51 -> G07 | E52: =IF(B52=0,0,IF(D52="",$F$48*LIDER!$H$9+$G$48*LIDER!$H$10+$H$48*LIDER!$H$11+$I$48*LIDER!$H$12+$J$48*LIDER!$H$13+$K$48*LIDER!$H$14+$L$48*LIDER!$H$15,"N")) -> 0
A53: 6 | B53: =LIDER!G56 -> 0 | C53: =C52 -> G07 | E53: =IF(B53=0,0,IF(D53="",$F$48*LIDER!$H$9+$G$48*LIDER!$H$10+$H$48*LIDER!$H$11+$I$48*LIDER!$H$12+$J$48*LIDER!$H$13+$K$48*LIDER!$H$14+$L$48*LIDER!$H$15,"N")) -> 0
B54: GRUPO#8 | C54: G08 | D54: =D47 -> LIST | E54: DEF | F54: =LIDER!$E$36 -> GRUPO#8
A55: 1 | B55: =LIDER!H51 -> 0 | C55: =C54 -> G08 | E55: =IF(B55=0,0,IF(D55="",$F$55*LIDER!$H$9+$G$55*LIDER!$H$10+$H$55*LIDER!$H$11+$I$55*LIDER!$H$12+$J$55*LIDER!$H$13+$K$55*LIDER!$H$14+$L$55*LIDER!$H$15,"N")) -> 0
A56: 2 | B56: =LIDER!H52 -> 0 | C56: =C55 -> G08 | E56: =IF(B56=0,0,IF(D56="",$F$55*LIDER!$H$9+$G$55*LIDER!$H$10+$H$55*LIDER!$H$11+$I$55*LIDER!$H$12+$J$55*LIDER!$H$13+$K$55*LIDER!$H$14+$L$55*LIDER!$H$15,"N")) -> 0
A57: 3 | B57: =LIDER!H53 -> 0 | C57: =C56 -> G08 | E57: =IF(B57=0,0,IF(D57="",$F$55*LIDER!$H$9+$G$55*LIDER!$H$10+$H$55*LIDER!$H$11+$I$55*LIDER!$H$12+$J$55*LIDER!$H$13+$K$55*LIDER!$H$14+$L$55*LIDER!$H$15,"N")) -> 0
A58: 4 | B58: =LIDER!H54 -> 0 | C58: =C57 -> G08 | E58: =IF(B58=0,0,IF(D58="",$F$55*LIDER!$H$9+$G$55*LIDER!$H$10+$H$55*LIDER!$H$11+$I$55*LIDER!$H$12+$J$55*LIDER!$H$13+$K$55*LIDER!$H$14+$L$55*LIDER!$H$15,"N")) -> 0
A59: 5 | B59: =LIDER!H55 -> 0 | C59: =C58 -> G08 | E59: =IF(B59=0,0,IF(D59="",$F$55*LIDER!$H$9+$G$55*LIDER!$H$10+$H$55*LIDER!$H$11+$I$55*LIDER!$H$12+$J$55*LIDER!$H$13+$K$55*LIDER!$H$14+$L$55*LIDER!$H$15,"N")) -> 0
A60: 6 | B60: =LIDER!H56 -> 0 | C60: =C59 -> G08 | E60: =IF(B60=0,0,IF(D60="",$F$55*LIDER!$H$9+$G$55*LIDER!$H$10+$H$55*LIDER!$H$11+$I$55*LIDER!$H$12+$J$55*LIDER!$H$13+$K$55*LIDER!$H$14+$L$55*LIDER!$H$15,"N")) -> 0
B61: GRUPO#9 | C61: G09 | D61: =D54 -> LIST | E61: DEF | F61: =LIDER!$E$37 -> GRUPO#9
A62: 1 | B62: =LIDER!E59 -> 0 | C62: =C61 -> G09 | E62: =IF(B62=0,0,IF(D62="",$F$62*LIDER!$H$9+$G$62*LIDER!$H$10+$H$62*LIDER!$H$11+$I$62*LIDER!$H$12+$J$62*LIDER!$H$13+$K$62*LIDER!$H$14+$L$62*LIDER!$H$15,"N")) -> 0
A63: 2 | B63: =LIDER!E60 -> 0 | C63: =C62 -> G09 | E63: =IF(B63=0,0,IF(D63="",$F$62*LIDER!$H$9+$G$62*LIDER!$H$10+$H$62*LIDER!$H$11+$I$62*LIDER!$H$12+$J$62*LIDER!$H$13+$K$62*LIDER!$H$14+$L$62*LIDER!$H$15,"N")) -> 0
A64: 3 | B64: =LIDER!E61 -> 0 | C64: =C63 -> G09 | E64: =IF(B64=0,0,IF(D64="",$F$62*LIDER!$H$9+$G$62*LIDER!$H$10+$H$62*LIDER!$H$11+$I$62*LIDER!$H$12+$J$62*LIDER!$H$13+$K$62*LIDER!$H$14+$L$62*LIDER!$H$15,"N")) -> 0
A65: 4 | B65: =LIDER!E62 -> 0 | C65: =C64 -> G09 | E65: =IF(B65=0,0,IF(D65="",$F$62*LIDER!$H$9+$G$62*LIDER!$H$10+$H$62*LIDER!$H$11+$I$62*LIDER!$H$12+$J$62*LIDER!$H$13+$K$62*LIDER!$H$14+$L$62*LIDER!$H$15,"N")) -> 0
A66: 5 | B66: =LIDER!E63 -> 0 | C66: =C65 -> G09 | E66: =IF(B66=0,0,IF(D66="",$F$62*LIDER!$H$9+$G$62*LIDER!$H$10+$H$62*LIDER!$H$11+$I$62*LIDER!$H$12+$J$62*LIDER!$H$13+$K$62*LIDER!$H$14+$L$62*LIDER!$H$15,"N")) -> 0
A67: 6 | B67: =LIDER!E64 -> 0 | C67: =C66 -> G09 | E67: =IF(B67=0,0,IF(D67="",$F$62*LIDER!$H$9+$G$62*LIDER!$H$10+$H$62*LIDER!$H$11+$I$62*LIDER!$H$12+$J$62*LIDER!$H$13+$K$62*LIDER!$H$14+$L$62*LIDER!$H$15,"N")) -> 0
B68: GRUPO#10 | C68: G10 | D68: =D61 -> LIST | E68: DEF | F68: =LIDER!$E$38 -> GRUPO#10
A69: 1 | B69: =LIDER!F59 -> 0 | C69: =C68 -> G10 | E69: =IF(B69=0,0,IF(D69="",$F$69*LIDER!$H$9+$G$69*LIDER!$H$10+$H$69*LIDER!$H$11+$I$69*LIDER!$H$12+$J$69*LIDER!$H$13+$K$69*LIDER!$H$14+$L$69*LIDER!$H$15,"N")) -> 0
A70: 2 | B70: =LIDER!F60 -> 0 | C70: =C69 -> G10 | E70: =IF(B70=0,0,IF(D70="",$F$69*LIDER!$H$9+$G$69*LIDER!$H$10+$H$69*LIDER!$H$11+$I$69*LIDER!$H$12+$J$69*LIDER!$H$13+$K$69*LIDER!$H$14+$L$69*LIDER!$H$15,"N")) -> 0
A71: 3 | B71: =LIDER!F61 -> 0 | C71: =C70 -> G10 | E71: =IF(B71=0,0,IF(D71="",$F$69*LIDER!$H$9+$G$69*LIDER!$H$10+$H$69*LIDER!$H$11+$I$69*LIDER!$H$12+$J$69*LIDER!$H$13+$K$69*LIDER!$H$14+$L$69*LIDER!$H$15,"N")) -> 0
A72: 4 | B72: =LIDER!F62 -> 0 | C72: =C71 -> G10 | E72: =IF(B72=0,0,IF(D72="",$F$69*LIDER!$H$9+$G$69*LIDER!$H$10+$H$69*LIDER!$H$11+$I$69*LIDER!$H$12+$J$69*LIDER!$H$13+$K$69*LIDER!$H$14+$L$69*LIDER!$H$15,"N")) -> 0
A73: 5 | B73: =LIDER!F63 -> 0 | C73: =C72 -> G10 | E73: =IF(B73=0,0,IF(D73="",$F$69*LIDER!$H$9+$G$69*LIDER!$H$10+$H$69*LIDER!$H$11+$I$69*LIDER!$H$12+$J$69*LIDER!$H$13+$K$69*LIDER!$H$14+$L$69*LIDER!$H$15,"N")) -> 0
A74: 6 | B74: =LIDER!F64 -> 0 | C74: =C73 -> G10 | E74: =IF(B74=0,0,IF(D74="",$F$69*LIDER!$H$9+$G$69*LIDER!$H$10+$H$69*LIDER!$H$11+$I$69*LIDER!$H$12+$J$69*LIDER!$H$13+$K$69*LIDER!$H$14+$L$69*LIDER!$H$15,"N")) -> 0
B75: GRUPO#11 | C75: G11 | D75: =D68 -> LIST | E75: DEF | F75: =LIDER!$E$39 -> GRUPO#11
A76: 1 | B76: =LIDER!G59 -> 0 | C76: =C75 -> G11 | E76: =IF(B76=0,0,IF(D76="",$F$76*LIDER!$H$9+$G$76*LIDER!$H$10+$H$76*LIDER!$H$11+$I$76*LIDER!$H$12+$J$76*LIDER!$H$13+$K$76*LIDER!$H$14+$L$76*LIDER!$H$15,"N")) -> 0
A77: 2 | B77: =LIDER!G60 -> 0 | C77: =C76 -> G11 | E77: =IF(B77=0,0,IF(D77="",$F$76*LIDER!$H$9+$G$76*LIDER!$H$10+$H$76*LIDER!$H$11+$I$76*LIDER!$H$12+$J$76*LIDER!$H$13+$K$76*LIDER!$H$14+$L$76*LIDER!$H$15,"N")) -> 0
A78: 3 | B78: =LIDER!G61 -> 0 | C78: =C77 -> G11 | E78: =IF(B78=0,0,IF(D78="",$F$76*LIDER!$H$9+$G$76*LIDER!$H$10+$H$76*LIDER!$H$11+$I$76*LIDER!$H$12+$J$76*LIDER!$H$13+$K$76*LIDER!$H$14+$L$76*LIDER!$H$15,"N")) -> 0
A79: 4 | B79: =LIDER!G62 -> 0 | C79: =C78 -> G11 | E79: =IF(B79=0,0,IF(D79="",$F$76*LIDER!$H$9+$G$76*LIDER!$H$10+$H$76*LIDER!$H$11+$I$76*LIDER!$H$12+$J$76*LIDER!$H$13+$K$76*LIDER!$H$14+$L$76*LIDER!$H$15,"N")) -> 0
A80: 5 | B80: =LIDER!G63 -> 0 | C80: =C79 -> G11 | E80: =IF(B80=0,0,IF(D80="",$F$76*LIDER!$H$9+$G$76*LIDER!$H$10+$H$76*LIDER!$H$11+$I$76*LIDER!$H$12+$J$76*LIDER!$H$13+$K$76*LIDER!$H$14+$L$76*LIDER!$H$15,"N")) -> 0
A81: 6 | B81: =LIDER!G64 -> 0 | C81: =C80 -> G11 | E81: =IF(B81=0,0,IF(D81="",$F$76*LIDER!$H$9+$G$76*LIDER!$H$10+$H$76*LIDER!$H$11+$I$76*LIDER!$H$12+$J$76*LIDER!$H$13+$K$76*LIDER!$H$14+$L$76*LIDER!$H$15,"N")) -> 0
B82: GRUPO#12 | C82: G12 | D82: =D75 -> LIST | E82: DEF | F82: =LIDER!$E$40 -> GRUPO#12
A83: 1 | B83: =LIDER!H59 -> 0 | C83: =C82 -> G12 | E83: =IF(B83=0,0,IF(D83="",$F$83*LIDER!$H$9+$G$83*LIDER!$H$10+$H$83*LIDER!$H$11+$I$83*LIDER!$H$12+$J$83*LIDER!$H$13+$K$83*LIDER!$H$14+$L$83*LIDER!$H$15,"N")) -> 0
A84: 2 | B84: =LIDER!H60 -> 0 | C84: =C83 -> G12 | E84: =IF(B84=0,0,IF(D84="",$F$83*LIDER!$H$9+$G$83*LIDER!$H$10+$H$83*LIDER!$H$11+$I$83*LIDER!$H$12+$J$83*LIDER!$H$13+$K$83*LIDER!$H$14+$L$83*LIDER!$H$15,"N")) -> 0
A85: 3 | B85: =LIDER!H61 -> 0 | C85: =C84 -> G12 | E85: =IF(B85=0,0,IF(D85="",$F$83*LIDER!$H$9+$G$83*LIDER!$H$10+$H$83*LIDER!$H$11+$I$83*LIDER!$H$12+$J$83*LIDER!$H$13+$K$83*LIDER!$H$14+$L$83*LIDER!$H$15,"N")) -> 0
A86: 4 | B86: =LIDER!H62 -> 0 | C86: =C85 -> G12 | E86: =IF(B86=0,0,IF(D86="",$F$83*LIDER!$H$9+$G$83*LIDER!$H$10+$H$83*LIDER!$H$11+$I$83*LIDER!$H$12+$J$83*LIDER!$H$13+$K$83*LIDER!$H$14+$L$83*LIDER!$H$15,"N")) -> 0
A87: 5 | B87: =LIDER!H63 -> 0 | C87: =C86 -> G12 | E87: =IF(B87=0,0,IF(D87="",$F$83*LIDER!$H$9+$G$83*LIDER!$H$10+$H$83*LIDER!$H$11+$I$83*LIDER!$H$12+$J$83*LIDER!$H$13+$K$83*LIDER!$H$14+$L$83*LIDER!$H$15,"N")) -> 0
A88: 6 | B88: =LIDER!H64 -> 0 | C88: =C87 -> G12 | E88: =IF(B88=0,0,IF(D88="",$F$83*LIDER!$H$9+$G$83*LIDER!$H$10+$H$83*LIDER!$H$11+$I$83*LIDER!$H$12+$J$83*LIDER!$H$13+$K$83*LIDER!$H$14+$L$83*LIDER!$H$15,"N")) -> 0

Sheet S-ASIG-03
A1: =LIDER!B2 -> TECNOLOGÍA EN GESTIÓN DE NEGOCIOS INTERN | I1: =LIDER!E2 -> SEMESTRE: | J1: =LIDER!F2 -> SEM-03 | K1: =LIDER!G2 -> SECCIÓN: | L1: =LIDER!H2 -> 2
B2: =LIDER!E4 -> INTERNACIONALIZACION | F2: CRITERIOS DE EVALUACIÓN
B3: Estudiantes | F3: =LIDER!E9 -> PRESENTACIÓN GENERAL: Adopta la norma APA, tamaño de la hoja, margenes, titulo, portadas, numeración de paginas, tabla de contenido automatizada, ortografia, justificacion del texto, citas automatizadas, listas, figuras,etc. | G3: =LIDER!E10 -> ANTEPROYECTO: Portada, planteamiento del problema, justificacion del trabajo o proyecto de aula, objetivos, marco teorico, diseño metodologico. | H3: =LIDER!E11 -> RESULTADOS: Analiza, integra y aplica de manera coherente los aspectos legales-tributarios, administrativos y tecnológicos en el desarrollo de la propuesta investigativa, evidenciando capacidad para generar soluciones viables, pertinentes y sostenibles. | I3: =LIDER!E12 -> BILIOGRAFIA: Las referencias bibliograficas: adoptan las normas APA. El documento es producto de un rastreo bibliografico que muestra analisis y sistensis. | J3: =LIDER!E13 -> ASESORIAS: Anexó la hoja de tutoria firmada ( 3 fimas minmimo). | K3: =LIDER!E14 -> 0 | L3: =LIDER!E15 -> 0
F4: =CONCATENATE(LIDER!E4," - ",LIDER!E6," - ",LIDER!E5) -> INTERNACIONALIZACION - 2482 - TATIANA MILENA ROJAS AROCA
B5: GRUPO#1 | C5: G01 | D5: LIST | E5: DEF | F5: =LIDER!$E$29 -> GRUPO#1. Identificación de los aspectos legales, tributarios, administrativos, macroeconómicos, aduaneros, tecnológicos e internacionales que definen el perfil de Yara Colombia S.A. en los negocios internacionales
A6: 1 | B6: =LIDER!E43 -> SARA OYOLA MARTINEZ | C6: =C5 -> G01 | E6: =IF(B6=0,0,IF(D6="",$F$6*LIDER!$H$9+$G$6*LIDER!$H$10+$H$6*LIDER!$H$11+$I$6*LIDER!$H$12+$J$6*LIDER!$H$13+$K$6*LIDER!$H$14+$L$6*LIDER!$H$15,"N")) -> 4.5 | F6: 4.5 | G6: 4.5 | H6: 4.5 | I6: 4.5 | J6: 4.5
A7: 2 | B7: =LIDER!E44 -> YINA MARCELA PÉREZ PINEDA | C7: =C6 -> G01 | E7: =IF(B7=0,0,IF(D7="",$F$6*LIDER!$H$9+$G$6*LIDER!$H$10+$H$6*LIDER!$H$11+$I$6*LIDER!$H$12+$J$6*LIDER!$H$13+$K$6*LIDER!$H$14+$L$6*LIDER!$H$15,"N")) -> 4.5
A8: 3 | B8: =LIDER!E45 -> JABES ELIAS ROSERO VILLA | C8: =C7 -> G01 | E8: =IF(B8=0,0,IF(D8="",$F$6*LIDER!$H$9+$G$6*LIDER!$H$10+$H$6*LIDER!$H$11+$I$6*LIDER!$H$12+$J$6*LIDER!$H$13+$K$6*LIDER!$H$14+$L$6*LIDER!$H$15,"N")) -> 4.5
A9: 4 | B9: =LIDER!E46 -> ISAIAS FERNANDO SALCEDO CAICEDO | C9: =C8 -> G01 | E9: =IF(B9=0,0,IF(D9="",$F$6*LIDER!$H$9+$G$6*LIDER!$H$10+$H$6*LIDER!$H$11+$I$6*LIDER!$H$12+$J$6*LIDER!$H$13+$K$6*LIDER!$H$14+$L$6*LIDER!$H$15,"N")) -> 4.5
A10: 5 | B10: =LIDER!E47 -> 0 | C10: =C9 -> G01 | E10: =IF(B10=0,0,IF(D10="",$F$6*LIDER!$H$9+$G$6*LIDER!$H$10+$H$6*LIDER!$H$11+$I$6*LIDER!$H$12+$J$6*LIDER!$H$13+$K$6*LIDER!$H$14+$L$6*LIDER!$H$15,"N")) -> 0
A11: 6 | B11: =LIDER!E48 -> 0 | C11: =C10 -> G01 | E11: =IF(B11=0,0,IF(D11="",$F$6*LIDER!$H$9+$G$6*LIDER!$H$10+$H$6*LIDER!$H$11+$I$6*LIDER!$H$12+$J$6*LIDER!$H$13+$K$6*LIDER!$H$14+$L$6*LIDER!$H$15,"N")) -> 0
B12: GRUPO#2 | C12: G02 | D12: =D5 -> LIST | E12: DEF | F12: =LIDER!$E$30 -> GRUPO#2. Identificación de los aspectos legales, tributarios, administrativos, macroeconómicos, aduaneros, tecnológicos e internacionales que definen el perfil de Grupo Familia en los negocios internacionales con enfoque en la exportación hacia Estados Unidos.
A13: 1 | B13: =LIDER!F43 -> JORGE ALBERTO BATISTA TABORDA | C13: =C12 -> G02 | E13: =IF(B13=0,0,IF(D13="",$F$13*LIDER!$H$9+$G$13*LIDER!$H$10+$H$13*LIDER!$H$11+$I$13*LIDER!$H$12+$J$13*LIDER!$H$13+$K$13*LIDER!$H$14+$L$13*LIDER!$H$15,"N")) -> 4.2 | F13: 4.2 | G13: 4.2 | H13: 4.2 | I13: 4.2 | J13: 4.2
A14: 2 | B14: =LIDER!F44 -> JEREMY MACOLL DIAZ PEREZ | C14: =C13 -> G02 | E14: =IF(B14=0,0,IF(D14="",$F$13*LIDER!$H$9+$G$13*LIDER!$H$10+$H$13*LIDER!$H$11+$I$13*LIDER!$H$12+$J$13*LIDER!$H$13+$K$13*LIDER!$H$14+$L$13*LIDER!$H$15,"N")) -> 4.2
A15: 3 | B15: =LIDER!F45 -> DARIANY PEÑARANDA LLACH | C15: =C14 -> G02 | E15: =IF(B15=0,0,IF(D15="",$F$13*LIDER!$H$9+$G$13*LIDER!$H$10+$H$13*LIDER!$H$11+$I$13*LIDER!$H$12+$J$13*LIDER!$H$13+$K$13*LIDER!$H$14+$L$13*LIDER!$H$15,"N")) -> 4.2
A16: 4 | B16: =LIDER!F46 -> MARIANGEL ROMERO VANEGAS | C16: =C15 -> G02 | E16: =IF(B16=0,0,IF(D16="",$F$13*LIDER!$H$9+$G$13*LIDER!$H$10+$H$13*LIDER!$H$11+$I$13*LIDER!$H$12+$J$13*LIDER!$H$13+$K$13*LIDER!$H$14+$L$13*LIDER!$H$15,"N")) -> 4.2
A17: 5 | B17: =LIDER!F47 -> 0 | C17: =C16 -> G02 | E17: =IF(B17=0,0,IF(D17="",$F$13*LIDER!$H$9+$G$13*LIDER!$H$10+$H$13*LIDER!$H$11+$I$13*LIDER!$H$12+$J$13*LIDER!$H$13+$K$13*LIDER!$H$14+$L$13*LIDER!$H$15,"N")) -> 0
A18: 6 | B18: =LIDER!F48 -> 0 | C18: =C17 -> G02 | E18: =IF(B18=0,0,IF(D18="",$F$13*LIDER!$H$9+$G$13*LIDER!$H$10+$H$13*LIDER!$H$11+$I$13*LIDER!$H$12+$J$13*LIDER!$H$13+$K$13*LIDER!$H$14+$L$13*LIDER!$H$15,"N")) -> 0
B19: GRUPO#3 | C19: G03 | D19: =D12 -> LIST | E19: DEF | F19: =LIDER!$E$31 -> GRUPO#3
A20: 1 | B20: =LIDER!G43 -> 0 | C20: =C19 -> G03 | E20: =IF(B20=0,0,IF(D20="",$F$20*LIDER!$H$9+$G$20*LIDER!$H$10+$H$20*LIDER!$H$11+$I$20*LIDER!$H$12+$J$20*LIDER!$H$13+$K$20*LIDER!$H$14+$L$20*LIDER!$H$15,"N")) -> 0
A21: 2 | B21: =LIDER!G44 -> 0 | C21: =C20 -> G03 | E21: =IF(B21=0,0,IF(D21="",$F$20*LIDER!$H$9+$G$20*LIDER!$H$10+$H$20*LIDER!$H$11+$I$20*LIDER!$H$12+$J$20*LIDER!$H$13+$K$20*LIDER!$H$14+$L$20*LIDER!$H$15,"N")) -> 0
A22: 3 | B22: =LIDER!G45 -> 0 | C22: =C21 -> G03 | E22: =IF(B22=0,0,IF(D22="",$F$20*LIDER!$H$9+$G$20*LIDER!$H$10+$H$20*LIDER!$H$11+$I$20*LIDER!$H$12+$J$20*LIDER!$H$13+$K$20*LIDER!$H$14+$L$20*LIDER!$H$15,"N")) -> 0
A23: 4 | B23: =LIDER!G46 -> 0 | C23: =C22 -> G03 | E23: =IF(B23=0,0,IF(D23="",$F$20*LIDER!$H$9+$G$20*LIDER!$H$10+$H$20*LIDER!$H$11+$I$20*LIDER!$H$12+$J$20*LIDER!$H$13+$K$20*LIDER!$H$14+$L$20*LIDER!$H$15,"N")) -> 0
A24: 5 | B24: =LIDER!G47 -> 0 | C24: =C23 -> G03 | E24: =IF(B24=0,0,IF(D24="",$F$20*LIDER!$H$9+$G$20*LIDER!$H$10+$H$20*LIDER!$H$11+$I$20*LIDER!$H$12+$J$20*LIDER!$H$13+$K$20*LIDER!$H$14+$L$20*LIDER!$H$15,"N")) -> 0
A25: 6 | B25: =LIDER!G48 -> 0 | C25: =C24 -> G03 | E25: =IF(B25=0,0,IF(D25="",$F$20*LIDER!$H$9+$G$20*LIDER!$H$10+$H$20*LIDER!$H$11+$I$20*LIDER!$H$12+$J$20*LIDER!$H$13+$K$20*LIDER!$H$14+$L$20*LIDER!$H$15,"N")) -> 0
B26: GRUPO#4 | C26: G04 | D26: =D19 -> LIST | E26: DEF | F26: =LIDER!$E$32 -> GRUPO#4
A27: 1 | B27: =LIDER!H43 -> 0 | C27: =C26 -> G04 | E27: =IF(B27=0,0,IF(D27="",$F$27*LIDER!$H$9+$G$27*LIDER!$H$10+$H$27*LIDER!$H$11+$I$27*LIDER!$H$12+$J$27*LIDER!$H$13+$K$27*LIDER!$H$14+$L$27*LIDER!$H$15,"N")) -> 0
A28: 2 | B28: =LIDER!H44 -> 0 | C28: =C27 -> G04 | E28: =IF(B28=0,0,IF(D28="",$F$27*LIDER!$H$9+$G$27*LIDER!$H$10+$H$27*LIDER!$H$11+$I$27*LIDER!$H$12+$J$27*LIDER!$H$13+$K$27*LIDER!$H$14+$L$27*LIDER!$H$15,"N")) -> 0
A29: 3 | B29: =LIDER!H45 -> 0 | C29: =C28 -> G04 | E29: =IF(B29=0,0,IF(D29="",$F$27*LIDER!$H$9+$G$27*LIDER!$H$10+$H$27*LIDER!$H$11+$I$27*LIDER!$H$12+$J$27*LIDER!$H$13+$K$27*LIDER!$H$14+$L$27*LIDER!$H$15,"N")) -> 0
A30: 4 | B30: =LIDER!H46 -> 0 | C30: =C29 -> G04 | E30: =IF(B30=0,0,IF(D30="",$F$27*LIDER!$H$9+$G$27*LIDER!$H$10+$H$27*LIDER!$H$11+$I$27*LIDER!$H$12+$J$27*LIDER!$H$13+$K$27*LIDER!$H$14+$L$27*LIDER!$H$15,"N")) -> 0
A31: 5 | B31: =LIDER!H47 -> 0 | C31: =C30 -> G04 | E31: =IF(B31=0,0,IF(D31="",$F$27*LIDER!$H$9+$G$27*LIDER!$H$10+$H$27*LIDER!$H$11+$I$27*LIDER!$H$12+$J$27*LIDER!$H$13+$K$27*LIDER!$H$14+$L$27*LIDER!$H$15,"N")) -> 0
A32: 6 | B32: =LIDER!H48 -> 0 | C32: =C31 -> G04 | E32: =IF(B32=0,0,IF(D32="",$F$27*LIDER!$H$9+$G$27*LIDER!$H$10+$H$27*LIDER!$H$11+$I$27*LIDER!$H$12+$J$27*LIDER!$H$13+$K$27*LIDER!$H$14+$L$27*LIDER!$H$15,"N")) -> 0
B33: GRUPO#5 | C33: G05 | D33: =D26 -> LIST | E33: DEF | F33: =LIDER!$E$33 -> GRUPO#5
A34: 1 | B34: =LIDER!E51 -> 0 | C34: =C33 -> G05 | E34: =IF(B34=0,0,IF(D34="",$F$34*LIDER!$H$9+$G$34*LIDER!$H$10+$H$34*LIDER!$H$11+$I$34*LIDER!$H$12+$J$34*LIDER!$H$13+$K$34*LIDER!$H$14+$L$34*LIDER!$H$15,"N")) -> 0
A35: 2 | B35: =LIDER!E52 -> 0 | C35: =C34 -> G05 | E35: =IF(B35=0,0,IF(D35="",$F$34*LIDER!$H$9+$G$34*LIDER!$H$10+$H$34*LIDER!$H$11+$I$34*LIDER!$H$12+$J$34*LIDER!$H$13+$K$34*LIDER!$H$14+$L$34*LIDER!$H$15,"N")) -> 0
A36: 3 | B36: =LIDER!E53 -> 0 | C36: =C35 -> G05 | E36: =IF(B36=0,0,IF(D36="",$F$34*LIDER!$H$9+$G$34*LIDER!$H$10+$H$34*LIDER!$H$11+$I$34*LIDER!$H$12+$J$34*LIDER!$H$13+$K$34*LIDER!$H$14+$L$34*LIDER!$H$15,"N")) -> 0
A37: 4 | B37: =LIDER!E54 -> 0 | C37: =C36 -> G05 | E37: =IF(B37=0,0,IF(D37="",$F$34*LIDER!$H$9+$G$34*LIDER!$H$10+$H$34*LIDER!$H$11+$I$34*LIDER!$H$12+$J$34*LIDER!$H$13+$K$34*LIDER!$H$14+$L$34*LIDER!$H$15,"N")) -> 0
A38: 5 | B38: =LIDER!E55 -> 0 | C38: =C37 -> G05 | E38: =IF(B38=0,0,IF(D38="",$F$34*LIDER!$H$9+$G$34*LIDER!$H$10+$H$34*LIDER!$H$11+$I$34*LIDER!$H$12+$J$34*LIDER!$H$13+$K$34*LIDER!$H$14+$L$34*LIDER!$H$15,"N")) -> 0
A39: 6 | B39: =LIDER!E56 -> 0 | C39: =C38 -> G05 | E39: =IF(B39=0,0,IF(D39="",$F$34*LIDER!$H$9+$G$34*LIDER!$H$10+$H$34*LIDER!$H$11+$I$34*LIDER!$H$12+$J$34*LIDER!$H$13+$K$34*LIDER!$H$14+$L$34*LIDER!$H$15,"N")) -> 0
B40: GRUPO#6 | C40: G06 | D40: =D33 -> LIST | E40: DEF | F40: =LIDER!$E$34 -> GRUPO#6
A41: 1 | B41: =LIDER!F51 -> 0 | C41: =C40 -> G06 | E41: =IF(B41=0,0,IF(D41="",$F$41*LIDER!$H$9+$G$41*LIDER!$H$10+$H$41*LIDER!$H$11+$I$41*LIDER!$H$12+$J$41*LIDER!$H$13+$K$41*LIDER!$H$14+$L$41*LIDER!$H$15,"N")) -> 0
A42: 2 | B42: =LIDER!F52 -> 0 | C42: =C41 -> G06 | E42: =IF(B42=0,0,IF(D42="",$F$41*LIDER!$H$9+$G$41*LIDER!$H$10+$H$41*LIDER!$H$11+$I$41*LIDER!$H$12+$J$41*LIDER!$H$13+$K$41*LIDER!$H$14+$L$41*LIDER!$H$15,"N")) -> 0
A43: 3 | B43: =LIDER!F53 -> 0 | C43: =C42 -> G06 | E43: =IF(B43=0,0,IF(D43="",$F$41*LIDER!$H$9+$G$41*LIDER!$H$10+$H$41*LIDER!$H$11+$I$41*LIDER!$H$12+$J$41*LIDER!$H$13+$K$41*LIDER!$H$14+$L$41*LIDER!$H$15,"N")) -> 0
A44: 4 | B44: =LIDER!F54 -> 0 | C44: =C43 -> G06 | E44: =IF(B44=0,0,IF(D44="",$F$41*LIDER!$H$9+$G$41*LIDER!$H$10+$H$41*LIDER!$H$11+$I$41*LIDER!$H$12+$J$41*LIDER!$H$13+$K$41*LIDER!$H$14+$L$41*LIDER!$H$15,"N")) -> 0
A45: 5 | B45: =LIDER!F55 -> 0 | C45: =C44 -> G06 | E45: =IF(B45=0,0,IF(D45="",$F$41*LIDER!$H$9+$G$41*LIDER!$H$10+$H$41*LIDER!$H$11+$I$41*LIDER!$H$12+$J$41*LIDER!$H$13+$K$41*LIDER!$H$14+$L$41*LIDER!$H$15,"N")) -> 0
A46: 6 | B46: =LIDER!F56 -> 0 | C46: =C45 -> G06 | E46: =IF(B46=0,0,IF(D46="",$F$41*LIDER!$H$9+$G$41*LIDER!$H$10+$H$41*LIDER!$H$11+$I$41*LIDER!$H$12+$J$41*LIDER!$H$13+$K$41*LIDER!$H$14+$L$41*LIDER!$H$15,"N")) -> 0
B47: GRUPO#7 | C47: G07 | D47: =D40 -> LIST | E47: DEF | F47: =LIDER!$E$35 -> GRUPO#7
A48: 1 | B48: =LIDER!G51 -> 0 | C48: =C47 -> G07 | E48: =IF(B48=0,0,IF(D48="",$F$48*LIDER!$H$9+$G$48*LIDER!$H$10+$H$48*LIDER!$H$11+$I$48*LIDER!$H$12+$J$48*LIDER!$H$13+$K$48*LIDER!$H$14+$L$48*LIDER!$H$15,"N")) -> 0
A49: 2 | B49: =LIDER!G52 -> 0 | C49: =C48 -> G07 | E49: =IF(B49=0,0,IF(D49="",$F$48*LIDER!$H$9+$G$48*LIDER!$H$10+$H$48*LIDER!$H$11+$I$48*LIDER!$H$12+$J$48*LIDER!$H$13+$K$48*LIDER!$H$14+$L$48*LIDER!$H$15,"N")) -> 0
A50: 3 | B50: =LIDER!G53 -> 0 | C50: =C49 -> G07 | E50: =IF(B50=0,0,IF(D50="",$F$48*LIDER!$H$9+$G$48*LIDER!$H$10+$H$48*LIDER!$H$11+$I$48*LIDER!$H$12+$J$48*LIDER!$H$13+$K$48*LIDER!$H$14+$L$48*LIDER!$H$15,"N")) -> 0
A51: 4 | B51: =LIDER!G54 -> 0 | C51: =C50 -> G07 | E51: =IF(B51=0,0,IF(D51="",$F$48*LIDER!$H$9+$G$48*LIDER!$H$10+$H$48*LIDER!$H$11+$I$48*LIDER!$H$12+$J$48*LIDER!$H$13+$K$48*LIDER!$H$14+$L$48*LIDER!$H$15,"N")) -> 0
A52: 5 | B52: =LIDER!G55 -> 0 | C52: =C51 -> G07 | E52: =IF(B52=0,0,IF(D52="",$F$48*LIDER!$H$9+$G$48*LIDER!$H$10+$H$48*LIDER!$H$11+$I$48*LIDER!$H$12+$J$48*LIDER!$H$13+$K$48*LIDER!$H$14+$L$48*LIDER!$H$15,"N")) -> 0
A53: 6 | B53: =LIDER!G56 -> 0 | C53: =C52 -> G07 | E53: =IF(B53=0,0,IF(D53="",$F$48*LIDER!$H$9+$G$48*LIDER!$H$10+$H$48*LIDER!$H$11+$I$48*LIDER!$H$12+$J$48*LIDER!$H$13+$K$48*LIDER!$H$14+$L$48*LIDER!$H$15,"N")) -> 0
B54: GRUPO#8 | C54: G08 | D54: =D47 -> LIST | E54: DEF | F54: =LIDER!$E$36 -> GRUPO#8
A55: 1 | B55: =LIDER!H51 -> 0 | C55: =C54 -> G08 | E55: =IF(B55=0,0,IF(D55="",$F$55*LIDER!$H$9+$G$55*LIDER!$H$10+$H$55*LIDER!$H$11+$I$55*LIDER!$H$12+$J$55*LIDER!$H$13+$K$55*LIDER!$H$14+$L$55*LIDER!$H$15,"N")) -> 0
A56: 2 | B56: =LIDER!H52 -> 0 | C56: =C55 -> G08 | E56: =IF(B56=0,0,IF(D56="",$F$55*LIDER!$H$9+$G$55*LIDER!$H$10+$H$55*LIDER!$H$11+$I$55*LIDER!$H$12+$J$55*LIDER!$H$13+$K$55*LIDER!$H$14+$L$55*LIDER!$H$15,"N")) -> 0
A57: 3 | B57: =LIDER!H53 -> 0 | C57: =C56 -> G08 | E57: =IF(B57=0,0,IF(D57="",$F$55*LIDER!$H$9+$G$55*LIDER!$H$10+$H$55*LIDER!$H$11+$I$55*LIDER!$H$12+$J$55*LIDER!$H$13+$K$55*LIDER!$H$14+$L$55*LIDER!$H$15,"N")) -> 0
A58: 4 | B58: =LIDER!H54 -> 0 | C58: =C57 -> G08 | E58: =IF(B58=0,0,IF(D58="",$F$55*LIDER!$H$9+$G$55*LIDER!$H$10+$H$55*LIDER!$H$11+$I$55*LIDER!$H$12+$J$55*LIDER!$H$13+$K$55*LIDER!$H$14+$L$55*LIDER!$H$15,"N")) -> 0
A59: 5 | B59: =LIDER!H55 -> 0 | C59: =C58 -> G08 | E59: =IF(B59=0,0,IF(D59="",$F$55*LIDER!$H$9+$G$55*LIDER!$H$10+$H$55*LIDER!$H$11+$I$55*LIDER!$H$12+$J$55*LIDER!$H$13+$K$55*LIDER!$H$14+$L$55*LIDER!$H$15,"N")) -> 0
A60: 6 | B60: =LIDER!H56 -> 0 | C60: =C59 -> G08 | E60: =IF(B60=0,0,IF(D60="",$F$55*LIDER!$H$9+$G$55*LIDER!$H$10+$H$55*LIDER!$H$11+$I$55*LIDER!$H$12+$J$55*LIDER!$H$13+$K$55*LIDER!$H$14+$L$55*LIDER!$H$15,"N")) -> 0
B61: GRUPO#9 | C61: G09 | D61: =D54 -> LIST | E61: DEF | F61: =LIDER!$E$37 -> GRUPO#9
A62: 1 | B62: =LIDER!E59 -> 0 | C62: =C61 -> G09 | E62: =IF(B62=0,0,IF(D62="",$F$62*LIDER!$H$9+$G$62*LIDER!$H$10+$H$62*LIDER!$H$11+$I$62*LIDER!$H$12+$J$62*LIDER!$H$13+$K$62*LIDER!$H$14+$L$62*LIDER!$H$15,"N")) -> 0
A63: 2 | B63: =LIDER!E60 -> 0 | C63: =C62 -> G09 | E63: =IF(B63=0,0,IF(D63="",$F$62*LIDER!$H$9+$G$62*LIDER!$H$10+$H$62*LIDER!$H$11+$I$62*LIDER!$H$12+$J$62*LIDER!$H$13+$K$62*LIDER!$H$14+$L$62*LIDER!$H$15,"N")) -> 0
A64: 3 | B64: =LIDER!E61 -> 0 | C64: =C63 -> G09 | E64: =IF(B64=0,0,IF(D64="",$F$62*LIDER!$H$9+$G$62*LIDER!$H$10+$H$62*LIDER!$H$11+$I$62*LIDER!$H$12+$J$62*LIDER!$H$13+$K$62*LIDER!$H$14+$L$62*LIDER!$H$15,"N")) -> 0
A65: 4 | B65: =LIDER!E62 -> 0 | C65: =C64 -> G09 | E65: =IF(B65=0,0,IF(D65="",$F$62*LIDER!$H$9+$G$62*LIDER!$H$10+$H$62*LIDER!$H$11+$I$62*LIDER!$H$12+$J$62*LIDER!$H$13+$K$62*LIDER!$H$14+$L$62*LIDER!$H$15,"N")) -> 0
A66: 5 | B66: =LIDER!E63 -> 0 | C66: =C65 -> G09 | E66: =IF(B66=0,0,IF(D66="",$F$62*LIDER!$H$9+$G$62*LIDER!$H$10+$H$62*LIDER!$H$11+$I$62*LIDER!$H$12+$J$62*LIDER!$H$13+$K$62*LIDER!$H$14+$L$62*LIDER!$H$15,"N")) -> 0
A67: 6 | B67: =LIDER!E64 -> 0 | C67: =C66 -> G09 | E67: =IF(B67=0,0,IF(D67="",$F$62*LIDER!$H$9+$G$62*LIDER!$H$10+$H$62*LIDER!$H$11+$I$62*LIDER!$H$12+$J$62*LIDER!$H$13+$K$62*LIDER!$H$14+$L$62*LIDER!$H$15,"N")) -> 0
B68: GRUPO#10 | C68: G10 | D68: =D61 -> LIST | E68: DEF | F68: =LIDER!$E$38 -> GRUPO#10
A69: 1 | B69: =LIDER!F59 -> 0 | C69: =C68 -> G10 | E69: =IF(B69=0,0,IF(D69="",$F$69*LIDER!$H$9+$G$69*LIDER!$H$10+$H$69*LIDER!$H$11+$I$69*LIDER!$H$12+$J$69*LIDER!$H$13+$K$69*LIDER!$H$14+$L$69*LIDER!$H$15,"N")) -> 0
A70: 2 | B70: =LIDER!F60 -> 0 | C70: =C69 -> G10 | E70: =IF(B70=0,0,IF(D70="",$F$69*LIDER!$H$9+$G$69*LIDER!$H$10+$H$69*LIDER!$H$11+$I$69*LIDER!$H$12+$J$69*LIDER!$H$13+$K$69*LIDER!$H$14+$L$69*LIDER!$H$15,"N")) -> 0
A71: 3 | B71: =LIDER!F61 -> 0 | C71: =C70 -> G10 | E71: =IF(B71=0,0,IF(D71="",$F$69*LIDER!$H$9+$G$69*LIDER!$H$10+$H$69*LIDER!$H$11+$I$69*LIDER!$H$12+$J$69*LIDER!$H$13+$K$69*LIDER!$H$14+$L$69*LIDER!$H$15,"N")) -> 0
A72: 4 | B72: =LIDER!F62 -> 0 | C72: =C71 -> G10 | E72: =IF(B72=0,0,IF(D72="",$F$69*LIDER!$H$9+$G$69*LIDER!$H$10+$H$69*LIDER!$H$11+$I$69*LIDER!$H$12+$J$69*LIDER!$H$13+$K$69*LIDER!$H$14+$L$69*LIDER!$H$15,"N")) -> 0
A73: 5 | B73: =LIDER!F63 -> 0 | C73: =C72 -> G10 | E73: =IF(B73=0,0,IF(D73="",$F$69*LIDER!$H$9+$G$69*LIDER!$H$10+$H$69*LIDER!$H$11+$I$69*LIDER!$H$12+$J$69*LIDER!$H$13+$K$69*LIDER!$H$14+$L$69*LIDER!$H$15,"N")) -> 0
A74: 6 | B74: =LIDER!F64 -> 0 | C74: =C73 -> G10 | E74: =IF(B74=0,0,IF(D74="",$F$69*LIDER!$H$9+$G$69*LIDER!$H$10+$H$69*LIDER!$H$11+$I$69*LIDER!$H$12+$J$69*LIDER!$H$13+$K$69*LIDER!$H$14+$L$69*LIDER!$H$15,"N")) -> 0
B75: GRUPO#11 | C75: G11 | D75: =D68 -> LIST | E75: DEF | F75: =LIDER!$E$39 -> GRUPO#11
A76: 1 | B76: =LIDER!G59 -> 0 | C76: =C75 -> G11 | E76: =IF(B76=0,0,IF(D76="",$F$76*LIDER!$H$9+$G$76*LIDER!$H$10+$H$76*LIDER!$H$11+$I$76*LIDER!$H$12+$J$76*LIDER!$H$13+$K$76*LIDER!$H$14+$L$76*LIDER!$H$15,"N")) -> 0
A77: 2 | B77: =LIDER!G60 -> 0 | C77: =C76 -> G11 | E77: =IF(B77=0,0,IF(D77="",$F$76*LIDER!$H$9+$G$76*LIDER!$H$10+$H$76*LIDER!$H$11+$I$76*LIDER!$H$12+$J$76*LIDER!$H$13+$K$76*LIDER!$H$14+$L$76*LIDER!$H$15,"N")) -> 0
A78: 3 | B78: =LIDER!G61 -> 0 | C78: =C77 -> G11 | E78: =IF(B78=0,0,IF(D78="",$F$76*LIDER!$H$9+$G$76*LIDER!$H$10+$H$76*LIDER!$H$11+$I$76*LIDER!$H$12+$J$76*LIDER!$H$13+$K$76*LIDER!$H$14+$L$76*LIDER!$H$15,"N")) -> 0
A79: 4 | B79: =LIDER!G62 -> 0 | C79: =C78 -> G11 | E79: =IF(B79=0,0,IF(D79="",$F$76*LIDER!$H$9+$G$76*LIDER!$H$10+$H$76*LIDER!$H$11+$I$76*LIDER!$H$12+$J$76*LIDER!$H$13+$K$76*LIDER!$H$14+$L$76*LIDER!$H$15,"N")) -> 0
A80: 5 | B80: =LIDER!G63 -> 0 | C80: =C79 -> G11 | E80: =IF(B80=0,0,IF(D80="",$F$76*LIDER!$H$9+$G$76*LIDER!$H$10+$H$76*LIDER!$H$11+$I$76*LIDER!$H$12+$J$76*LIDER!$H$13+$K$76*LIDER!$H$14+$L$76*LIDER!$H$15,"N")) -> 0
A81: 6 | B81: =LIDER!G64 -> 0 | C81: =C80 -> G11 | E81: =IF(B81=0,0,IF(D81="",$F$76*LIDER!$H$9+$G$76*LIDER!$H$10+$H$76*LIDER!$H$11+$I$76*LIDER!$H$12+$J$76*LIDER!$H$13+$K$76*LIDER!$H$14+$L$76*LIDER!$H$15,"N")) -> 0
B82: GRUPO#12 | C82: G12 | D82: =D75 -> LIST | E82: DEF | F82: =LIDER!$E$40 -> GRUPO#12
A83: 1 | B83: =LIDER!H59 -> 0 | C83: =C82 -> G12 | E83: =IF(B83=0,0,IF(D83="",$F$83*LIDER!$H$9+$G$83*LIDER!$H$10+$H$83*LIDER!$H$11+$I$83*LIDER!$H$12+$J$83*LIDER!$H$13+$K$83*LIDER!$H$14+$L$83*LIDER!$H$15,"N")) -> 0
A84: 2 | B84: =LIDER!H60 -> 0 | C84: =C83 -> G12 | E84: =IF(B84=0,0,IF(D84="",$F$83*LIDER!$H$9+$G$83*LIDER!$H$10+$H$83*LIDER!$H$11+$I$83*LIDER!$H$12+$J$83*LIDER!$H$13+$K$83*LIDER!$H$14+$L$83*LIDER!$H$15,"N")) -> 0
A85: 3 | B85: =LIDER!H61 -> 0 | C85: =C84 -> G12 | E85: =IF(B85=0,0,IF(D85="",$F$83*LIDER!$H$9+$G$83*LIDER!$H$10+$H$83*LIDER!$H$11+$I$83*LIDER!$H$12+$J$83*LIDER!$H$13+$K$83*LIDER!$H$14+$L$83*LIDER!$H$15,"N")) -> 0
A86: 4 | B86: =LIDER!H62 -> 0 | C86: =C85 -> G12 | E86: =IF(B86=0,0,IF(D86="",$F$83*LIDER!$H$9+$G$83*LIDER!$H$10+$H$83*LIDER!$H$11+$I$83*LIDER!$H$12+$J$83*LIDER!$H$13+$K$83*LIDER!$H$14+$L$83*LIDER!$H$15,"N")) -> 0
A87: 5 | B87: =LIDER!H63 -> 0 | C87: =C86 -> G12 | E87: =IF(B87=0,0,IF(D87="",$F$83*LIDER!$H$9+$G$83*LIDER!$H$10+$H$83*LIDER!$H$11+$I$83*LIDER!$H$12+$J$83*LIDER!$H$13+$K$83*LIDER!$H$14+$L$83*LIDER!$H$15,"N")) -> 0
A88: 6 | B88: =LIDER!H64 -> 0 | C88: =C87 -> G12 | E88: =IF(B88=0,0,IF(D88="",$F$83*LIDER!$H$9+$G$83*LIDER!$H$10+$H$83*LIDER!$H$11+$I$83*LIDER!$H$12+$J$83*LIDER!$H$13+$K$83*LIDER!$H$14+$L$83*LIDER!$H$15,"N")) -> 0

Sheet S-ASIG-05
A1: =LIDER!B2 -> TECNOLOGÍA EN GESTIÓN DE NEGOCIOS INTERN | I1: =LIDER!E2 -> SEMESTRE: | J1: =LIDER!F2 -> SEM-03 | K1: =LIDER!G2 -> SECCIÓN: | L1: =LIDER!H2 -> 2
B2: =LIDER!G4 -> MACROECONOMÍA | F2: CRITERIOS DE EVALUACIÓN
B3: Estudiantes | F3: =LIDER!E9 -> PRESENTACIÓN GENERAL: Adopta la norma APA, tamaño de la hoja, margenes, titulo, portadas, numeración de paginas, tabla de contenido automatizada, ortografia, justificacion del texto, citas automatizadas, listas, figuras,etc. | G3: =LIDER!E10 -> ANTEPROYECTO: Portada, planteamiento del problema, justificacion del trabajo o proyecto de aula, objetivos, marco teorico, diseño metodologico. | H3: =LIDER!E11 -> RESULTADOS: Analiza, integra y aplica de manera coherente los aspectos legales-tributarios, administrativos y tecnológicos en el desarrollo de la propuesta investigativa, evidenciando capacidad para generar soluciones viables, pertinentes y sostenibles. | I3: =LIDER!E12 -> BILIOGRAFIA: Las referencias bibliograficas: adoptan las normas APA. El documento es producto de un rastreo bibliografico que muestra analisis y sistensis. | J3: =LIDER!E13 -> ASESORIAS: Anexó la hoja de tutoria firmada ( 3 fimas minmimo). | K3: =LIDER!E14 -> 0 | L3: =LIDER!E15 -> 0
F4: =CONCATENATE(LIDER!G4," - ",LIDER!G6," - ",LIDER!G5) -> MACROECONOMÍA - 1532 - GENIS PATRON ANTEQUERA
B5: GRUPO#1 | C5: G01 | D5: LIST | E5: DEF | F5: =LIDER!$E$29 -> GRUPO#1. Identificación de los aspectos legales, tributarios, administrativos, macroeconómicos, aduaneros, tecnológicos e internacionales que definen el perfil de Yara Colombia S.A. en los negocios internacionales
A6: 1 | B6: =LIDER!E43 -> SARA OYOLA MARTINEZ | C6: =C5 -> G01 | E6: =IF(B6=0,0,IF(D6="",$F$6*LIDER!$H$9+$G$6*LIDER!$H$10+$H$6*LIDER!$H$11+$I$6*LIDER!$H$12+$J$6*LIDER!$H$13+$K$6*LIDER!$H$14+$L$6*LIDER!$H$15,"N")) -> 4.55 | F6: 4.5 | G6: 4.5 | H6: 4.5 | I6: 4.5 | J6: 5
A7: 2 | B7: =LIDER!E44 -> YINA MARCELA PÉREZ PINEDA | C7: =C6 -> G01 | E7: =IF(B7=0,0,IF(D7="",$F$6*LIDER!$H$9+$G$6*LIDER!$H$10+$H$6*LIDER!$H$11+$I$6*LIDER!$H$12+$J$6*LIDER!$H$13+$K$6*LIDER!$H$14+$L$6*LIDER!$H$15,"N")) -> 4.55
A8: 3 | B8: =LIDER!E45 -> JABES ELIAS ROSERO VILLA | C8: =C7 -> G01 | E8: =IF(B8=0,0,IF(D8="",$F$6*LIDER!$H$9+$G$6*LIDER!$H$10+$H$6*LIDER!$H$11+$I$6*LIDER!$H$12+$J$6*LIDER!$H$13+$K$6*LIDER!$H$14+$L$6*LIDER!$H$15,"N")) -> 4.55
A9: 4 | B9: =LIDER!E46 -> ISAIAS FERNANDO SALCEDO CAICEDO | C9: =C8 -> G01 | E9: =IF(B9=0,0,IF(D9="",$F$6*LIDER!$H$9+$G$6*LIDER!$H$10+$H$6*LIDER!$H$11+$I$6*LIDER!$H$12+$J$6*LIDER!$H$13+$K$6*LIDER!$H$14+$L$6*LIDER!$H$15,"N")) -> 4.55
A10: 5 | B10: =LIDER!E47 -> 0 | C10: =C9 -> G01 | E10: =IF(B10=0,0,IF(D10="",$F$6*LIDER!$H$9+$G$6*LIDER!$H$10+$H$6*LIDER!$H$11+$I$6*LIDER!$H$12+$J$6*LIDER!$H$13+$K$6*LIDER!$H$14+$L$6*LIDER!$H$15,"N")) -> 0
A11: 6 | B11: =LIDER!E48 -> 0 | C11: =C10 -> G01 | E11: =IF(B11=0,0,IF(D11="",$F$6*LIDER!$H$9+$G$6*LIDER!$H$10+$H$6*LIDER!$H$11+$I$6*LIDER!$H$12+$J$6*LIDER!$H$13+$K$6*LIDER!$H$14+$L$6*LIDER!$H$15,"N")) -> 0
B12: GRUPO#2 | C12: G02 | D12: =D5 -> LIST | E12: DEF | F12: =LIDER!$E$30 -> GRUPO#2. Identificación de los aspectos legales, tributarios, administrativos, macroeconómicos, aduaneros, tecnológicos e internacionales que definen el perfil de Grupo Familia en los negocios internacionales con enfoque en la exportación hacia Estados Unidos.
A13: 1 | B13: =LIDER!F43 -> JORGE ALBERTO BATISTA TABORDA | C13: =C12 -> G02 | E13: =IF(B13=0,0,IF(D13="",$F$13*LIDER!$H$9+$G$13*LIDER!$H$10+$H$13*LIDER!$H$11+$I$13*LIDER!$H$12+$J$13*LIDER!$H$13+$K$13*LIDER!$H$14+$L$13*LIDER!$H$15,"N")) -> 4.12 | F13: 4.2 | G13: 4.2 | H13: 4 | I13: 4.2 | J13: 4
A14: 2 | B14: =LIDER!F44 -> JEREMY MACOLL DIAZ PEREZ | C14: =C13 -> G02 | E14: =IF(B14=0,0,IF(D14="",$F$13*LIDER!$H$9+$G$13*LIDER!$H$10+$H$13*LIDER!$H$11+$I$13*LIDER!$H$12+$J$13*LIDER!$H$13+$K$13*LIDER!$H$14+$L$13*LIDER!$H$15,"N")) -> 4.12
A15: 3 | B15: =LIDER!F45 -> DARIANY PEÑARANDA LLACH | C15: =C14 -> G02 | E15: =IF(B15=0,0,IF(D15="",$F$13*LIDER!$H$9+$G$13*LIDER!$H$10+$H$13*LIDER!$H$11+$I$13*LIDER!$H$12+$J$13*LIDER!$H$13+$K$13*LIDER!$H$14+$L$13*LIDER!$H$15,"N")) -> 4.12
A16: 4 | B16: =LIDER!F46 -> MARIANGEL ROMERO VANEGAS | C16: =C15 -> G02 | E16: =IF(B16=0,0,IF(D16="",$F$13*LIDER!$H$9+$G$13*LIDER!$H$10+$H$13*LIDER!$H$11+$I$13*LIDER!$H$12+$J$13*LIDER!$H$13+$K$13*LIDER!$H$14+$L$13*LIDER!$H$15,"N")) -> 4.12
A17: 5 | B17: =LIDER!F47 -> 0 | C17: =C16 -> G02 | E17: =IF(B17=0,0,IF(D17="",$F$13*LIDER!$H$9+$G$13*LIDER!$H$10+$H$13*LIDER!$H$11+$I$13*LIDER!$H$12+$J$13*LIDER!$H$13+$K$13*LIDER!$H$14+$L$13*LIDER!$H$15,"N")) -> 0
A18: 6 | B18: =LIDER!F48 -> 0 | C18: =C17 -> G02 | E18: =IF(B18=0,0,IF(D18="",$F$13*LIDER!$H$9+$G$13*LIDER!$H$10+$H$13*LIDER!$H$11+$I$13*LIDER!$H$12+$J$13*LIDER!$H$13+$K$13*LIDER!$H$14+$L$13*LIDER!$H$15,"N")) -> 0
B19: GRUPO#3 | C19: G03 | D19: =D12 -> LIST | E19: DEF | F19: =LIDER!$E$31 -> GRUPO#3
A20: 1 | B20: =LIDER!G43 -> 0 | C20: =C19 -> G03 | E20: =IF(B20=0,0,IF(D20="",$F$20*LIDER!$H$9+$G$20*LIDER!$H$10+$H$20*LIDER!$H$11+$I$20*LIDER!$H$12+$J$20*LIDER!$H$13+$K$20*LIDER!$H$14+$L$20*LIDER!$H$15,"N")) -> 0
A21: 2 | B21: =LIDER!G44 -> 0 | C21: =C20 -> G03 | E21: =IF(B21=0,0,IF(D21="",$F$20*LIDER!$H$9+$G$20*LIDER!$H$10+$H$20*LIDER!$H$11+$I$20*LIDER!$H$12+$J$20*LIDER!$H$13+$K$20*LIDER!$H$14+$L$20*LIDER!$H$15,"N")) -> 0
A22: 3 | B22: =LIDER!G45 -> 0 | C22: =C21 -> G03 | E22: =IF(B22=0,0,IF(D22="",$F$20*LIDER!$H$9+$G$20*LIDER!$H$10+$H$20*LIDER!$H$11+$I$20*LIDER!$H$12+$J$20*LIDER!$H$13+$K$20*LIDER!$H$14+$L$20*LIDER!$H$15,"N")) -> 0
A23: 4 | B23: =LIDER!G46 -> 0 | C23: =C22 -> G03 | E23: =IF(B23=0,0,IF(D23="",$F$20*LIDER!$H$9+$G$20*LIDER!$H$10+$H$20*LIDER!$H$11+$I$20*LIDER!$H$12+$J$20*LIDER!$H$13+$K$20*LIDER!$H$14+$L$20*LIDER!$H$15,"N")) -> 0
A24: 5 | B24: =LIDER!G47 -> 0 | C24: =C23 -> G03 | E24: =IF(B24=0,0,IF(D24="",$F$20*LIDER!$H$9+$G$20*LIDER!$H$10+$H$20*LIDER!$H$11+$I$20*LIDER!$H$12+$J$20*LIDER!$H$13+$K$20*LIDER!$H$14+$L$20*LIDER!$H$15,"N")) -> 0
A25: 6 | B25: =LIDER!G48 -> 0 | C25: =C24 -> G03 | E25: =IF(B25=0,0,IF(D25="",$F$20*LIDER!$H$9+$G$20*LIDER!$H$10+$H$20*LIDER!$H$11+$I$20*LIDER!$H$12+$J$20*LIDER!$H$13+$K$20*LIDER!$H$14+$L$20*LIDER!$H$15,"N")) -> 0
B26: GRUPO#4 | C26: G04 | D26: =D19 -> LIST | E26: DEF | F26: =LIDER!$E$32 -> GRUPO#4
A27: 1 | B27: =LIDER!H43 -> 0 | C27: =C26 -> G04 | E27: =IF(B27=0,0,IF(D27="",$F$27*LIDER!$H$9+$G$27*LIDER!$H$10+$H$27*LIDER!$H$11+$I$27*LIDER!$H$12+$J$27*LIDER!$H$13+$K$27*LIDER!$H$14+$L$27*LIDER!$H$15,"N")) -> 0
A28: 2 | B28: =LIDER!H44 -> 0 | C28: =C27 -> G04 | E28: =IF(B28=0,0,IF(D28="",$F$27*LIDER!$H$9+$G$27*LIDER!$H$10+$H$27*LIDER!$H$11+$I$27*LIDER!$H$12+$J$27*LIDER!$H$13+$K$27*LIDER!$H$14+$L$27*LIDER!$H$15,"N")) -> 0
A29: 3 | B29: =LIDER!H45 -> 0 | C29: =C28 -> G04 | E29: =IF(B29=0,0,IF(D29="",$F$27*LIDER!$H$9+$G$27*LIDER!$H$10+$H$27*LIDER!$H$11+$I$27*LIDER!$H$12+$J$27*LIDER!$H$13+$K$27*LIDER!$H$14+$L$27*LIDER!$H$15,"N")) -> 0
A30: 4 | B30: =LIDER!H46 -> 0 | C30: =C29 -> G04 | E30: =IF(B30=0,0,IF(D30="",$F$27*LIDER!$H$9+$G$27*LIDER!$H$10+$H$27*LIDER!$H$11+$I$27*LIDER!$H$12+$J$27*LIDER!$H$13+$K$27*LIDER!$H$14+$L$27*LIDER!$H$15,"N")) -> 0
A31: 5 | B31: =LIDER!H47 -> 0 | C31: =C30 -> G04 | E31: =IF(B31=0,0,IF(D31="",$F$27*LIDER!$H$9+$G$27*LIDER!$H$10+$H$27*LIDER!$H$11+$I$27*LIDER!$H$12+$J$27*LIDER!$H$13+$K$27*LIDER!$H$14+$L$27*LIDER!$H$15,"N")) -> 0
A32: 6 | B32: =LIDER!H48 -> 0 | C32: =C31 -> G04 | E32: =IF(B32=0,0,IF(D32="",$F$27*LIDER!$H$9+$G$27*LIDER!$H$10+$H$27*LIDER!$H$11+$I$27*LIDER!$H$12+$J$27*LIDER!$H$13+$K$27*LIDER!$H$14+$L$27*LIDER!$H$15,"N")) -> 0
B33: GRUPO#5 | C33: G05 | D33: =D26 -> LIST | E33: DEF | F33: =LIDER!$E$33 -> GRUPO#5
A34: 1 | B34: =LIDER!E51 -> 0 | C34: =C33 -> G05 | E34: =IF(B34=0,0,IF(D34="",$F$34*LIDER!$H$9+$G$34*LIDER!$H$10+$H$34*LIDER!$H$11+$I$34*LIDER!$H$12+$J$34*LIDER!$H$13+$K$34*LIDER!$H$14+$L$34*LIDER!$H$15,"N")) -> 0
A35: 2 | B35: =LIDER!E52 -> 0 | C35: =C34 -> G05 | E35: =IF(B35=0,0,IF(D35="",$F$34*LIDER!$H$9+$G$34*LIDER!$H$10+$H$34*LIDER!$H$11+$I$34*LIDER!$H$12+$J$34*LIDER!$H$13+$K$34*LIDER!$H$14+$L$34*LIDER!$H$15,"N")) -> 0
A36: 3 | B36: =LIDER!E53 -> 0 | C36: =C35 -> G05 | E36: =IF(B36=0,0,IF(D36="",$F$34*LIDER!$H$9+$G$34*LIDER!$H$10+$H$34*LIDER!$H$11+$I$34*LIDER!$H$12+$J$34*LIDER!$H$13+$K$34*LIDER!$H$14+$L$34*LIDER!$H$15,"N")) -> 0
A37: 4 | B37: =LIDER!E54 -> 0 | C37: =C36 -> G05 | E37: =IF(B37=0,0,IF(D37="",$F$34*LIDER!$H$9+$G$34*LIDER!$H$10+$H$34*LIDER!$H$11+$I$34*LIDER!$H$12+$J$34*LIDER!$H$13+$K$34*LIDER!$H$14+$L$34*LIDER!$H$15,"N")) -> 0
A38: 5 | B38: =LIDER!E55 -> 0 | C38: =C37 -> G05 | E38: =IF(B38=0,0,IF(D38="",$F$34*LIDER!$H$9+$G$34*LIDER!$H$10+$H$34*LIDER!$H$11+$I$34*LIDER!$H$12+$J$34*LIDER!$H$13+$K$34*LIDER!$H$14+$L$34*LIDER!$H$15,"N")) -> 0
A39: 6 | B39: =LIDER!E56 -> 0 | C39: =C38 -> G05 | E39: =IF(B39=0,0,IF(D39="",$F$34*LIDER!$H$9+$G$34*LIDER!$H$10+$H$34*LIDER!$H$11+$I$34*LIDER!$H$12+$J$34*LIDER!$H$13+$K$34*LIDER!$H$14+$L$34*LIDER!$H$15,"N")) -> 0
B40: GRUPO#6 | C40: G06 | D40: =D33 -> LIST | E40: DEF | F40: =LIDER!$E$34 -> GRUPO#6
A41: 1 | B41: =LIDER!F51 -> 0 | C41: =C40 -> G06 | E41: =IF(B41=0,0,IF(D41="",$F$41*LIDER!$H$9+$G$41*LIDER!$H$10+$H$41*LIDER!$H$11+$I$41*LIDER!$H$12+$J$41*LIDER!$H$13+$K$41*LIDER!$H$14+$L$41*LIDER!$H$15,"N")) -> 0
A42: 2 | B42: =LIDER!F52 -> 0 | C42: =C41 -> G06 | E42: =IF(B42=0,0,IF(D42="",$F$41*LIDER!$H$9+$G$41*LIDER!$H$10+$H$41*LIDER!$H$11+$I$41*LIDER!$H$12+$J$41*LIDER!$H$13+$K$41*LIDER!$H$14+$L$41*LIDER!$H$15,"N")) -> 0
A43: 3 | B43: =LIDER!F53 -> 0 | C43: =C42 -> G06 | E43: =IF(B43=0,0,IF(D43="",$F$41*LIDER!$H$9+$G$41*LIDER!$H$10+$H$41*LIDER!$H$11+$I$41*LIDER!$H$12+$J$41*LIDER!$H$13+$K$41*LIDER!$H$14+$L$41*LIDER!$H$15,"N")) -> 0
A44: 4 | B44: =LIDER!F54 -> 0 | C44: =C43 -> G06 | E44: =IF(B44=0,0,IF(D44="",$F$41*LIDER!$H$9+$G$41*LIDER!$H$10+$H$41*LIDER!$H$11+$I$41*LIDER!$H$12+$J$41*LIDER!$H$13+$K$41*LIDER!$H$14+$L$41*LIDER!$H$15,"N")) -> 0
A45: 5 | B45: =LIDER!F55 -> 0 | C45: =C44 -> G06 | E45: =IF(B45=0,0,IF(D45="",$F$41*LIDER!$H$9+$G$41*LIDER!$H$10+$H$41*LIDER!$H$11+$I$41*LIDER!$H$12+$J$41*LIDER!$H$13+$K$41*LIDER!$H$14+$L$41*LIDER!$H$15,"N")) -> 0
A46: 6 | B46: =LIDER!F56 -> 0 | C46: =C45 -> G06 | E46: =IF(B46=0,0,IF(D46="",$F$41*LIDER!$H$9+$G$41*LIDER!$H$10+$H$41*LIDER!$H$11+$I$41*LIDER!$H$12+$J$41*LIDER!$H$13+$K$41*LIDER!$H$14+$L$41*LIDER!$H$15,"N")) -> 0
B47: GRUPO#7 | C47: G07 | D47: =D40 -> LIST | E47: DEF | F47: =LIDER!$E$35 -> GRUPO#7
A48: 1 | B48: =LIDER!G51 -> 0 | C48: =C47 -> G07 | E48: =IF(B48=0,0,IF(D48="",$F$48*LIDER!$H$9+$G$48*LIDER!$H$10+$H$48*LIDER!$H$11+$I$48*LIDER!$H$12+$J$48*LIDER!$H$13+$K$48*LIDER!$H$14+$L$48*LIDER!$H$15,"N")) -> 0
A49: 2 | B49: =LIDER!G52 -> 0 | C49: =C48 -> G07 | E49: =IF(B49=0,0,IF(D49="",$F$48*LIDER!$H$9+$G$48*LIDER!$H$10+$H$48*LIDER!$H$11+$I$48*LIDER!$H$12+$J$48*LIDER!$H$13+$K$48*LIDER!$H$14+$L$48*LIDER!$H$15,"N")) -> 0
A50: 3 | B50: =LIDER!G53 -> 0 | C50: =C49 -> G07 | E50: =IF(B50=0,0,IF(D50="",$F$48*LIDER!$H$9+$G$48*LIDER!$H$10+$H$48*LIDER!$H$11+$I$48*LIDER!$H$12+$J$48*LIDER!$H$13+$K$48*LIDER!$H$14+$L$48*LIDER!$H$15,"N")) -> 0
A51: 4 | B51: =LIDER!G54 -> 0 | C51: =C50 -> G07 | E51: =IF(B51=0,0,IF(D51="",$F$48*LIDER!$H$9+$G$48*LIDER!$H$10+$H$48*LIDER!$H$11+$I$48*LIDER!$H$12+$J$48*LIDER!$H$13+$K$48*LIDER!$H$14+$L$48*LIDER!$H$15,"N")) -> 0
A52: 5 | B52: =LIDER!G55 -> 0 | C52: =C51 -> G07 | E52: =IF(B52=0,0,IF(D52="",$F$48*LIDER!$H$9+$G$48*LIDER!$H$10+$H$48*LIDER!$H$11+$I$48*LIDER!$H$12+$J$48*LIDER!$H$13+$K$48*LIDER!$H$14+$L$48*LIDER!$H$15,"N")) -> 0
A53: 6 | B53: =LIDER!G56 -> 0 | C53: =C52 -> G07 | E53: =IF(B53=0,0,IF(D53="",$F$48*LIDER!$H$9+$G$48*LIDER!$H$10+$H$48*LIDER!$H$11+$I$48*LIDER!$H$12+$J$48*LIDER!$H$13+$K$48*LIDER!$H$14+$L$48*LIDER!$H$15,"N")) -> 0
B54: GRUPO#8 | C54: G08 | D54: =D47 -> LIST | E54: DEF | F54: =LIDER!$E$36 -> GRUPO#8
A55: 1 | B55: =LIDER!H51 -> 0 | C55: =C54 -> G08 | E55: =IF(B55=0,0,IF(D55="",$F$55*LIDER!$H$9+$G$55*LIDER!$H$10+$H$55*LIDER!$H$11+$I$55*LIDER!$H$12+$J$55*LIDER!$H$13+$K$55*LIDER!$H$14+$L$55*LIDER!$H$15,"N")) -> 0
A56: 2 | B56: =LIDER!H52 -> 0 | C56: =C55 -> G08 | E56: =IF(B56=0,0,IF(D56="",$F$55*LIDER!$H$9+$G$55*LIDER!$H$10+$H$55*LIDER!$H$11+$I$55*LIDER!$H$12+$J$55*LIDER!$H$13+$K$55*LIDER!$H$14+$L$55*LIDER!$H$15,"N")) -> 0
A57: 3 | B57: =LIDER!H53 -> 0 | C57: =C56 -> G08 | E57: =IF(B57=0,0,IF(D57="",$F$55*LIDER!$H$9+$G$55*LIDER!$H$10+$H$55*LIDER!$H$11+$I$55*LIDER!$H$12+$J$55*LIDER!$H$13+$K$55*LIDER!$H$14+$L$55*LIDER!$H$15,"N")) -> 0
A58: 4 | B58: =LIDER!H54 -> 0 | C58: =C57 -> G08 | E58: =IF(B58=0,0,IF(D58="",$F$55*LIDER!$H$9+$G$55*LIDER!$H$10+$H$55*LIDER!$H$11+$I$55*LIDER!$H$12+$J$55*LIDER!$H$13+$K$55*LIDER!$H$14+$L$55*LIDER!$H$15,"N")) -> 0
A59: 5 | B59: =LIDER!H55 -> 0 | C59: =C58 -> G08 | E59: =IF(B59=0,0,IF(D59="",$F$55*LIDER!$H$9+$G$55*LIDER!$H$10+$H$55*LIDER!$H$11+$I$55*LIDER!$H$12+$J$55*LIDER!$H$13+$K$55*LIDER!$H$14+$L$55*LIDER!$H$15,"N")) -> 0
A60: 6 | B60: =LIDER!H56 -> 0 | C60: =C59 -> G08 | E60: =IF(B60=0,0,IF(D60="",$F$55*LIDER!$H$9+$G$55*LIDER!$H$10+$H$55*LIDER!$H$11+$I$55*LIDER!$H$12+$J$55*LIDER!$H$13+$K$55*LIDER!$H$14+$L$55*LIDER!$H$15,"N")) -> 0
B61: GRUPO#9 | C61: G09 | D61: =D54 -> LIST | E61: DEF | F61: =LIDER!$E$37 -> GRUPO#9
A62: 1 | B62: =LIDER!E59 -> 0 | C62: =C61 -> G09 | E62: =IF(B62=0,0,IF(D62="",$F$62*LIDER!$H$9+$G$62*LIDER!$H$10+$H$62*LIDER!$H$11+$I$62*LIDER!$H$12+$J$62*LIDER!$H$13+$K$62*LIDER!$H$14+$L$62*LIDER!$H$15,"N")) -> 0
A63: 2 | B63: =LIDER!E60 -> 0 | C63: =C62 -> G09 | E63: =IF(B63=0,0,IF(D63="",$F$62*LIDER!$H$9+$G$62*LIDER!$H$10+$H$62*LIDER!$H$11+$I$62*LIDER!$H$12+$J$62*LIDER!$H$13+$K$62*LIDER!$H$14+$L$62*LIDER!$H$15,"N")) -> 0
A64: 3 | B64: =LIDER!E61 -> 0 | C64: =C63 -> G09 | E64: =IF(B64=0,0,IF(D64="",$F$62*LIDER!$H$9+$G$62*LIDER!$H$10+$H$62*LIDER!$H$11+$I$62*LIDER!$H$12+$J$62*LIDER!$H$13+$K$62*LIDER!$H$14+$L$62*LIDER!$H$15,"N")) -> 0
A65: 4 | B65: =LIDER!E62 -> 0 | C65: =C64 -> G09 | E65: =IF(B65=0,0,IF(D65="",$F$62*LIDER!$H$9+$G$62*LIDER!$H$10+$H$62*LIDER!$H$11+$I$62*LIDER!$H$12+$J$62*LIDER!$H$13+$K$62*LIDER!$H$14+$L$62*LIDER!$H$15,"N")) -> 0
A66: 5 | B66: =LIDER!E63 -> 0 | C66: =C65 -> G09 | E66: =IF(B66=0,0,IF(D66="",$F$62*LIDER!$H$9+$G$62*LIDER!$H$10+$H$62*LIDER!$H$11+$I$62*LIDER!$H$12+$J$62*LIDER!$H$13+$K$62*LIDER!$H$14+$L$62*LIDER!$H$15,"N")) -> 0
A67: 6 | B67: =LIDER!E64 -> 0 | C67: =C66 -> G09 | E67: =IF(B67=0,0,IF(D67="",$F$62*LIDER!$H$9+$G$62*LIDER!$H$10+$H$62*LIDER!$H$11+$I$62*LIDER!$H$12+$J$62*LIDER!$H$13+$K$62*LIDER!$H$14+$L$62*LIDER!$H$15,"N")) -> 0
B68: GRUPO#10 | C68: G10 | D68: =D61 -> LIST | E68: DEF | F68: =LIDER!$E$38 -> GRUPO#10
A69: 1 | B69: =LIDER!F59 -> 0 | C69: =C68 -> G10 | E69: =IF(B69=0,0,IF(D69="",$F$69*LIDER!$H$9+$G$69*LIDER!$H$10+$H$69*LIDER!$H$11+$I$69*LIDER!$H$12+$J$69*LIDER!$H$13+$K$69*LIDER!$H$14+$L$69*LIDER!$H$15,"N")) -> 0
A70: 2 | B70: =LIDER!F60 -> 0 | C70: =C69 -> G10 | E70: =IF(B70=0,0,IF(D70="",$F$69*LIDER!$H$9+$G$69*LIDER!$H$10+$H$69*LIDER!$H$11+$I$69*LIDER!$H$12+$J$69*LIDER!$H$13+$K$69*LIDER!$H$14+$L$69*LIDER!$H$15,"N")) -> 0
A71: 3 | B71: =LIDER!F61 -> 0 | C71: =C70 -> G10 | E71: =IF(B71=0,0,IF(D71="",$F$69*LIDER!$H$9+$G$69*LIDER!$H$10+$H$69*LIDER!$H$11+$I$69*LIDER!$H$12+$J$69*LIDER!$H$13+$K$69*LIDER!$H$14+$L$69*LIDER!$H$15,"N")) -> 0
A72: 4 | B72: =LIDER!F62 -> 0 | C72: =C71 -> G10 | E72: =IF(B72=0,0,IF(D72="",$F$69*LIDER!$H$9+$G$69*LIDER!$H$10+$H$69*LIDER!$H$11+$I$69*LIDER!$H$12+$J$69*LIDER!$H$13+$K$69*LIDER!$H$14+$L$69*LIDER!$H$15,"N")) -> 0
A73: 5 | B73: =LIDER!F63 -> 0 | C73: =C72 -> G10 | E73: =IF(B73=0,0,IF(D73="",$F$69*LIDER!$H$9+$G$69*LIDER!$H$10+$H$69*LIDER!$H$11+$I$69*LIDER!$H$12+$J$69*LIDER!$H$13+$K$69*LIDER!$H$14+$L$69*LIDER!$H$15,"N")) -> 0
A74: 6 | B74: =LIDER!F64 -> 0 | C74: =C73 -> G10 | E74: =IF(B74=0,0,IF(D74="",$F$69*LIDER!$H$9+$G$69*LIDER!$H$10+$H$69*LIDER!$H$11+$I$69*LIDER!$H$12+$J$69*LIDER!$H$13+$K$69*LIDER!$H$14+$L$69*LIDER!$H$15,"N")) -> 0
B75: GRUPO#11 | C75: G11 | D75: =D68 -> LIST | E75: DEF | F75: =LIDER!$E$39 -> GRUPO#11
A76: 1 | B76: =LIDER!G59 -> 0 | C76: =C75 -> G11 | E76: =IF(B76=0,0,IF(D76="",$F$76*LIDER!$H$9+$G$76*LIDER!$H$10+$H$76*LIDER!$H$11+$I$76*LIDER!$H$12+$J$76*LIDER!$H$13+$K$76*LIDER!$H$14+$L$76*LIDER!$H$15,"N")) -> 0
A77: 2 | B77: =LIDER!G60 -> 0 | C77: =C76 -> G11 | E77: =IF(B77=0,0,IF(D77="",$F$76*LIDER!$H$9+$G$76*LIDER!$H$10+$H$76*LIDER!$H$11+$I$76*LIDER!$H$12+$J$76*LIDER!$H$13+$K$76*LIDER!$H$14+$L$76*LIDER!$H$15,"N")) -> 0
A78: 3 | B78: =LIDER!G61 -> 0 | C78: =C77 -> G11 | E78: =IF(B78=0,0,IF(D78="",$F$76*LIDER!$H$9+$G$76*LIDER!$H$10+$H$76*LIDER!$H$11+$I$76*LIDER!$H$12+$J$76*LIDER!$H$13+$K$76*LIDER!$H$14+$L$76*LIDER!$H$15,"N")) -> 0
A79: 4 | B79: =LIDER!G62 -> 0 | C79: =C78 -> G11 | E79: =IF(B79=0,0,IF(D79="",$F$76*LIDER!$H$9+$G$76*LIDER!$H$10+$H$76*LIDER!$H$11+$I$76*LIDER!$H$12+$J$76*LIDER!$H$13+$K$76*LIDER!$H$14+$L$76*LIDER!$H$15,"N")) -> 0
A80: 5 | B80: =LIDER!G63 -> 0 | C80: =C79 -> G11 | E80: =IF(B80=0,0,IF(D80="",$F$76*LIDER!$H$9+$G$76*LIDER!$H$10+$H$76*LIDER!$H$11+$I$76*LIDER!$H$12+$J$76*LIDER!$H$13+$K$76*LIDER!$H$14+$L$76*LIDER!$H$15,"N")) -> 0
A81: 6 | B81: =LIDER!G64 -> 0 | C81: =C80 -> G11 | E81: =IF(B81=0,0,IF(D81="",$F$76*LIDER!$H$9+$G$76*LIDER!$H$10+$H$76*LIDER!$H$11+$I$76*LIDER!$H$12+$J$76*LIDER!$H$13+$K$76*LIDER!$H$14+$L$76*LIDER!$H$15,"N")) -> 0
B82: GRUPO#12 | C82: G12 | D82: =D75 -> LIST | E82: DEF | F82: =LIDER!$E$40 -> GRUPO#12
A83: 1 | B83: =LIDER!H59 -> 0 | C83: =C82 -> G12 | E83: =IF(B83=0,0,IF(D83="",$F$83*LIDER!$H$9+$G$83*LIDER!$H$10+$H$83*LIDER!$H$11+$I$83*LIDER!$H$12+$J$83*LIDER!$H$13+$K$83*LIDER!$H$14+$L$83*LIDER!$H$15,"N")) -> 0
A84: 2 | B84: =LIDER!H60 -> 0 | C84: =C83 -> G12 | E84: =IF(B84=0,0,IF(D84="",$F$83*LIDER!$H$9+$G$83*LIDER!$H$10+$H$83*LIDER!$H$11+$I$83*LIDER!$H$12+$J$83*LIDER!$H$13+$K$83*LIDER!$H$14+$L$83*LIDER!$H$15,"N")) -> 0
A85: 3 | B85: =LIDER!H61 -> 0 | C85: =C84 -> G12 | E85: =IF(B85=0,0,IF(D85="",$F$83*LIDER!$H$9+$G$83*LIDER!$H$10+$H$83*LIDER!$H$11+$I$83*LIDER!$H$12+$J$83*LIDER!$H$13+$K$83*LIDER!$H$14+$L$83*LIDER!$H$15,"N")) -> 0
A86: 4 | B86: =LIDER!H62 -> 0 | C86: =C85 -> G12 | E86: =IF(B86=0,0,IF(D86="",$F$83*LIDER!$H$9+$G$83*LIDER!$H$10+$H$83*LIDER!$H$11+$I$83*LIDER!$H$12+$J$83*LIDER!$H$13+$K$83*LIDER!$H$14+$L$83*LIDER!$H$15,"N")) -> 0
A87: 5 | B87: =LIDER!H63 -> 0 | C87: =C86 -> G12 | E87: =IF(B87=0,0,IF(D87="",$F$83*LIDER!$H$9+$G$83*LIDER!$H$10+$H$83*LIDER!$H$11+$I$83*LIDER!$H$12+$J$83*LIDER!$H$13+$K$83*LIDER!$H$14+$L$83*LIDER!$H$15,"N")) -> 0
A88: 6 | B88: =LIDER!H64 -> 0 | C88: =C87 -> G12 | E88: =IF(B88=0,0,IF(D88="",$F$83*LIDER!$H$9+$G$83*LIDER!$H$10+$H$83*LIDER!$H$11+$I$83*LIDER!$H$12+$J$83*LIDER!$H$13+$K$83*LIDER!$H$14+$L$83*LIDER!$H$15,"N")) -> 0

Sheet S-ASIG-06
A1: =LIDER!B2 -> TECNOLOGÍA EN GESTIÓN DE NEGOCIOS INTERN | I1: =LIDER!E2 -> SEMESTRE: | J1: =LIDER!F2 -> SEM-03 | K1: =LIDER!G2 -> SECCIÓN: | L1: =LIDER!H2 -> 2
B2: =LIDER!H4 -> 0 | F2: CRITERIOS DE EVALUACIÓN
B3: Estudiantes | F3: =LIDER!E9 -> PRESENTACIÓN GENERAL: Adopta la norma APA, tamaño de la hoja, margenes, titulo, portadas, numeración de paginas, tabla de contenido automatizada, ortografia, justificacion del texto, citas automatizadas, listas, figuras,etc. | G3: =LIDER!E10 -> ANTEPROYECTO: Portada, planteamiento del problema, justificacion del trabajo o proyecto de aula, objetivos, marco teorico, diseño metodologico. | H3: =LIDER!E11 -> RESULTADOS: Analiza, integra y aplica de manera coherente los aspectos legales-tributarios, administrativos y tecnológicos en el desarrollo de la propuesta investigativa, evidenciando capacidad para generar soluciones viables, pertinentes y sostenibles. | I3: =LIDER!E12 -> BILIOGRAFIA: Las referencias bibliograficas: adoptan las normas APA. El documento es producto de un rastreo bibliografico que muestra analisis y sistensis. | J3: =LIDER!E13 -> ASESORIAS: Anexó la hoja de tutoria firmada ( 3 fimas minmimo). | K3: =LIDER!E14 -> 0 | L3: =LIDER!E15 -> 0
F4: =CONCATENATE(LIDER!H4," - ",LIDER!H6," - ",LIDER!H5) -> - -
B5: GRUPO#1 | C5: G01 | D5: LIST | E5: DEF | F5: =LIDER!$E$29 -> GRUPO#1. Identificación de los aspectos legales, tributarios, administrativos, macroeconómicos, aduaneros, tecnológicos e internacionales que definen el perfil de Yara Colombia S.A. en los negocios internacionales
A6: 1 | B6: =LIDER!E43 -> SARA OYOLA MARTINEZ | C6: =C5 -> G01 | E6: =IF(B6=0,0,IF(D6="",$F$6*LIDER!$H$9+$G$6*LIDER!$H$10+$H$6*LIDER!$H$11+$I$6*LIDER!$H$12+$J$6*LIDER!$H$13+$K$6*LIDER!$H$14+$L$6*LIDER!$H$15,"N")) -> 0
A7: 2 | B7: =LIDER!E44 -> YINA MARCELA PÉREZ PINEDA | C7: =C6 -> G01 | E7: =IF(B7=0,0,IF(D7="",$F$6*LIDER!$H$9+$G$6*LIDER!$H$10+$H$6*LIDER!$H$11+$I$6*LIDER!$H$12+$J$6*LIDER!$H$13+$K$6*LIDER!$H$14+$L$6*LIDER!$H$15,"N")) -> 0
A8: 3 | B8: =LIDER!E45 -> JABES ELIAS ROSERO VILLA | C8: =C7 -> G01 | E8: =IF(B8=0,0,IF(D8="",$F$6*LIDER!$H$9+$G$6*LIDER!$H$10+$H$6*LIDER!$H$11+$I$6*LIDER!$H$12+$J$6*LIDER!$H$13+$K$6*LIDER!$H$14+$L$6*LIDER!$H$15,"N")) -> 0
A9: 4 | B9: =LIDER!E46 -> ISAIAS FERNANDO SALCEDO CAICEDO | C9: =C8 -> G01 | E9: =IF(B9=0,0,IF(D9="",$F$6*LIDER!$H$9+$G$6*LIDER!$H$10+$H$6*LIDER!$H$11+$I$6*LIDER!$H$12+$J$6*LIDER!$H$13+$K$6*LIDER!$H$14+$L$6*LIDER!$H$15,"N")) -> 0
A10: 5 | B10: =LIDER!E47 -> 0 | C10: =C9 -> G01 | E10: =IF(B10=0,0,IF(D10="",$F$6*LIDER!$H$9+$G$6*LIDER!$H$10+$H$6*LIDER!$H$11+$I$6*LIDER!$H$12+$J$6*LIDER!$H$13+$K$6*LIDER!$H$14+$L$6*LIDER!$H$15,"N")) -> 0
A11: 6 | B11: =LIDER!E48 -> 0 | C11: =C10 -> G01 | E11: =IF(B11=0,0,IF(D11="",$F$6*LIDER!$H$9+$G$6*LIDER!$H$10+$H$6*LIDER!$H$11+$I$6*LIDER!$H$12+$J$6*LIDER!$H$13+$K$6*LIDER!$H$14+$L$6*LIDER!$H$15,"N")) -> 0
B12: GRUPO#2 | C12: G02 | D12: =D5 -> LIST | E12: DEF | F12: =LIDER!$E$30 -> GRUPO#2. Identificación de los aspectos legales, tributarios, administrativos, macroeconómicos, aduaneros, tecnológicos e internacionales que definen el perfil de Grupo Familia en los negocios internacionales con enfoque en la exportación hacia Estados Unidos.
A13: 1 | B13: =LIDER!F43 -> JORGE ALBERTO BATISTA TABORDA | C13: =C12 -> G02 | E13: =IF(B13=0,0,IF(D13="",$F$13*LIDER!$H$9+$G$13*LIDER!$H$10+$H$13*LIDER!$H$11+$I$13*LIDER!$H$12+$J$13*LIDER!$H$13+$K$13*LIDER!$H$14+$L$13*LIDER!$H$15,"N")) -> 0
A14: 2 | B14: =LIDER!F44 -> JEREMY MACOLL DIAZ PEREZ | C14: =C13 -> G02 | E14: =IF(B14=0,0,IF(D14="",$F$13*LIDER!$H$9+$G$13*LIDER!$H$10+$H$13*LIDER!$H$11+$I$13*LIDER!$H$12+$J$13*LIDER!$H$13+$K$13*LIDER!$H$14+$L$13*LIDER!$H$15,"N")) -> 0
A15: 3 | B15: =LIDER!F45 -> DARIANY PEÑARANDA LLACH | C15: =C14 -> G02 | E15: =IF(B15=0,0,IF(D15="",$F$13*LIDER!$H$9+$G$13*LIDER!$H$10+$H$13*LIDER!$H$11+$I$13*LIDER!$H$12+$J$13*LIDER!$H$13+$K$13*LIDER!$H$14+$L$13*LIDER!$H$15,"N")) -> 0
A16: 4 | B16: =LIDER!F46 -> MARIANGEL ROMERO VANEGAS | C16: =C15 -> G02 | E16: =IF(B16=0,0,IF(D16="",$F$13*LIDER!$H$9+$G$13*LIDER!$H$10+$H$13*LIDER!$H$11+$I$13*LIDER!$H$12+$J$13*LIDER!$H$13+$K$13*LIDER!$H$14+$L$13*LIDER!$H$15,"N")) -> 0
A17: 5 | B17: =LIDER!F47 -> 0 | C17: =C16 -> G02 | E17: =IF(B17=0,0,IF(D17="",$F$13*LIDER!$H$9+$G$13*LIDER!$H$10+$H$13*LIDER!$H$11+$I$13*LIDER!$H$12+$J$13*LIDER!$H$13+$K$13*LIDER!$H$14+$L$13*LIDER!$H$15,"N")) -> 0
A18: 6 | B18: =LIDER!F48 -> 0 | C18: =C17 -> G02 | E18: =IF(B18=0,0,IF(D18="",$F$13*LIDER!$H$9+$G$13*LIDER!$H$10+$H$13*LIDER!$H$11+$I$13*LIDER!$H$12+$J$13*LIDER!$H$13+$K$13*LIDER!$H$14+$L$13*LIDER!$H$15,"N")) -> 0
B19: GRUPO#3 | C19: G03 | D19: =D12 -> LIST | E19: DEF | F19: =LIDER!$E$31 -> GRUPO#3
A20: 1 | B20: =LIDER!G43 -> 0 | C20: =C19 -> G03 | E20: =IF(B20=0,0,IF(D20="",$F$20*LIDER!$H$9+$G$20*LIDER!$H$10+$H$20*LIDER!$H$11+$I$20*LIDER!$H$12+$J$20*LIDER!$H$13+$K$20*LIDER!$H$14+$L$20*LIDER!$H$15,"N")) -> 0
A21: 2 | B21: =LIDER!G44 -> 0 | C21: =C20 -> G03 | E21: =IF(B21=0,0,IF(D21="",$F$20*LIDER!$H$9+$G$20*LIDER!$H$10+$H$20*LIDER!$H$11+$I$20*LIDER!$H$12+$J$20*LIDER!$H$13+$K$20*LIDER!$H$14+$L$20*LIDER!$H$15,"N")) -> 0
A22: 3 | B22: =LIDER!G45 -> 0 | C22: =C21 -> G03 | E22: =IF(B22=0,0,IF(D22="",$F$20*LIDER!$H$9+$G$20*LIDER!$H$10+$H$20*LIDER!$H$11+$I$20*LIDER!$H$12+$J$20*LIDER!$H$13+$K$20*LIDER!$H$14+$L$20*LIDER!$H$15,"N")) -> 0
A23: 4 | B23: =LIDER!G46 -> 0 | C23: =C22 -> G03 | E23: =IF(B23=0,0,IF(D23="",$F$20*LIDER!$H$9+$G$20*LIDER!$H$10+$H$20*LIDER!$H$11+$I$20*LIDER!$H$12+$J$20*LIDER!$H$13+$K$20*LIDER!$H$14+$L$20*LIDER!$H$15,"N")) -> 0
A24: 5 | B24: =LIDER!G47 -> 0 | C24: =C23 -> G03 | E24: =IF(B24=0,0,IF(D24="",$F$20*LIDER!$H$9+$G$20*LIDER!$H$10+$H$20*LIDER!$H$11+$I$20*LIDER!$H$12+$J$20*LIDER!$H$13+$K$20*LIDER!$H$14+$L$20*LIDER!$H$15,"N")) -> 0
A25: 6 | B25: =LIDER!G48 -> 0 | C25: =C24 -> G03 | E25: =IF(B25=0,0,IF(D25="",$F$20*LIDER!$H$9+$G$20*LIDER!$H$10+$H$20*LIDER!$H$11+$I$20*LIDER!$H$12+$J$20*LIDER!$H$13+$K$20*LIDER!$H$14+$L$20*LIDER!$H$15,"N")) -> 0
B26: GRUPO#4 | C26: G04 | D26: =D19 -> LIST | E26: DEF | F26: =LIDER!$E$32 -> GRUPO#4
A27: 1 | B27: =LIDER!H43 -> 0 | C27: =C26 -> G04 | E27: =IF(B27=0,0,IF(D27="",$F$27*LIDER!$H$9+$G$27*LIDER!$H$10+$H$27*LIDER!$H$11+$I$27*LIDER!$H$12+$J$27*LIDER!$H$13+$K$27*LIDER!$H$14+$L$27*LIDER!$H$15,"N")) -> 0
A28: 2 | B28: =LIDER!H44 -> 0 | C28: =C27 -> G04 | E28: =IF(B28=0,0,IF(D28="",$F$27*LIDER!$H$9+$G$27*LIDER!$H$10+$H$27*LIDER!$H$11+$I$27*LIDER!$H$12+$J$27*LIDER!$H$13+$K$27*LIDER!$H$14+$L$27*LIDER!$H$15,"N")) -> 0
A29: 3 | B29: =LIDER!H45 -> 0 | C29: =C28 -> G04 | E29: =IF(B29=0,0,IF(D29="",$F$27*LIDER!$H$9+$G$27*LIDER!$H$10+$H$27*LIDER!$H$11+$I$27*LIDER!$H$12+$J$27*LIDER!$H$13+$K$27*LIDER!$H$14+$L$27*LIDER!$H$15,"N")) -> 0
A30: 4 | B30: =LIDER!H46 -> 0 | C30: =C29 -> G04 | E30: =IF(B30=0,0,IF(D30="",$F$27*LIDER!$H$9+$G$27*LIDER!$H$10+$H$27*LIDER!$H$11+$I$27*LIDER!$H$12+$J$27*LIDER!$H$13+$K$27*LIDER!$H$14+$L$27*LIDER!$H$15,"N")) -> 0
A31: 5 | B31: =LIDER!H47 -> 0 | C31: =C30 -> G04 | E31: =IF(B31=0,0,IF(D31="",$F$27*LIDER!$H$9+$G$27*LIDER!$H$10+$H$27*LIDER!$H$11+$I$27*LIDER!$H$12+$J$27*LIDER!$H$13+$K$27*LIDER!$H$14+$L$27*LIDER!$H$15,"N")) -> 0
A32: 6 | B32: =LIDER!H48 -> 0 | C32: =C31 -> G04 | E32: =IF(B32=0,0,IF(D32="",$F$27*LIDER!$H$9+$G$27*LIDER!$H$10+$H$27*LIDER!$H$11+$I$27*LIDER!$H$12+$J$27*LIDER!$H$13+$K$27*LIDER!$H$14+$L$27*LIDER!$H$15,"N")) -> 0
B33: GRUPO#5 | C33: G05 | D33: =D26 -> LIST | E33: DEF | F33: =LIDER!$E$33 -> GRUPO#5
A34: 1 | B34: =LIDER!E51 -> 0 | C34: =C33 -> G05 | E34: =IF(B34=0,0,IF(D34="",$F$34*LIDER!$H$9+$G$34*LIDER!$H$10+$H$34*LIDER!$H$11+$I$34*LIDER!$H$12+$J$34*LIDER!$H$13+$K$34*LIDER!$H$14+$L$34*LIDER!$H$15,"N")) -> 0
A35: 2 | B35: =LIDER!E52 -> 0 | C35: =C34 -> G05 | E35: =IF(B35=0,0,IF(D35="",$F$34*LIDER!$H$9+$G$34*LIDER!$H$10+$H$34*LIDER!$H$11+$I$34*LIDER!$H$12+$J$34*LIDER!$H$13+$K$34*LIDER!$H$14+$L$34*LIDER!$H$15,"N")) -> 0
A36: 3 | B36: =LIDER!E53 -> 0 | C36: =C35 -> G05 | E36: =IF(B36=0,0,IF(D36="",$F$34*LIDER!$H$9+$G$34*LIDER!$H$10+$H$34*LIDER!$H$11+$I$34*LIDER!$H$12+$J$34*LIDER!$H$13+$K$34*LIDER!$H$14+$L$34*LIDER!$H$15,"N")) -> 0
A37: 4 | B37: =LIDER!E54 -> 0 | C37: =C36 -> G05 | E37: =IF(B37=0,0,IF(D37="",$F$34*LIDER!$H$9+$G$34*LIDER!$H$10+$H$34*LIDER!$H$11+$I$34*LIDER!$H$12+$J$34*LIDER!$H$13+$K$34*LIDER!$H$14+$L$34*LIDER!$H$15,"N")) -> 0
A38: 5 | B38: =LIDER!E55 -> 0 | C38: =C37 -> G05 | E38: =IF(B38=0,0,IF(D38="",$F$34*LIDER!$H$9+$G$34*LIDER!$H$10+$H$34*LIDER!$H$11+$I$34*LIDER!$H$12+$J$34*LIDER!$H$13+$K$34*LIDER!$H$14+$L$34*LIDER!$H$15,"N")) -> 0
A39: 6 | B39: =LIDER!E56 -> 0 | C39: =C38 -> G05 | E39: =IF(B39=0,0,IF(D39="",$F$34*LIDER!$H$9+$G$34*LIDER!$H$10+$H$34*LIDER!$H$11+$I$34*LIDER!$H$12+$J$34*LIDER!$H$13+$K$34*LIDER!$H$14+$L$34*LIDER!$H$15,"N")) -> 0
B40: GRUPO#6 | C40: G06 | D40: =D33 -> LIST | E40: DEF | F40: =LIDER!$E$34 -> GRUPO#6
A41: 1 | B41: =LIDER!F51 -> 0 | C41: =C40 -> G06 | E41: =IF(B41=0,0,IF(D41="",$F$41*LIDER!$H$9+$G$41*LIDER!$H$10+$H$41*LIDER!$H$11+$I$41*LIDER!$H$12+$J$41*LIDER!$H$13+$K$41*LIDER!$H$14+$L$41*LIDER!$H$15,"N")) -> 0
A42: 2 | B42: =LIDER!F52 -> 0 | C42: =C41 -> G06 | E42: =IF(B42=0,0,IF(D42="",$F$41*LIDER!$H$9+$G$41*LIDER!$H$10+$H$41*LIDER!$H$11+$I$41*LIDER!$H$12+$J$41*LIDER!$H$13+$K$41*LIDER!$H$14+$L$41*LIDER!$H$15,"N")) -> 0
A43: 3 | B43: =LIDER!F53 -> 0 | C43: =C42 -> G06 | E43: =IF(B43=0,0,IF(D43="",$F$41*LIDER!$H$9+$G$41*LIDER!$H$10+$H$41*LIDER!$H$11+$I$41*LIDER!$H$12+$J$41*LIDER!$H$13+$K$41*LIDER!$H$14+$L$41*LIDER!$H$15,"N")) -> 0
A44: 4 | B44: =LIDER!F54 -> 0 | C44: =C43 -> G06 | E44: =IF(B44=0,0,IF(D44="",$F$41*LIDER!$H$9+$G$41*LIDER!$H$10+$H$41*LIDER!$H$11+$I$41*LIDER!$H$12+$J$41*LIDER!$H$13+$K$41*LIDER!$H$14+$L$41*LIDER!$H$15,"N")) -> 0
A45: 5 | B45: =LIDER!F55 -> 0 | C45: =C44 -> G06 | E45: =IF(B45=0,0,IF(D45="",$F$41*LIDER!$H$9+$G$41*LIDER!$H$10+$H$41*LIDER!$H$11+$I$41*LIDER!$H$12+$J$41*LIDER!$H$13+$K$41*LIDER!$H$14+$L$41*LIDER!$H$15,"N")) -> 0
A46: 6 | B46: =LIDER!F56 -> 0 | C46: =C45 -> G06 | E46: =IF(B46=0,0,IF(D46="",$F$41*LIDER!$H$9+$G$41*LIDER!$H$10+$H$41*LIDER!$H$11+$I$41*LIDER!$H$12+$J$41*LIDER!$H$13+$K$41*LIDER!$H$14+$L$41*LIDER!$H$15,"N")) -> 0
B47: GRUPO#7 | C47: G07 | D47: =D40 -> LIST | E47: DEF | F47: =LIDER!$E$35 -> GRUPO#7
A48: 1 | B48: =LIDER!G51 -> 0 | C48: =C47 -> G07 | E48: =IF(B48=0,0,IF(D48="",$F$48*LIDER!$H$9+$G$48*LIDER!$H$10+$H$48*LIDER!$H$11+$I$48*LIDER!$H$12+$J$48*LIDER!$H$13+$K$48*LIDER!$H$14+$L$48*LIDER!$H$15,"N")) -> 0
A49: 2 | B49: =LIDER!G52 -> 0 | C49: =C48 -> G07 | E49: =IF(B49=0,0,IF(D49="",$F$48*LIDER!$H$9+$G$48*LIDER!$H$10+$H$48*LIDER!$H$11+$I$48*LIDER!$H$12+$J$48*LIDER!$H$13+$K$48*LIDER!$H$14+$L$48*LIDER!$H$15,"N")) -> 0
A50: 3 | B50: =LIDER!G53 -> 0 | C50: =C49 -> G07 | E50: =IF(B50=0,0,IF(D50="",$F$48*LIDER!$H$9+$G$48*LIDER!$H$10+$H$48*LIDER!$H$11+$I$48*LIDER!$H$12+$J$48*LIDER!$H$13+$K$48*LIDER!$H$14+$L$48*LIDER!$H$15,"N")) -> 0
A51: 4 | B51: =LIDER!G54 -> 0 | C51: =C50 -> G07 | E51: =IF(B51=0,0,IF(D51="",$F$48*LIDER!$H$9+$G$48*LIDER!$H$10+$H$48*LIDER!$H$11+$I$48*LIDER!$H$12+$J$48*LIDER!$H$13+$K$48*LIDER!$H$14+$L$48*LIDER!$H$15,"N")) -> 0
A52: 5 | B52: =LIDER!G55 -> 0 | C52: =C51 -> G07 | E52: =IF(B52=0,0,IF(D52="",$F$48*LIDER!$H$9+$G$48*LIDER!$H$10+$H$48*LIDER!$H$11+$I$48*LIDER!$H$12+$J$48*LIDER!$H$13+$K$48*LIDER!$H$14+$L$48*LIDER!$H$15,"N")) -> 0
A53: 6 | B53: =LIDER!G56 -> 0 | C53: =C52 -> G07 | E53: =IF(B53=0,0,IF(D53="",$F$48*LIDER!$H$9+$G$48*LIDER!$H$10+$H$48*LIDER!$H$11+$I$48*LIDER!$H$12+$J$48*LIDER!$H$13+$K$48*LIDER!$H$14+$L$48*LIDER!$H$15,"N")) -> 0
B54: GRUPO#8 | C54: G08 | D54: =D47 -> LIST | E54: DEF | F54: =LIDER!$E$36 -> GRUPO#8
A55: 1 | B55: =LIDER!H51 -> 0 | C55: =C54 -> G08 | E55: =IF(B55=0,0,IF(D55="",$F$55*LIDER!$H$9+$G$55*LIDER!$H$10+$H$55*LIDER!$H$11+$I$55*LIDER!$H$12+$J$55*LIDER!$H$13+$K$55*LIDER!$H$14+$L$55*LIDER!$H$15,"N")) -> 0
A56: 2 | B56: =LIDER!H52 -> 0 | C56: =C55 -> G08 | E56: =IF(B56=0,0,IF(D56="",$F$55*LIDER!$H$9+$G$55*LIDER!$H$10+$H$55*LIDER!$H$11+$I$55*LIDER!$H$12+$J$55*LIDER!$H$13+$K$55*LIDER!$H$14+$L$55*LIDER!$H$15,"N")) -> 0
A57: 3 | B57: =LIDER!H53 -> 0 | C57: =C56 -> G08 | E57: =IF(B57=0,0,IF(D57="",$F$55*LIDER!$H$9+$G$55*LIDER!$H$10+$H$55*LIDER!$H$11+$I$55*LIDER!$H$12+$J$55*LIDER!$H$13+$K$55*LIDER!$H$14+$L$55*LIDER!$H$15,"N")) -> 0
A58: 4 | B58: =LIDER!H54 -> 0 | C58: =C57 -> G08 | E58: =IF(B58=0,0,IF(D58="",$F$55*LIDER!$H$9+$G$55*LIDER!$H$10+$H$55*LIDER!$H$11+$I$55*LIDER!$H$12+$J$55*LIDER!$H$13+$K$55*LIDER!$H$14+$L$55*LIDER!$H$15,"N")) -> 0
A59: 5 | B59: =LIDER!H55 -> 0 | C59: =C58 -> G08 | E59: =IF(B59=0,0,IF(D59="",$F$55*LIDER!$H$9+$G$55*LIDER!$H$10+$H$55*LIDER!$H$11+$I$55*LIDER!$H$12+$J$55*LIDER!$H$13+$K$55*LIDER!$H$14+$L$55*LIDER!$H$15,"N")) -> 0
A60: 6 | B60: =LIDER!H56 -> 0 | C60: =C59 -> G08 | E60: =IF(B60=0,0,IF(D60="",$F$55*LIDER!$H$9+$G$55*LIDER!$H$10+$H$55*LIDER!$H$11+$I$55*LIDER!$H$12+$J$55*LIDER!$H$13+$K$55*LIDER!$H$14+$L$55*LIDER!$H$15,"N")) -> 0
B61: GRUPO#9 | C61: G09 | D61: =D54 -> LIST | E61: DEF | F61: =LIDER!$E$37 -> GRUPO#9
A62: 1 | B62: =LIDER!E59 -> 0 | C62: =C61 -> G09 | E62: =IF(B62=0,0,IF(D62="",$F$62*LIDER!$H$9+$G$62*LIDER!$H$10+$H$62*LIDER!$H$11+$I$62*LIDER!$H$12+$J$62*LIDER!$H$13+$K$62*LIDER!$H$14+$L$62*LIDER!$H$15,"N")) -> 0
A63: 2 | B63: =LIDER!E60 -> 0 | C63: =C62 -> G09 | E63: =IF(B63=0,0,IF(D63="",$F$62*LIDER!$H$9+$G$62*LIDER!$H$10+$H$62*LIDER!$H$11+$I$62*LIDER!$H$12+$J$62*LIDER!$H$13+$K$62*LIDER!$H$14+$L$62*LIDER!$H$15,"N")) -> 0
A64: 3 | B64: =LIDER!E61 -> 0 | C64: =C63 -> G09 | E64: =IF(B64=0,0,IF(D64="",$F$62*LIDER!$H$9+$G$62*LIDER!$H$10+$H$62*LIDER!$H$11+$I$62*LIDER!$H$12+$J$62*LIDER!$H$13+$K$62*LIDER!$H$14+$L$62*LIDER!$H$15,"N")) -> 0
A65: 4 | B65: =LIDER!E62 -> 0 | C65: =C64 -> G09 | E65: =IF(B65=0,0,IF(D65="",$F$62*LIDER!$H$9+$G$62*LIDER!$H$10+$H$62*LIDER!$H$11+$I$62*LIDER!$H$12+$J$62*LIDER!$H$13+$K$62*LIDER!$H$14+$L$62*LIDER!$H$15,"N")) -> 0
A66: 5 | B66: =LIDER!E63 -> 0 | C66: =C65 -> G09 | E66: =IF(B66=0,0,IF(D66="",$F$62*LIDER!$H$9+$G$62*LIDER!$H$10+$H$62*LIDER!$H$11+$I$62*LIDER!$H$12+$J$62*LIDER!$H$13+$K$62*LIDER!$H$14+$L$62*LIDER!$H$15,"N")) -> 0
A67: 6 | B67: =LIDER!E64 -> 0 | C67: =C66 -> G09 | E67: =IF(B67=0,0,IF(D67="",$F$62*LIDER!$H$9+$G$62*LIDER!$H$10+$H$62*LIDER!$H$11+$I$62*LIDER!$H$12+$J$62*LIDER!$H$13+$K$62*LIDER!$H$14+$L$62*LIDER!$H$15,"N")) -> 0
B68: GRUPO#10 | C68: G10 | D68: =D61 -> LIST | E68: DEF | F68: =LIDER!$E$38 -> GRUPO#10
A69: 1 | B69: =LIDER!F59 -> 0 | C69: =C68 -> G10 | E69: =IF(B69=0,0,IF(D69="",$F$69*LIDER!$H$9+$G$69*LIDER!$H$10+$H$69*LIDER!$H$11+$I$69*LIDER!$H$12+$J$69*LIDER!$H$13+$K$69*LIDER!$H$14+$L$69*LIDER!$H$15,"N")) -> 0
A70: 2 | B70: =LIDER!F60 -> 0 | C70: =C69 -> G10 | E70: =IF(B70=0,0,IF(D70="",$F$69*LIDER!$H$9+$G$69*LIDER!$H$10+$H$69*LIDER!$H$11+$I$69*LIDER!$H$12+$J$69*LIDER!$H$13+$K$69*LIDER!$H$14+$L$69*LIDER!$H$15,"N")) -> 0
A71: 3 | B71: =LIDER!F61 -> 0 | C71: =C70 -> G10 | E71: =IF(B71=0,0,IF(D71="",$F$69*LIDER!$H$9+$G$69*LIDER!$H$10+$H$69*LIDER!$H$11+$I$69*LIDER!$H$12+$J$69*LIDER!$H$13+$K$69*LIDER!$H$14+$L$69*LIDER!$H$15,"N")) -> 0
A72: 4 | B72: =LIDER!F62 -> 0 | C72: =C71 -> G10 | E72: =IF(B72=0,0,IF(D72="",$F$69*LIDER!$H$9+$G$69*LIDER!$H$10+$H$69*LIDER!$H$11+$I$69*LIDER!$H$12+$J$69*LIDER!$H$13+$K$69*LIDER!$H$14+$L$69*LIDER!$H$15,"N")) -> 0
A73: 5 | B73: =LIDER!F63 -> 0 | C73: =C72 -> G10 | E73: =IF(B73=0,0,IF(D73="",$F$69*LIDER!$H$9+$G$69*LIDER!$H$10+$H$69*LIDER!$H$11+$I$69*LIDER!$H$12+$J$69*LIDER!$H$13+$K$69*LIDER!$H$14+$L$69*LIDER!$H$15,"N")) -> 0
A74: 6 | B74: =LIDER!F64 -> 0 | C74: =C73 -> G10 | E74: =IF(B74=0,0,IF(D74="",$F$69*LIDER!$H$9+$G$69*LIDER!$H$10+$H$69*LIDER!$H$11+$I$69*LIDER!$H$12+$J$69*LIDER!$H$13+$K$69*LIDER!$H$14+$L$69*LIDER!$H$15,"N")) -> 0
B75: GRUPO#11 | C75: G11 | D75: =D68 -> LIST | E75: DEF | F75: =LIDER!$E$39 -> GRUPO#11
A76: 1 | B76: =LIDER!G59 -> 0 | C76: =C75 -> G11 | E76: =IF(B76=0,0,IF(D76="",$F$76*LIDER!$H$9+$G$76*LIDER!$H$10+$H$76*LIDER!$H$11+$I$76*LIDER!$H$12+$J$76*LIDER!$H$13+$K$76*LIDER!$H$14+$L$76*LIDER!$H$15,"N")) -> 0
A77: 2 | B77: =LIDER!G60 -> 0 | C77: =C76 -> G11 | E77: =IF(B77=0,0,IF(D77="",$F$76*LIDER!$H$9+$G$76*LIDER!$H$10+$H$76*LIDER!$H$11+$I$76*LIDER!$H$12+$J$76*LIDER!$H$13+$K$76*LIDER!$H$14+$L$76*LIDER!$H$15,"N")) -> 0
A78: 3 | B78: =LIDER!G61 -> 0 | C78: =C77 -> G11 | E78: =IF(B78=0,0,IF(D78="",$F$76*LIDER!$H$9+$G$76*LIDER!$H$10+$H$76*LIDER!$H$11+$I$76*LIDER!$H$12+$J$76*LIDER!$H$13+$K$76*LIDER!$H$14+$L$76*LIDER!$H$15,"N")) -> 0
A79: 4 | B79: =LIDER!G62 -> 0 | C79: =C78 -> G11 | E79: =IF(B79=0,0,IF(D79="",$F$76*LIDER!$H$9+$G$76*LIDER!$H$10+$H$76*LIDER!$H$11+$I$76*LIDER!$H$12+$J$76*LIDER!$H$13+$K$76*LIDER!$H$14+$L$76*LIDER!$H$15,"N")) -> 0
A80: 5 | B80: =LIDER!G63 -> 0 | C80: =C79 -> G11 | E80: =IF(B80=0,0,IF(D80="",$F$76*LIDER!$H$9+$G$76*LIDER!$H$10+$H$76*LIDER!$H$11+$I$76*LIDER!$H$12+$J$76*LIDER!$H$13+$K$76*LIDER!$H$14+$L$76*LIDER!$H$15,"N")) -> 0
A81: 6 | B81: =LIDER!G64 -> 0 | C81: =C80 -> G11 | E81: =IF(B81=0,0,IF(D81="",$F$76*LIDER!$H$9+$G$76*LIDER!$H$10+$H$76*LIDER!$H$11+$I$76*LIDER!$H$12+$J$76*LIDER!$H$13+$K$76*LIDER!$H$14+$L$76*LIDER!$H$15,"N")) -> 0
B82: GRUPO#12 | C82: G12 | D82: =D75 -> LIST | E82: DEF | F82: =LIDER!$E$40 -> GRUPO#12
A83: 1 | B83: =LIDER!H59 -> 0 | C83: =C82 -> G12 | E83: =IF(B83=0,0,IF(D83="",$F$83*LIDER!$H$9+$G$83*LIDER!$H$10+$H$83*LIDER!$H$11+$I$83*LIDER!$H$12+$J$83*LIDER!$H$13+$K$83*LIDER!$H$14+$L$83*LIDER!$H$15,"N")) -> 0
A84: 2 | B84: =LIDER!H60 -> 0 | C84: =C83 -> G12 | E84: =IF(B84=0,0,IF(D84="",$F$83*LIDER!$H$9+$G$83*LIDER!$H$10+$H$83*LIDER!$H$11+$I$83*LIDER!$H$12+$J$83*LIDER!$H$13+$K$83*LIDER!$H$14+$L$83*LIDER!$H$15,"N")) -> 0
A85: 3 | B85: =LIDER!H61 -> 0 | C85: =C84 -> G12 | E85: =IF(B85=0,0,IF(D85="",$F$83*LIDER!$H$9+$G$83*LIDER!$H$10+$H$83*LIDER!$H$11+$I$83*LIDER!$H$12+$J$83*LIDER!$H$13+$K$83*LIDER!$H$14+$L$83*LIDER!$H$15,"N")) -> 0
A86: 4 | B86: =LIDER!H62 -> 0 | C86: =C85 -> G12 | E86: =IF(B86=0,0,IF(D86="",$F$83*LIDER!$H$9+$G$83*LIDER!$H$10+$H$83*LIDER!$H$11+$I$83*LIDER!$H$12+$J$83*LIDER!$H$13+$K$83*LIDER!$H$14+$L$83*LIDER!$H$15,"N")) -> 0
A87: 5 | B87: =LIDER!H63 -> 0 | C87: =C86 -> G12 | E87: =IF(B87=0,0,IF(D87="",$F$83*LIDER!$H$9+$G$83*LIDER!$H$10+$H$83*LIDER!$H$11+$I$83*LIDER!$H$12+$J$83*LIDER!$H$13+$K$83*LIDER!$H$14+$L$83*LIDER!$H$15,"N")) -> 0
A88: 6 | B88: =LIDER!H64 -> 0 | C88: =C87 -> G12 | E88: =IF(B88=0,0,IF(D88="",$F$83*LIDER!$H$9+$G$83*LIDER!$H$10+$H$83*LIDER!$H$11+$I$83*LIDER!$H$12+$J$83*LIDER!$H$13+$K$83*LIDER!$H$14+$L$83*LIDER!$H$15,"N")) -> 0

Sheet S-ASIG-07
A1: =LIDER!B2 -> TECNOLOGÍA EN GESTIÓN DE NEGOCIOS INTERN | I1: =LIDER!E2 -> SEMESTRE: | J1: =LIDER!F2 -> SEM-03 | K1: =LIDER!G2 -> SECCIÓN: | L1: =LIDER!H2 -> 2
B2: =LIDER!I4 -> 0 | F2: CRITERIOS DE EVALUACIÓN
B3: Estudiantes | F3: =LIDER!E9 -> PRESENTACIÓN GENERAL: Adopta la norma APA, tamaño de la hoja, margenes, titulo, portadas, numeración de paginas, tabla de contenido automatizada, ortografia, justificacion del texto, citas automatizadas, listas, figuras,etc. | G3: =LIDER!E10 -> ANTEPROYECTO: Portada, planteamiento del problema, justificacion del trabajo o proyecto de aula, objetivos, marco teorico, diseño metodologico. | H3: =LIDER!E11 -> RESULTADOS: Analiza, integra y aplica de manera coherente los aspectos legales-tributarios, administrativos y tecnológicos en el desarrollo de la propuesta investigativa, evidenciando capacidad para generar soluciones viables, pertinentes y sostenibles. | I3: =LIDER!E12 -> BILIOGRAFIA: Las referencias bibliograficas: adoptan las normas APA. El documento es producto de un rastreo bibliografico que muestra analisis y sistensis. | J3: =LIDER!E13 -> ASESORIAS: Anexó la hoja de tutoria firmada ( 3 fimas minmimo). | K3: =LIDER!E14 -> 0 | L3: =LIDER!E15 -> 0
F4: =CONCATENATE(LIDER!I4," - ",LIDER!I6," - ",LIDER!I5) -> - -
B5: GRUPO#1 | C5: G01 | D5: LIST | E5: DEF | F5: =LIDER!$E$29 -> GRUPO#1. Identificación de los aspectos legales, tributarios, administrativos, macroeconómicos, aduaneros, tecnológicos e internacionales que definen el perfil de Yara Colombia S.A. en los negocios internacionales
A6: 1 | B6: =LIDER!E43 -> SARA OYOLA MARTINEZ | C6: =C5 -> G01 | E6: =IF(B6=0,0,IF(D6="",$F$6*LIDER!$H$9+$G$6*LIDER!$H$10+$H$6*LIDER!$H$11+$I$6*LIDER!$H$12+$J$6*LIDER!$H$13+$K$6*LIDER!$H$14+$L$6*LIDER!$H$15,"N")) -> 0
A7: 2 | B7: =LIDER!E44 -> YINA MARCELA PÉREZ PINEDA | C7: =C6 -> G01 | E7: =IF(B7=0,0,IF(D7="",$F$6*LIDER!$H$9+$G$6*LIDER!$H$10+$H$6*LIDER!$H$11+$I$6*LIDER!$H$12+$J$6*LIDER!$H$13+$K$6*LIDER!$H$14+$L$6*LIDER!$H$15,"N")) -> 0
A8: 3 | B8: =LIDER!E45 -> JABES ELIAS ROSERO VILLA | C8: =C7 -> G01 | E8: =IF(B8=0,0,IF(D8="",$F$6*LIDER!$H$9+$G$6*LIDER!$H$10+$H$6*LIDER!$H$11+$I$6*LIDER!$H$12+$J$6*LIDER!$H$13+$K$6*LIDER!$H$14+$L$6*LIDER!$H$15,"N")) -> 0
A9: 4 | B9: =LIDER!E46 -> ISAIAS FERNANDO SALCEDO CAICEDO | C9: =C8 -> G01 | E9: =IF(B9=0,0,IF(D9="",$F$6*LIDER!$H$9+$G$6*LIDER!$H$10+$H$6*LIDER!$H$11+$I$6*LIDER!$H$12+$J$6*LIDER!$H$13+$K$6*LIDER!$H$14+$L$6*LIDER!$H$15,"N")) -> 0
A10: 5 | B10: =LIDER!E47 -> 0 | C10: =C9 -> G01 | E10: =IF(B10=0,0,IF(D10="",$F$6*LIDER!$H$9+$G$6*LIDER!$H$10+$H$6*LIDER!$H$11+$I$6*LIDER!$H$12+$J$6*LIDER!$H$13+$K$6*LIDER!$H$14+$L$6*LIDER!$H$15,"N")) -> 0
A11: 6 | B11: =LIDER!E48 -> 0 | C11: =C10 -> G01 | E11: =IF(B11=0,0,IF(D11="",$F$6*LIDER!$H$9+$G$6*LIDER!$H$10+$H$6*LIDER!$H$11+$I$6*LIDER!$H$12+$J$6*LIDER!$H$13+$K$6*LIDER!$H$14+$L$6*LIDER!$H$15,"N")) -> 0
B12: GRUPO#2 | C12: G02 | D12: =D5 -> LIST | E12: DEF | F12: =LIDER!$E$30 -> GRUPO#2. Identificación de los aspectos legales, tributarios, administrativos, macroeconómicos, aduaneros, tecnológicos e internacionales que definen el perfil de Grupo Familia en los negocios internacionales con enfoque en la exportación hacia Estados Unidos.
A13: 1 | B13: =LIDER!F43 -> JORGE ALBERTO BATISTA TABORDA | C13: =C12 -> G02 | E13: =IF(B13=0,0,IF(D13="",$F$13*LIDER!$H$9+$G$13*LIDER!$H$10+$H$13*LIDER!$H$11+$I$13*LIDER!$H$12+$J$13*LIDER!$H$13+$K$13*LIDER!$H$14+$L$13*LIDER!$H$15,"N")) -> 0
A14: 2 | B14: =LIDER!F44 -> JEREMY MACOLL DIAZ PEREZ | C14: =C13 -> G02 | E14: =IF(B14=0,0,IF(D14="",$F$13*LIDER!$H$9+$G$13*LIDER!$H$10+$H$13*LIDER!$H$11+$I$13*LIDER!$H$12+$J$13*LIDER!$H$13+$K$13*LIDER!$H$14+$L$13*LIDER!$H$15,"N")) -> 0
A15: 3 | B15: =LIDER!F45 -> DARIANY PEÑARANDA LLACH | C15: =C14 -> G02 | E15: =IF(B15=0,0,IF(D15="",$F$13*LIDER!$H$9+$G$13*LIDER!$H$10+$H$13*LIDER!$H$11+$I$13*LIDER!$H$12+$J$13*LIDER!$H$13+$K$13*LIDER!$H$14+$L$13*LIDER!$H$15,"N")) -> 0
A16: 4 | B16: =LIDER!F46 -> MARIANGEL ROMERO VANEGAS | C16: =C15 -> G02 | E16: =IF(B16=0,0,IF(D16="",$F$13*LIDER!$H$9+$G$13*LIDER!$H$10+$H$13*LIDER!$H$11+$I$13*LIDER!$H$12+$J$13*LIDER!$H$13+$K$13*LIDER!$H$14+$L$13*LIDER!$H$15,"N")) -> 0
A17: 5 | B17: =LIDER!F47 -> 0 | C17: =C16 -> G02 | E17: =IF(B17=0,0,IF(D17="",$F$13*LIDER!$H$9+$G$13*LIDER!$H$10+$H$13*LIDER!$H$11+$I$13*LIDER!$H$12+$J$13*LIDER!$H$13+$K$13*LIDER!$H$14+$L$13*LIDER!$H$15,"N")) -> 0
A18: 6 | B18: =LIDER!F48 -> 0 | C18: =C17 -> G02 | E18: =IF(B18=0,0,IF(D18="",$F$13*LIDER!$H$9+$G$13*LIDER!$H$10+$H$13*LIDER!$H$11+$I$13*LIDER!$H$12+$J$13*LIDER!$H$13+$K$13*LIDER!$H$14+$L$13*LIDER!$H$15,"N")) -> 0
B19: GRUPO#3 | C19: G03 | D19: =D12 -> LIST | E19: DEF | F19: =LIDER!$E$31 -> GRUPO#3
A20: 1 | B20: =LIDER!G43 -> 0 | C20: =C19 -> G03 | E20: =IF(B20=0,0,IF(D20="",$F$20*LIDER!$H$9+$G$20*LIDER!$H$10+$H$20*LIDER!$H$11+$I$20*LIDER!$H$12+$J$20*LIDER!$H$13+$K$20*LIDER!$H$14+$L$20*LIDER!$H$15,"N")) -> 0
A21: 2 | B21: =LIDER!G44 -> 0 | C21: =C20 -> G03 | E21: =IF(B21=0,0,IF(D21="",$F$20*LIDER!$H$9+$G$20*LIDER!$H$10+$H$20*LIDER!$H$11+$I$20*LIDER!$H$12+$J$20*LIDER!$H$13+$K$20*LIDER!$H$14+$L$20*LIDER!$H$15,"N")) -> 0
A22: 3 | B22: =LIDER!G45 -> 0 | C22: =C21 -> G03 | E22: =IF(B22=0,0,IF(D22="",$F$20*LIDER!$H$9+$G$20*LIDER!$H$10+$H$20*LIDER!$H$11+$I$20*LIDER!$H$12+$J$20*LIDER!$H$13+$K$20*LIDER!$H$14+$L$20*LIDER!$H$15,"N")) -> 0
A23: 4 | B23: =LIDER!G46 -> 0 | C23: =C22 -> G03 | E23: =IF(B23=0,0,IF(D23="",$F$20*LIDER!$H$9+$G$20*LIDER!$H$10+$H$20*LIDER!$H$11+$I$20*LIDER!$H$12+$J$20*LIDER!$H$13+$K$20*LIDER!$H$14+$L$20*LIDER!$H$15,"N")) -> 0
A24: 5 | B24: =LIDER!G47 -> 0 | C24: =C23 -> G03 | E24: =IF(B24=0,0,IF(D24="",$F$20*LIDER!$H$9+$G$20*LIDER!$H$10+$H$20*LIDER!$H$11+$I$20*LIDER!$H$12+$J$20*LIDER!$H$13+$K$20*LIDER!$H$14+$L$20*LIDER!$H$15,"N")) -> 0
A25: 6 | B25: =LIDER!G48 -> 0 | C25: =C24 -> G03 | E25: =IF(B25=0,0,IF(D25="",$F$20*LIDER!$H$9+$G$20*LIDER!$H$10+$H$20*LIDER!$H$11+$I$20*LIDER!$H$12+$J$20*LIDER!$H$13+$K$20*LIDER!$H$14+$L$20*LIDER!$H$15,"N")) -> 0
B26: GRUPO#4 | C26: G04 | D26: =D19 -> LIST | E26: DEF | F26: =LIDER!$E$32 -> GRUPO#4
A27: 1 | B27: =LIDER!H43 -> 0 | C27: =C26 -> G04 | E27: =IF(B27=0,0,IF(D27="",$F$27*LIDER!$H$9+$G$27*LIDER!$H$10+$H$27*LIDER!$H$11+$I$27*LIDER!$H$12+$J$27*LIDER!$H$13+$K$27*LIDER!$H$14+$L$27*LIDER!$H$15,"N")) -> 0
A28: 2 | B28: =LIDER!H44 -> 0 | C28: =C27 -> G04 | E28: =IF(B28=0,0,IF(D28="",$F$27*LIDER!$H$9+$G$27*LIDER!$H$10+$H$27*LIDER!$H$11+$I$27*LIDER!$H$12+$J$27*LIDER!$H$13+$K$27*LIDER!$H$14+$L$27*LIDER!$H$15,"N")) -> 0
A29: 3 | B29: =LIDER!H45 -> 0 | C29: =C28 -> G04 | E29: =IF(B29=0,0,IF(D29="",$F$27*LIDER!$H$9+$G$27*LIDER!$H$10+$H$27*LIDER!$H$11+$I$27*LIDER!$H$12+$J$27*LIDER!$H$13+$K$27*LIDER!$H$14+$L$27*LIDER!$H$15,"N")) -> 0
A30: 4 | B30: =LIDER!H46 -> 0 | C30: =C29 -> G04 | E30: =IF(B30=0,0,IF(D30="",$F$27*LIDER!$H$9+$G$27*LIDER!$H$10+$H$27*LIDER!$H$11+$I$27*LIDER!$H$12+$J$27*LIDER!$H$13+$K$27*LIDER!$H$14+$L$27*LIDER!$H$15,"N")) -> 0
A31: 5 | B31: =LIDER!H47 -> 0 | C31: =C30 -> G04 | E31: =IF(B31=0,0,IF(D31="",$F$27*LIDER!$H$9+$G$27*LIDER!$H$10+$H$27*LIDER!$H$11+$I$27*LIDER!$H$12+$J$27*LIDER!$H$13+$K$27*LIDER!$H$14+$L$27*LIDER!$H$15,"N")) -> 0
A32: 6 | B32: =LIDER!H48 -> 0 | C32: =C31 -> G04 | E32: =IF(B32=0,0,IF(D32="",$F$27*LIDER!$H$9+$G$27*LIDER!$H$10+$H$27*LIDER!$H$11+$I$27*LIDER!$H$12+$J$27*LIDER!$H$13+$K$27*LIDER!$H$14+$L$27*LIDER!$H$15,"N")) -> 0
B33: GRUPO#5 | C33: G05 | D33: =D26 -> LIST | E33: DEF | F33: =LIDER!$E$33 -> GRUPO#5
A34: 1 | B34: =LIDER!E51 -> 0 | C34: =C33 -> G05 | E34: =IF(B34=0,0,IF(D34="",$F$34*LIDER!$H$9+$G$34*LIDER!$H$10+$H$34*LIDER!$H$11+$I$34*LIDER!$H$12+$J$34*LIDER!$H$13+$K$34*LIDER!$H$14+$L$34*LIDER!$H$15,"N")) -> 0
A35: 2 | B35: =LIDER!E52 -> 0 | C35: =C34 -> G05 | E35: =IF(B35=0,0,IF(D35="",$F$34*LIDER!$H$9+$G$34*LIDER!$H$10+$H$34*LIDER!$H$11+$I$34*LIDER!$H$12+$J$34*LIDER!$H$13+$K$34*LIDER!$H$14+$L$34*LIDER!$H$15,"N")) -> 0
A36: 3 | B36: =LIDER!E53 -> 0 | C36: =C35 -> G05 | E36: =IF(B36=0,0,IF(D36="",$F$34*LIDER!$H$9+$G$34*LIDER!$H$10+$H$34*LIDER!$H$11+$I$34*LIDER!$H$12+$J$34*LIDER!$H$13+$K$34*LIDER!$H$14+$L$34*LIDER!$H$15,"N")) -> 0
A37: 4 | B37: =LIDER!E54 -> 0 | C37: =C36 -> G05 | E37: =IF(B37=0,0,IF(D37="",$F$34*LIDER!$H$9+$G$34*LIDER!$H$10+$H$34*LIDER!$H$11+$I$34*LIDER!$H$12+$J$34*LIDER!$H$13+$K$34*LIDER!$H$14+$L$34*LIDER!$H$15,"N")) -> 0
A38: 5 | B38: =LIDER!E55 -> 0 | C38: =C37 -> G05 | E38: =IF(B38=0,0,IF(D38="",$F$34*LIDER!$H$9+$G$34*LIDER!$H$10+$H$34*LIDER!$H$11+$I$34*LIDER!$H$12+$J$34*LIDER!$H$13+$K$34*LIDER!$H$14+$L$34*LIDER!$H$15,"N")) -> 0
A39: 6 | B39: =LIDER!E56 -> 0 | C39: =C38 -> G05 | E39: =IF(B39=0,0,IF(D39="",$F$34*LIDER!$H$9+$G$34*LIDER!$H$10+$H$34*LIDER!$H$11+$I$34*LIDER!$H$12+$J$34*LIDER!$H$13+$K$34*LIDER!$H$14+$L$34*LIDER!$H$15,"N")) -> 0
B40: GRUPO#6 | C40: G06 | D40: =D33 -> LIST | E40: DEF | F40: =LIDER!$E$34 -> GRUPO#6
A41: 1 | B41: =LIDER!F51 -> 0 | C41: =C40 -> G06 | E41: =IF(B41=0,0,IF(D41="",$F$41*LIDER!$H$9+$G$41*LIDER!$H$10+$H$41*LIDER!$H$11+$I$41*LIDER!$H$12+$J$41*LIDER!$H$13+$K$41*LIDER!$H$14+$L$41*LIDER!$H$15,"N")) -> 0
A42: 2 | B42: =LIDER!F52 -> 0 | C42: =C41 -> G06 | E42: =IF(B42=0,0,IF(D42="",$F$41*LIDER!$H$9+$G$41*LIDER!$H$10+$H$41*LIDER!$H$11+$I$41*LIDER!$H$12+$J$41*LIDER!$H$13+$K$41*LIDER!$H$14+$L$41*LIDER!$H$15,"N")) -> 0
A43: 3 | B43: =LIDER!F53 -> 0 | C43: =C42 -> G06 | E43: =IF(B43=0,0,IF(D43="",$F$41*LIDER!$H$9+$G$41*LIDER!$H$10+$H$41*LIDER!$H$11+$I$41*LIDER!$H$12+$J$41*LIDER!$H$13+$K$41*LIDER!$H$14+$L$41*LIDER!$H$15,"N")) -> 0
A44: 4 | B44: =LIDER!F54 -> 0 | C44: =C43 -> G06 | E44: =IF(B44=0,0,IF(D44="",$F$41*LIDER!$H$9+$G$41*LIDER!$H$10+$H$41*LIDER!$H$11+$I$41*LIDER!$H$12+$J$41*LIDER!$H$13+$K$41*LIDER!$H$14+$L$41*LIDER!$H$15,"N")) -> 0
A45: 5 | B45: =LIDER!F55 -> 0 | C45: =C44 -> G06 | E45: =IF(B45=0,0,IF(D45="",$F$41*LIDER!$H$9+$G$41*LIDER!$H$10+$H$41*LIDER!$H$11+$I$41*LIDER!$H$12+$J$41*LIDER!$H$13+$K$41*LIDER!$H$14+$L$41*LIDER!$H$15,"N")) -> 0
A46: 6 | B46: =LIDER!F56 -> 0 | C46: =C45 -> G06 | E46: =IF(B46=0,0,IF(D46="",$F$41*LIDER!$H$9+$G$41*LIDER!$H$10+$H$41*LIDER!$H$11+$I$41*LIDER!$H$12+$J$41*LIDER!$H$13+$K$41*LIDER!$H$14+$L$41*LIDER!$H$15,"N")) -> 0
B47: GRUPO#7 | C47: G07 | D47: =D40 -> LIST | E47: DEF | F47: =LIDER!$E$35 -> GRUPO#7
A48: 1 | B48: =LIDER!G51 -> 0 | C48: =C47 -> G07 | E48: =IF(B48=0,0,IF(D48="",$F$48*LIDER!$H$9+$G$48*LIDER!$H$10+$H$48*LIDER!$H$11+$I$48*LIDER!$H$12+$J$48*LIDER!$H$13+$K$48*LIDER!$H$14+$L$48*LIDER!$H$15,"N")) -> 0
A49: 2 | B49: =LIDER!G52 -> 0 | C49: =C48 -> G07 | E49: =IF(B49=0,0,IF(D49="",$F$48*LIDER!$H$9+$G$48*LIDER!$H$10+$H$48*LIDER!$H$11+$I$48*LIDER!$H$12+$J$48*LIDER!$H$13+$K$48*LIDER!$H$14+$L$48*LIDER!$H$15,"N")) -> 0
A50: 3 | B50: =LIDER!G53 -> 0 | C50: =C49 -> G07 | E50: =IF(B50=0,0,IF(D50="",$F$48*LIDER!$H$9+$G$48*LIDER!$H$10+$H$48*LIDER!$H$11+$I$48*LIDER!$H$12+$J$48*LIDER!$H$13+$K$48*LIDER!$H$14+$L$48*LIDER!$H$15,"N")) -> 0
A51: 4 | B51: =LIDER!G54 -> 0 | C51: =C50 -> G07 | E51: =IF(B51=0,0,IF(D51="",$F$48*LIDER!$H$9+$G$48*LIDER!$H$10+$H$48*LIDER!$H$11+$I$48*LIDER!$H$12+$J$48*LIDER!$H$13+$K$48*LIDER!$H$14+$L$48*LIDER!$H$15,"N")) -> 0
A52: 5 | B52: =LIDER!G55 -> 0 | C52: =C51 -> G07 | E52: =IF(B52=0,0,IF(D52="",$F$48*LIDER!$H$9+$G$48*LIDER!$H$10+$H$48*LIDER!$H$11+$I$48*LIDER!$H$12+$J$48*LIDER!$H$13+$K$48*LIDER!$H$14+$L$48*LIDER!$H$15,"N")) -> 0
A53: 6 | B53: =LIDER!G56 -> 0 | C53: =C52 -> G07 | E53: =IF(B53=0,0,IF(D53="",$F$48*LIDER!$H$9+$G$48*LIDER!$H$10+$H$48*LIDER!$H$11+$I$48*LIDER!$H$12+$J$48*LIDER!$H$13+$K$48*LIDER!$H$14+$L$48*LIDER!$H$15,"N")) -> 0
B54: GRUPO#8 | C54: G08 | D54: =D47 -> LIST | E54: DEF | F54: =LIDER!$E$36 -> GRUPO#8
A55: 1 | B55: =LIDER!H51 -> 0 | C55: =C54 -> G08 | E55: =IF(B55=0,0,IF(D55="",$F$55*LIDER!$H$9+$G$55*LIDER!$H$10+$H$55*LIDER!$H$11+$I$55*LIDER!$H$12+$J$55*LIDER!$H$13+$K$55*LIDER!$H$14+$L$55*LIDER!$H$15,"N")) -> 0
A56: 2 | B56: =LIDER!H52 -> 0 | C56: =C55 -> G08 | E56: =IF(B56=0,0,IF(D56="",$F$55*LIDER!$H$9+$G$55*LIDER!$H$10+$H$55*LIDER!$H$11+$I$55*LIDER!$H$12+$J$55*LIDER!$H$13+$K$55*LIDER!$H$14+$L$55*LIDER!$H$15,"N")) -> 0
A57: 3 | B57: =LIDER!H53 -> 0 | C57: =C56 -> G08 | E57: =IF(B57=0,0,IF(D57="",$F$55*LIDER!$H$9+$G$55*LIDER!$H$10+$H$55*LIDER!$H$11+$I$55*LIDER!$H$12+$J$55*LIDER!$H$13+$K$55*LIDER!$H$14+$L$55*LIDER!$H$15,"N")) -> 0
A58: 4 | B58: =LIDER!H54 -> 0 | C58: =C57 -> G08 | E58: =IF(B58=0,0,IF(D58="",$F$55*LIDER!$H$9+$G$55*LIDER!$H$10+$H$55*LIDER!$H$11+$I$55*LIDER!$H$12+$J$55*LIDER!$H$13+$K$55*LIDER!$H$14+$L$55*LIDER!$H$15,"N")) -> 0
A59: 5 | B59: =LIDER!H55 -> 0 | C59: =C58 -> G08 | E59: =IF(B59=0,0,IF(D59="",$F$55*LIDER!$H$9+$G$55*LIDER!$H$10+$H$55*LIDER!$H$11+$I$55*LIDER!$H$12+$J$55*LIDER!$H$13+$K$55*LIDER!$H$14+$L$55*LIDER!$H$15,"N")) -> 0
A60: 6 | B60: =LIDER!H56 -> 0 | C60: =C59 -> G08 | E60: =IF(B60=0,0,IF(D60="",$F$55*LIDER!$H$9+$G$55*LIDER!$H$10+$H$55*LIDER!$H$11+$I$55*LIDER!$H$12+$J$55*LIDER!$H$13+$K$55*LIDER!$H$14+$L$55*LIDER!$H$15,"N")) -> 0
B61: GRUPO#9 | C61: G09 | D61: =D54 -> LIST | E61: DEF | F61: =LIDER!$E$37 -> GRUPO#9
A62: 1 | B62: =LIDER!E59 -> 0 | C62: =C61 -> G09 | E62: =IF(B62=0,0,IF(D62="",$F$62*LIDER!$H$9+$G$62*LIDER!$H$10+$H$62*LIDER!$H$11+$I$62*LIDER!$H$12+$J$62*LIDER!$H$13+$K$62*LIDER!$H$14+$L$62*LIDER!$H$15,"N")) -> 0
A63: 2 | B63: =LIDER!E60 -> 0 | C63: =C62 -> G09 | E63: =IF(B63=0,0,IF(D63="",$F$62*LIDER!$H$9+$G$62*LIDER!$H$10+$H$62*LIDER!$H$11+$I$62*LIDER!$H$12+$J$62*LIDER!$H$13+$K$62*LIDER!$H$14+$L$62*LIDER!$H$15,"N")) -> 0
A64: 3 | B64: =LIDER!E61 -> 0 | C64: =C63 -> G09 | E64: =IF(B64=0,0,IF(D64="",$F$62*LIDER!$H$9+$G$62*LIDER!$H$10+$H$62*LIDER!$H$11+$I$62*LIDER!$H$12+$J$62*LIDER!$H$13+$K$62*LIDER!$H$14+$L$62*LIDER!$H$15,"N")) -> 0
A65: 4 | B65: =LIDER!E62 -> 0 | C65: =C64 -> G09 | E65: =IF(B65=0,0,IF(D65="",$F$62*LIDER!$H$9+$G$62*LIDER!$H$10+$H$62*LIDER!$H$11+$I$62*LIDER!$H$12+$J$62*LIDER!$H$13+$K$62*LIDER!$H$14+$L$62*LIDER!$H$15,"N")) -> 0
A66: 5 | B66: =LIDER!E63 -> 0 | C66: =C65 -> G09 | E66: =IF(B66=0,0,IF(D66="",$F$62*LIDER!$H$9+$G$62*LIDER!$H$10+$H$62*LIDER!$H$11+$I$62*LIDER!$H$12+$J$62*LIDER!$H$13+$K$62*LIDER!$H$14+$L$62*LIDER!$H$15,"N")) -> 0
A67: 6 | B67: =LIDER!E64 -> 0 | C67: =C66 -> G09 | E67: =IF(B67=0,0,IF(D67="",$F$62*LIDER!$H$9+$G$62*LIDER!$H$10+$H$62*LIDER!$H$11+$I$62*LIDER!$H$12+$J$62*LIDER!$H$13+$K$62*LIDER!$H$14+$L$62*LIDER!$H$15,"N")) -> 0
B68: GRUPO#10 | C68: G10 | D68: =D61 -> LIST | E68: DEF | F68: =LIDER!$E$38 -> GRUPO#10
A69: 1 | B69: =LIDER!F59 -> 0 | C69: =C68 -> G10 | E69: =IF(B69=0,0,IF(D69="",$F$69*LIDER!$H$9+$G$69*LIDER!$H$10+$H$69*LIDER!$H$11+$I$69*LIDER!$H$12+$J$69*LIDER!$H$13+$K$69*LIDER!$H$14+$L$69*LIDER!$H$15,"N")) -> 0
A70: 2 | B70: =LIDER!F60 -> 0 | C70: =C69 -> G10 | E70: =IF(B70=0,0,IF(D70="",$F$69*LIDER!$H$9+$G$69*LIDER!$H$10+$H$69*LIDER!$H$11+$I$69*LIDER!$H$12+$J$69*LIDER!$H$13+$K$69*LIDER!$H$14+$L$69*LIDER!$H$15,"N")) -> 0
A71: 3 | B71: =LIDER!F61 -> 0 | C71: =C70 -> G10 | E71: =IF(B71=0,0,IF(D71="",$F$69*LIDER!$H$9+$G$69*LIDER!$H$10+$H$69*LIDER!$H$11+$I$69*LIDER!$H$12+$J$69*LIDER!$H$13+$K$69*LIDER!$H$14+$L$69*LIDER!$H$15,"N")) -> 0
A72: 4 | B72: =LIDER!F62 -> 0 | C72: =C71 -> G10 | E72: =IF(B72=0,0,IF(D72="",$F$69*LIDER!$H$9+$G$69*LIDER!$H$10+$H$69*LIDER!$H$11+$I$69*LIDER!$H$12+$J$69*LIDER!$H$13+$K$69*LIDER!$H$14+$L$69*LIDER!$H$15,"N")) -> 0
A73: 5 | B73: =LIDER!F63 -> 0 | C73: =C72 -> G10 | E73: =IF(B73=0,0,IF(D73="",$F$69*LIDER!$H$9+$G$69*LIDER!$H$10+$H$69*LIDER!$H$11+$I$69*LIDER!$H$12+$J$69*LIDER!$H$13+$K$69*LIDER!$H$14+$L$69*LIDER!$H$15,"N")) -> 0
A74: 6 | B74: =LIDER!F64 -> 0 | C74: =C73 -> G10 | E74: =IF(B74=0,0,IF(D74="",$F$69*LIDER!$H$9+$G$69*LIDER!$H$10+$H$69*LIDER!$H$11+$I$69*LIDER!$H$12+$J$69*LIDER!$H$13+$K$69*LIDER!$H$14+$L$69*LIDER!$H$15,"N")) -> 0
B75: GRUPO#11 | C75: G11 | D75: =D68 -> LIST | E75: DEF | F75: =LIDER!$E$39 -> GRUPO#11
A76: 1 | B76: =LIDER!G59 -> 0 | C76: =C75 -> G11 | E76: =IF(B76=0,0,IF(D76="",$F$76*LIDER!$H$9+$G$76*LIDER!$H$10+$H$76*LIDER!$H$11+$I$76*LIDER!$H$12+$J$76*LIDER!$H$13+$K$76*LIDER!$H$14+$L$76*LIDER!$H$15,"N")) -> 0
A77: 2 | B77: =LIDER!G60 -> 0 | C77: =C76 -> G11 | E77: =IF(B77=0,0,IF(D77="",$F$76*LIDER!$H$9+$G$76*LIDER!$H$10+$H$76*LIDER!$H$11+$I$76*LIDER!$H$12+$J$76*LIDER!$H$13+$K$76*LIDER!$H$14+$L$76*LIDER!$H$15,"N")) -> 0
A78: 3 | B78: =LIDER!G61 -> 0 | C78: =C77 -> G11 | E78: =IF(B78=0,0,IF(D78="",$F$76*LIDER!$H$9+$G$76*LIDER!$H$10+$H$76*LIDER!$H$11+$I$76*LIDER!$H$12+$J$76*LIDER!$H$13+$K$76*LIDER!$H$14+$L$76*LIDER!$H$15,"N")) -> 0
A79: 4 | B79: =LIDER!G62 -> 0 | C79: =C78 -> G11 | E79: =IF(B79=0,0,IF(D79="",$F$76*LIDER!$H$9+$G$76*LIDER!$H$10+$H$76*LIDER!$H$11+$I$76*LIDER!$H$12+$J$76*LIDER!$H$13+$K$76*LIDER!$H$14+$L$76*LIDER!$H$15,"N")) -> 0
A80: 5 | B80: =LIDER!G63 -> 0 | C80: =C79 -> G11 | E80: =IF(B80=0,0,IF(D80="",$F$76*LIDER!$H$9+$G$76*LIDER!$H$10+$H$76*LIDER!$H$11+$I$76*LIDER!$H$12+$J$76*LIDER!$H$13+$K$76*LIDER!$H$14+$L$76*LIDER!$H$15,"N")) -> 0
A81: 6 | B81: =LIDER!G64 -> 0 | C81: =C80 -> G11 | E81: =IF(B81=0,0,IF(D81="",$F$76*LIDER!$H$9+$G$76*LIDER!$H$10+$H$76*LIDER!$H$11+$I$76*LIDER!$H$12+$J$76*LIDER!$H$13+$K$76*LIDER!$H$14+$L$76*LIDER!$H$15,"N")) -> 0
B82: GRUPO#12 | C82: G12 | D82: =D75 -> LIST | E82: DEF | F82: =LIDER!$E$40 -> GRUPO#12
A83: 1 | B83: =LIDER!H59 -> 0 | C83: =C82 -> G12 | E83: =IF(B83=0,0,IF(D83="",$F$83*LIDER!$H$9+$G$83*LIDER!$H$10+$H$83*LIDER!$H$11+$I$83*LIDER!$H$12+$J$83*LIDER!$H$13+$K$83*LIDER!$H$14+$L$83*LIDER!$H$15,"N")) -> 0
A84: 2 | B84: =LIDER!H60 -> 0 | C84: =C83 -> G12 | E84: =IF(B84=0,0,IF(D84="",$F$83*LIDER!$H$9+$G$83*LIDER!$H$10+$H$83*LIDER!$H$11+$I$83*LIDER!$H$12+$J$83*LIDER!$H$13+$K$83*LIDER!$H$14+$L$83*LIDER!$H$15,"N")) -> 0
A85: 3 | B85: =LIDER!H61 -> 0 | C85: =C84 -> G12 | E85: =IF(B85=0,0,IF(D85="",$F$83*LIDER!$H$9+$G$83*LIDER!$H$10+$H$83*LIDER!$H$11+$I$83*LIDER!$H$12+$J$83*LIDER!$H$13+$K$83*LIDER!$H$14+$L$83*LIDER!$H$15,"N")) -> 0
A86: 4 | B86: =LIDER!H62 -> 0 | C86: =C85 -> G12 | E86: =IF(B86=0,0,IF(D86="",$F$83*LIDER!$H$9+$G$83*LIDER!$H$10+$H$83*LIDER!$H$11+$I$83*LIDER!$H$12+$J$83*LIDER!$H$13+$K$83*LIDER!$H$14+$L$83*LIDER!$H$15,"N")) -> 0
A87: 5 | B87: =LIDER!H63 -> 0 | C87: =C86 -> G12 | E87: =IF(B87=0,0,IF(D87="",$F$83*LIDER!$H$9+$G$83*LIDER!$H$10+$H$83*LIDER!$H$11+$I$83*LIDER!$H$12+$J$83*LIDER!$H$13+$K$83*LIDER!$H$14+$L$83*LIDER!$H$15,"N")) -> 0
A88: 6 | B88: =LIDER!H64 -> 0 | C88: =C87 -> G12 | E88: =IF(B88=0,0,IF(D88="",$F$83*LIDER!$H$9+$G$83*LIDER!$H$10+$H$83*LIDER!$H$11+$I$83*LIDER!$H$12+$J$83*LIDER!$H$13+$K$83*LIDER!$H$14+$L$83*LIDER!$H$15,"N")) -> 0

Sheet T-ASIG-02
A1: =LIDER!B2 -> TECNOLOGÍA EN GESTIÓN DE NEGOCIOS INTERN | H1: =LIDER!E2 -> SEMESTRE: | I1: =LIDER!F2 -> SEM-03 | J1: =LIDER!G2 -> SECCIÓN: | K1: =LIDER!H2 -> 2
B2: =LIDER!D4 -> TECNOLOGIA APLICADA | E2: CRITERIOS DE EVALUACIÓN
B3: Estudiantes | E3: =LIDER!E19 -> Evaluación del Documento Final | F3: =LIDER!E20 -> Sustentación de los Resultados: Se refleja un dominio del tema, la información está delimitada y es clara. Hay una jerarquía y fluidez en las ideas que presenta. | G3: =LIDER!E21 -> Expresión Oral: Se oberva buena vocalización y buen tono de voz durante toda la presentación empleando un lenguaje técnico pertinente con su nivel academico. Su discurso es adecuado en la presentacion de la sustentación de los resultados | H3: =LIDER!E22 -> Lenguaje no verbal: Tiene una adecuada presentación personal para la ocación, opta por una buena postura y demuestra seguridad en sí mismo(a) durante la sustentación de los resultados. Además, demuestra asertividad y seguridad en las orientaciones o preguntas que hace el colectivo docente | I3: =LIDER!E23 -> Tiempo: El uso del tiempo fue apropiado, se ajusta al previsto. Ofrece una conclusión donde condensa las ideas principales del objetivo general y los específicos. | J3: =LIDER!E24 -> Uso de Recursos Audiovisuales Tecnológicos: La sustentación se acompaña de recursos visuales pertinentes, atractivos y de gran calidad | K3: =LIDER!E25 -> 0
E4: =CONCATENATE(LIDER!D4," - ",LIDER!D6," - ",LIDER!D5) -> TECNOLOGIA APLICADA - 2388 - ARMANDO ACOSTA JULIO
B5: GRUPO#1 | C5: =IF('S-ASIG-02'!D5="","",'S-ASIG-02'!D5) -> LIST | D5: DEF | E5: =LIDER!$E$29 -> GRUPO#1. Identificación de los aspectos legales, tributarios, administrativos, macroeconómicos, aduaneros, tecnológicos e internacionales que definen el perfil de Yara Colombia S.A. en los negocios internacionales
A6: 1 | B6: =LIDER!E43 -> SARA OYOLA MARTINEZ | C6: =IF('S-ASIG-02'!D6="","",'S-ASIG-02'!D6) | D6: =IF(B6=0,"",IF(C6="",$E$6*LIDER!$H$19+F6*LIDER!$H$20+G6*LIDER!$H$21+H6*LIDER!$H$22+I6*LIDER!$H$23+J6*LIDER!$H$24+K6*LIDER!$H$25,"N")) -> 4.6 | E6: 4.7 | F6: 4.5 | G6: 4.5 | H6: 4.5 | I6: 4.5 | J6: 4.5
A7: 2 | B7: =LIDER!E44 -> YINA MARCELA PÉREZ PINEDA | C7: =IF('S-ASIG-02'!D7="","",'S-ASIG-02'!D7) | D7: =IF(B7=0,"",IF(C7="",$E$6*LIDER!$H$19+F7*LIDER!$H$20+G7*LIDER!$H$21+H7*LIDER!$H$22+I7*LIDER!$H$23+J7*LIDER!$H$24+K7*LIDER!$H$25,"N")) -> 4.6 | F7: 4.5 | G7: 4.5 | H7: 4.5 | I7: 4.5 | J7: 4.5
A8: 3 | B8: =LIDER!E45 -> JABES ELIAS ROSERO VILLA | C8: =IF('S-ASIG-02'!D8="","",'S-ASIG-02'!D8) | D8: =IF(B8=0,"",IF(C8="",$E$6*LIDER!$H$19+F8*LIDER!$H$20+G8*LIDER!$H$21+H8*LIDER!$H$22+I8*LIDER!$H$23+J8*LIDER!$H$24+K8*LIDER!$H$25,"N")) -> 4.6 | F8: 4.5 | G8: 4.5 | H8: 4.5 | I8: 4.5 | J8: 4.5
A9: 4 | B9: =LIDER!E46 -> ISAIAS FERNANDO SALCEDO CAICEDO | C9: =IF('S-ASIG-02'!D9="","",'S-ASIG-02'!D9) | D9: =IF(B9=0,"",IF(C9="",$E$6*LIDER!$H$19+F9*LIDER!$H$20+G9*LIDER!$H$21+H9*LIDER!$H$22+I9*LIDER!$H$23+J9*LIDER!$H$24+K9*LIDER!$H$25,"N")) -> 4.6 | F9: 4.5 | G9: 4.5 | H9: 4.5 | I9: 4.5 | J9: 4.5
A10: 5 | B10: =LIDER!E47 -> 0 | C10: =IF('S-ASIG-02'!D10="","",'S-ASIG-02'!D10) | D10: =IF(B10=0,"",IF(C10="",$E$6*LIDER!$H$19+F10*LIDER!$H$20+G10*LIDER!$H$21+H10*LIDER!$H$22+I10*LIDER!$H$23+J10*LIDER!$H$24+K10*LIDER!$H$25,"N"))
A11: 6 | B11: =LIDER!E48 -> 0 | C11: =IF('S-ASIG-02'!D11="","",'S-ASIG-02'!D11) | D11: =IF(B11=0,"",IF(C11="",$E$6*LIDER!$H$19+F11*LIDER!$H$20+G11*LIDER!$H$21+H11*LIDER!$H$22+I11*LIDER!$H$23+J11*LIDER!$H$24+K11*LIDER!$H$25,"N"))
B12: GRUPO#2 | C12: =IF('S-ASIG-02'!D12="","",'S-ASIG-02'!D12) -> LIST | D12: DEF | E12: =LIDER!$E$30 -> GRUPO#2. Identificación de los aspectos legales, tributarios, administrativos, macroeconómicos, aduaneros, tecnológicos e internacionales que definen el perfil de Grupo Familia en los negocios internacionales con enfoque en la exportación hacia Estados Unidos.
A13: 1 | B13: =LIDER!F43 -> JORGE ALBERTO BATISTA TABORDA | C13: =IF('S-ASIG-02'!D13="","",'S-ASIG-02'!D13) | D13: =IF(B13=0,"",IF(C13="",$E$13*LIDER!$H$19+F13*LIDER!$H$20+G13*LIDER!$H$21+H13*LIDER!$H$22+I13*LIDER!$H$23+J13*LIDER!$H$24+K13*LIDER!$H$25,"N")) -> 3.75 | E13: 3.5 | F13: 4 | G13: 4 | H13: 4 | I13: 4 | J13: 4
A14: 2 | B14: =LIDER!F44 -> JEREMY MACOLL DIAZ PEREZ | C14: =IF('S-ASIG-02'!D14="","",'S-ASIG-02'!D14) | D14: =IF(B14=0,"",IF(C14="",$E$13*LIDER!$H$19+F14*LIDER!$H$20+G14*LIDER!$H$21+H14*LIDER!$H$22+I14*LIDER!$H$23+J14*LIDER!$H$24+K14*LIDER!$H$25,"N")) -> 3.75 | F14: 4 | G14: 4 | H14: 4 | I14: 4 | J14: 4
A15: 3 | B15: =LIDER!F45 -> DARIANY PEÑARANDA LLACH | C15: =IF('S-ASIG-02'!D15="","",'S-ASIG-02'!D15) | D15: =IF(B15=0,"",IF(C15="",$E$13*LIDER!$H$19+F15*LIDER!$H$20+G15*LIDER!$H$21+H15*LIDER!$H$22+I15*LIDER!$H$23+J15*LIDER!$H$24+K15*LIDER!$H$25,"N")) -> 3.75 | F15: 4 | G15: 4 | H15: 4 | I15: 4 | J15: 4
A16: 4 | B16: =LIDER!F46 -> MARIANGEL ROMERO VANEGAS | C16: =IF('S-ASIG-02'!D16="","",'S-ASIG-02'!D16) | D16: =IF(B16=0,"",IF(C16="",$E$13*LIDER!$H$19+F16*LIDER!$H$20+G16*LIDER!$H$21+H16*LIDER!$H$22+I16*LIDER!$H$23+J16*LIDER!$H$24+K16*LIDER!$H$25,"N")) -> 3.75 | F16: 4 | G16: 4 | H16: 4 | I16: 4 | J16: 4
A17: 5 | B17: =LIDER!F47 -> 0 | C17: =IF('S-ASIG-02'!D17="","",'S-ASIG-02'!D17) | D17: =IF(B17=0,"",IF(C17="",$E$13*LIDER!$H$19+F17*LIDER!$H$20+G17*LIDER!$H$21+H17*LIDER!$H$22+I17*LIDER!$H$23+J17*LIDER!$H$24+K17*LIDER!$H$25,"N"))
A18: 6 | B18: =LIDER!F48 -> 0 | C18: =IF('S-ASIG-02'!D18="","",'S-ASIG-02'!D18) | D18: =IF(B18=0,"",IF(C18="",$E$13*LIDER!$H$19+F18*LIDER!$H$20+G18*LIDER!$H$21+H18*LIDER!$H$22+I18*LIDER!$H$23+J18*LIDER!$H$24+K18*LIDER!$H$25,"N"))
B19: GRUPO#3 | C19: =IF('S-ASIG-02'!D19="","",'S-ASIG-02'!D19) -> LIST | D19: DEF | E19: =LIDER!$E$31 -> GRUPO#3
A20: 1 | B20: =LIDER!G43 -> 0 | C20: =IF('S-ASIG-02'!D20="","",'S-ASIG-02'!D20) | D20: =IF(B20=0,"",IF(C20="",$E$20*LIDER!$H$19+F20*LIDER!$H$20+G20*LIDER!$H$21+H20*LIDER!$H$22+I20*LIDER!$H$23+J20*LIDER!$H$24+K20*LIDER!$H$25,"N"))
A21: 2 | B21: =LIDER!G44 -> 0 | C21: =IF('S-ASIG-02'!D21="","",'S-ASIG-02'!D21) | D21: =IF(B21=0,"",IF(C21="",$E$20*LIDER!$H$19+F21*LIDER!$H$20+G21*LIDER!$H$21+H21*LIDER!$H$22+I21*LIDER!$H$23+J21*LIDER!$H$24+K21*LIDER!$H$25,"N"))
A22: 3 | B22: =LIDER!G45 -> 0 | C22: =IF('S-ASIG-02'!D22="","",'S-ASIG-02'!D22) | D22: =IF(B22=0,"",IF(C22="",$E$20*LIDER!$H$19+F22*LIDER!$H$20+G22*LIDER!$H$21+H22*LIDER!$H$22+I22*LIDER!$H$23+J22*LIDER!$H$24+K22*LIDER!$H$25,"N"))
A23: 4 | B23: =LIDER!G46 -> 0 | C23: =IF('S-ASIG-02'!D23="","",'S-ASIG-02'!D23) | D23: =IF(B23=0,"",IF(C23="",$E$20*LIDER!$H$19+F23*LIDER!$H$20+G23*LIDER!$H$21+H23*LIDER!$H$22+I23*LIDER!$H$23+J23*LIDER!$H$24+K23*LIDER!$H$25,"N"))
A24: 5 | B24: =LIDER!G47 -> 0 | C24: =IF('S-ASIG-02'!D24="","",'S-ASIG-02'!D24) | D24: =IF(B24=0,"",IF(C24="",$E$20*LIDER!$H$19+F24*LIDER!$H$20+G24*LIDER!$H$21+H24*LIDER!$H$22+I24*LIDER!$H$23+J24*LIDER!$H$24+K24*LIDER!$H$25,"N"))
A25: 6 | B25: =LIDER!G48 -> 0 | C25: =IF('S-ASIG-02'!D25="","",'S-ASIG-02'!D25) | D25: =IF(B25=0,"",IF(C25="",$E$20*LIDER!$H$19+F25*LIDER!$H$20+G25*LIDER!$H$21+H25*LIDER!$H$22+I25*LIDER!$H$23+J25*LIDER!$H$24+K25*LIDER!$H$25,"N"))
B26: GRUPO#4 | C26: =IF('S-ASIG-02'!D26="","",'S-ASIG-02'!D26) -> LIST | D26: DEF | E26: =LIDER!$E$32 -> GRUPO#4
A27: 1 | B27: =LIDER!H43 -> 0 | C27: =IF('S-ASIG-02'!D27="","",'S-ASIG-02'!D27) | D27: =IF(B27=0,"",IF(C27="",$E$27*LIDER!$H$19+F27*LIDER!$H$20+G27*LIDER!$H$21+H27*LIDER!$H$22+I27*LIDER!$H$23+J27*LIDER!$H$24+K27*LIDER!$H$25,"N"))
A28: 2 | B28: =LIDER!H44 -> 0 | C28: =IF('S-ASIG-02'!D28="","",'S-ASIG-02'!D28) | D28: =IF(B28=0,"",IF(C28="",$E$27*LIDER!$H$19+F28*LIDER!$H$20+G28*LIDER!$H$21+H28*LIDER!$H$22+I28*LIDER!$H$23+J28*LIDER!$H$24+K28*LIDER!$H$25,"N"))
A29: 3 | B29: =LIDER!H45 -> 0 | C29: =IF('S-ASIG-02'!D29="","",'S-ASIG-02'!D29) | D29: =IF(B29=0,"",IF(C29="",$E$27*LIDER!$H$19+F29*LIDER!$H$20+G29*LIDER!$H$21+H29*LIDER!$H$22+I29*LIDER!$H$23+J29*LIDER!$H$24+K29*LIDER!$H$25,"N"))
A30: 4 | B30: =LIDER!H46 -> 0 | C30: =IF('S-ASIG-02'!D30="","",'S-ASIG-02'!D30) | D30: =IF(B30=0,"",IF(C30="",$E$27*LIDER!$H$19+F30*LIDER!$H$20+G30*LIDER!$H$21+H30*LIDER!$H$22+I30*LIDER!$H$23+J30*LIDER!$H$24+K30*LIDER!$H$25,"N"))
A31: 5 | B31: =LIDER!H47 -> 0 | C31: =IF('S-ASIG-02'!D31="","",'S-ASIG-02'!D31) | D31: =IF(B31=0,"",IF(C31="",$E$27*LIDER!$H$19+F31*LIDER!$H$20+G31*LIDER!$H$21+H31*LIDER!$H$22+I31*LIDER!$H$23+J31*LIDER!$H$24+K31*LIDER!$H$25,"N"))
A32: 6 | B32: =LIDER!H48 -> 0 | C32: =IF('S-ASIG-02'!D32="","",'S-ASIG-02'!D32) | D32: =IF(B32=0,"",IF(C32="",$E$27*LIDER!$H$19+F32*LIDER!$H$20+G32*LIDER!$H$21+H32*LIDER!$H$22+I32*LIDER!$H$23+J32*LIDER!$H$24+K32*LIDER!$H$25,"N"))
B33: GRUPO#5 | C33: =IF('S-ASIG-02'!D33="","",'S-ASIG-02'!D33) -> LIST | D33: DEF | E33: =LIDER!$E$33 -> GRUPO#5
A34: 1 | B34: =LIDER!E51 -> 0 | C34: =IF('S-ASIG-02'!D34="","",'S-ASIG-02'!D34) | D34: =IF(B34=0,"",IF(C34="",$E$34*LIDER!$H$19+F34*LIDER!$H$20+G34*LIDER!$H$21+H34*LIDER!$H$22+I34*LIDER!$H$23+J34*LIDER!$H$24+K34*LIDER!$H$25,"N"))
A35: 2 | B35: =LIDER!E52 -> 0 | C35: =IF('S-ASIG-02'!D35="","",'S-ASIG-02'!D35) | D35: =IF(B35=0,"",IF(C35="",$E$34*LIDER!$H$19+F35*LIDER!$H$20+G35*LIDER!$H$21+H35*LIDER!$H$22+I35*LIDER!$H$23+J35*LIDER!$H$24+K35*LIDER!$H$25,"N"))
A36: 3 | B36: =LIDER!E53 -> 0 | C36: =IF('S-ASIG-02'!D36="","",'S-ASIG-02'!D36) | D36: =IF(B36=0,"",IF(C36="",$E$34*LIDER!$H$19+F36*LIDER!$H$20+G36*LIDER!$H$21+H36*LIDER!$H$22+I36*LIDER!$H$23+J36*LIDER!$H$24+K36*LIDER!$H$25,"N"))
A37: 4 | B37: =LIDER!E54 -> 0 | C37: =IF('S-ASIG-02'!D37="","",'S-ASIG-02'!D37) | D37: =IF(B37=0,"",IF(C37="",$E$34*LIDER!$H$19+F37*LIDER!$H$20+G37*LIDER!$H$21+H37*LIDER!$H$22+I37*LIDER!$H$23+J37*LIDER!$H$24+K37*LIDER!$H$25,"N"))
A38: 5 | B38: =LIDER!E55 -> 0 | C38: =IF('S-ASIG-02'!D38="","",'S-ASIG-02'!D38) | D38: =IF(B38=0,"",IF(C38="",$E$34*LIDER!$H$19+F38*LIDER!$H$20+G38*LIDER!$H$21+H38*LIDER!$H$22+I38*LIDER!$H$23+J38*LIDER!$H$24+K38*LIDER!$H$25,"N"))
A39: 6 | B39: =LIDER!E56 -> 0 | C39: =IF('S-ASIG-02'!D39="","",'S-ASIG-02'!D39) | D39: =IF(B39=0,"",IF(C39="",$E$34*LIDER!$H$19+F39*LIDER!$H$20+G39*LIDER!$H$21+H39*LIDER!$H$22+I39*LIDER!$H$23+J39*LIDER!$H$24+K39*LIDER!$H$25,"N"))
B40: GRUPO#6 | C40: =IF('S-ASIG-02'!D40="","",'S-ASIG-02'!D40) -> LIST | D40: DEF | E40: =LIDER!$E$34 -> GRUPO#6
A41: 1 | B41: =LIDER!F51 -> 0 | C41: =IF('S-ASIG-02'!D41="","",'S-ASIG-02'!D41) | D41: =IF(B41=0,"",IF(C41="",$E$41*LIDER!$H$19+F41*LIDER!$H$20+G41*LIDER!$H$21+H41*LIDER!$H$22+I41*LIDER!$H$23+J41*LIDER!$H$24+K41*LIDER!$H$25,"N"))
A42: 2 | B42: =LIDER!F52 -> 0 | C42: =IF('S-ASIG-02'!D42="","",'S-ASIG-02'!D42) | D42: =IF(B42=0,"",IF(C42="",$E$41*LIDER!$H$19+F42*LIDER!$H$20+G42*LIDER!$H$21+H42*LIDER!$H$22+I42*LIDER!$H$23+J42*LIDER!$H$24+K42*LIDER!$H$25,"N"))
A43: 3 | B43: =LIDER!F53 -> 0 | C43: =IF('S-ASIG-02'!D43="","",'S-ASIG-02'!D43) | D43: =IF(B43=0,"",IF(C43="",$E$41*LIDER!$H$19+F43*LIDER!$H$20+G43*LIDER!$H$21+H43*LIDER!$H$22+I43*LIDER!$H$23+J43*LIDER!$H$24+K43*LIDER!$H$25,"N"))
A44: 4 | B44: =LIDER!F54 -> 0 | C44: =IF('S-ASIG-02'!D44="","",'S-ASIG-02'!D44) | D44: =IF(B44=0,"",IF(C44="",$E$41*LIDER!$H$19+F44*LIDER!$H$20+G44*LIDER!$H$21+H44*LIDER!$H$22+I44*LIDER!$H$23+J44*LIDER!$H$24+K44*LIDER!$H$25,"N"))
A45: 5 | B45: =LIDER!F55 -> 0 | C45: =IF('S-ASIG-02'!D45="","",'S-ASIG-02'!D45) | D45: =IF(B45=0,"",IF(C45="",$E$41*LIDER!$H$19+F45*LIDER!$H$20+G45*LIDER!$H$21+H45*LIDER!$H$22+I45*LIDER!$H$23+J45*LIDER!$H$24+K45*LIDER!$H$25,"N"))
A46: 6 | B46: =LIDER!F56 -> 0 | C46: =IF('S-ASIG-02'!D46="","",'S-ASIG-02'!D46) | D46: =IF(B46=0,"",IF(C46="",$E$41*LIDER!$H$19+F46*LIDER!$H$20+G46*LIDER!$H$21+H46*LIDER!$H$22+I46*LIDER!$H$23+J46*LIDER!$H$24+K46*LIDER!$H$25,"N"))
B47: GRUPO#7 | C47: =IF('S-ASIG-02'!D47="","",'S-ASIG-02'!D47) -> LIST | D47: DEF | E47: =LIDER!$E$35 -> GRUPO#7
A48: 1 | B48: =LIDER!G51 -> 0 | C48: =IF('S-ASIG-02'!D48="","",'S-ASIG-02'!D48) | D48: =IF(B48=0,"",IF(C48="",$E$48*LIDER!$H$19+F48*LIDER!$H$20+G48*LIDER!$H$21+H48*LIDER!$H$22+I48*LIDER!$H$23+J48*LIDER!$H$24+K48*LIDER!$H$25,"N"))
A49: 2 | B49: =LIDER!G52 -> 0 | C49: =IF('S-ASIG-02'!D49="","",'S-ASIG-02'!D49) | D49: =IF(B49=0,"",IF(C49="",$E$48*LIDER!$H$19+F49*LIDER!$H$20+G49*LIDER!$H$21+H49*LIDER!$H$22+I49*LIDER!$H$23+J49*LIDER!$H$24+K49*LIDER!$H$25,"N"))
A50: 3 | B50: =LIDER!G53 -> 0 | C50: =IF('S-ASIG-02'!D50="","",'S-ASIG-02'!D50) | D50: =IF(B50=0,"",IF(C50="",$E$48*LIDER!$H$19+F50*LIDER!$H$20+G50*LIDER!$H$21+H50*LIDER!$H$22+I50*LIDER!$H$23+J50*LIDER!$H$24+K50*LIDER!$H$25,"N"))
A51: 4 | B51: =LIDER!G54 -> 0 | C51: =IF('S-ASIG-02'!D51="","",'S-ASIG-02'!D51) | D51: =IF(B51=0,"",IF(C51="",$E$48*LIDER!$H$19+F51*LIDER!$H$20+G51*LIDER!$H$21+H51*LIDER!$H$22+I51*LIDER!$H$23+J51*LIDER!$H$24+K51*LIDER!$H$25,"N"))
A52: 5 | B52: =LIDER!G55 -> 0 | C52: =IF('S-ASIG-02'!D52="","",'S-ASIG-02'!D52) | D52: =IF(B52=0,"",IF(C52="",$E$48*LIDER!$H$19+F52*LIDER!$H$20+G52*LIDER!$H$21+H52*LIDER!$H$22+I52*LIDER!$H$23+J52*LIDER!$H$24+K52*LIDER!$H$25,"N"))
A53: 6 | B53: =LIDER!G56 -> 0 | C53: =IF('S-ASIG-02'!D53="","",'S-ASIG-02'!D53) | D53: =IF(B53=0,"",IF(C53="",$E$48*LIDER!$H$19+F53*LIDER!$H$20+G53*LIDER!$H$21+H53*LIDER!$H$22+I53*LIDER!$H$23+J53*LIDER!$H$24+K53*LIDER!$H$25,"N"))
B54: GRUPO#8 | C54: =IF('S-ASIG-02'!D54="","",'S-ASIG-02'!D54) -> LIST | D54: DEF | E54: =LIDER!$E$36 -> GRUPO#8
A55: 1 | B55: =LIDER!H51 -> 0 | C55: =IF('S-ASIG-02'!D55="","",'S-ASIG-02'!D55) | D55: =IF(B55=0,"",IF(C55="",$E$55*LIDER!$H$19+F55*LIDER!$H$20+G55*LIDER!$H$21+H55*LIDER!$H$22+I55*LIDER!$H$23+J55*LIDER!$H$24+K55*LIDER!$H$25,"N"))
A56: 2 | B56: =LIDER!H52 -> 0 | C56: =IF('S-ASIG-02'!D56="","",'S-ASIG-02'!D56) | D56: =IF(B56=0,"",IF(C56="",$E$55*LIDER!$H$19+F56*LIDER!$H$20+G56*LIDER!$H$21+H56*LIDER!$H$22+I56*LIDER!$H$23+J56*LIDER!$H$24+K56*LIDER!$H$25,"N"))
A57: 3 | B57: =LIDER!H53 -> 0 | C57: =IF('S-ASIG-02'!D57="","",'S-ASIG-02'!D57) | D57: =IF(B57=0,"",IF(C57="",$E$55*LIDER!$H$19+F57*LIDER!$H$20+G57*LIDER!$H$21+H57*LIDER!$H$22+I57*LIDER!$H$23+J57*LIDER!$H$24+K57*LIDER!$H$25,"N"))
A58: 4 | B58: =LIDER!H54 -> 0 | C58: =IF('S-ASIG-02'!D58="","",'S-ASIG-02'!D58) | D58: =IF(B58=0,"",IF(C58="",$E$55*LIDER!$H$19+F58*LIDER!$H$20+G58*LIDER!$H$21+H58*LIDER!$H$22+I58*LIDER!$H$23+J58*LIDER!$H$24+K58*LIDER!$H$25,"N"))
A59: 5 | B59: =LIDER!H55 -> 0 | C59: =IF('S-ASIG-02'!D59="","",'S-ASIG-02'!D59) | D59: =IF(B59=0,"",IF(C59="",$E$55*LIDER!$H$19+F59*LIDER!$H$20+G59*LIDER!$H$21+H59*LIDER!$H$22+I59*LIDER!$H$23+J59*LIDER!$H$24+K59*LIDER!$H$25,"N"))
A60: 6 | B60: =LIDER!H56 -> 0 | C60: =IF('S-ASIG-02'!D60="","",'S-ASIG-02'!D60) | D60: =IF(B60=0,"",IF(C60="",$E$55*LIDER!$H$19+F60*LIDER!$H$20+G60*LIDER!$H$21+H60*LIDER!$H$22+I60*LIDER!$H$23+J60*LIDER!$H$24+K60*LIDER!$H$25,"N"))
B61: GRUPO#9 | C61: =IF('S-ASIG-02'!D61="","",'S-ASIG-02'!D61) -> LIST | D61: DEF | E61: =LIDER!$E$37 -> GRUPO#9
A62: 1 | B62: =LIDER!E59 -> 0 | C62: =IF('S-ASIG-02'!D62="","",'S-ASIG-02'!D62) | D62: =IF(B62=0,"",IF(C62="",$E$62*LIDER!$H$19+F62*LIDER!$H$20+G62*LIDER!$H$21+H62*LIDER!$H$22+I62*LIDER!$H$23+J62*LIDER!$H$24+K62*LIDER!$H$25,"N"))
A63: 2 | B63: =LIDER!E60 -> 0 | C63: =IF('S-ASIG-02'!D63="","",'S-ASIG-02'!D63) | D63: =IF(B63=0,"",IF(C63="",$E$62*LIDER!$H$19+F63*LIDER!$H$20+G63*LIDER!$H$21+H63*LIDER!$H$22+I63*LIDER!$H$23+J63*LIDER!$H$24+K63*LIDER!$H$25,"N"))
A64: 3 | B64: =LIDER!E61 -> 0 | C64: =IF('S-ASIG-02'!D64="","",'S-ASIG-02'!D64) | D64: =IF(B64=0,"",IF(C64="",$E$62*LIDER!$H$19+F64*LIDER!$H$20+G64*LIDER!$H$21+H64*LIDER!$H$22+I64*LIDER!$H$23+J64*LIDER!$H$24+K64*LIDER!$H$25,"N"))
A65: 4 | B65: =LIDER!E62 -> 0 | C65: =IF('S-ASIG-02'!D65="","",'S-ASIG-02'!D65) | D65: =IF(B65=0,"",IF(C65="",$E$62*LIDER!$H$19+F65*LIDER!$H$20+G65*LIDER!$H$21+H65*LIDER!$H$22+I65*LIDER!$H$23+J65*LIDER!$H$24+K65*LIDER!$H$25,"N"))
A66: 5 | B66: =LIDER!E63 -> 0 | C66: =IF('S-ASIG-02'!D66="","",'S-ASIG-02'!D66) | D66: =IF(B66=0,"",IF(C66="",$E$62*LIDER!$H$19+F66*LIDER!$H$20+G66*LIDER!$H$21+H66*LIDER!$H$22+I66*LIDER!$H$23+J66*LIDER!$H$24+K66*LIDER!$H$25,"N"))
A67: 6 | B67: =LIDER!E64 -> 0 | C67: =IF('S-ASIG-02'!D67="","",'S-ASIG-02'!D67) | D67: =IF(B67=0,"",IF(C67="",$E$62*LIDER!$H$19+F67*LIDER!$H$20+G67*LIDER!$H$21+H67*LIDER!$H$22+I67*LIDER!$H$23+J67*LIDER!$H$24+K67*LIDER!$H$25,"N"))
B68: GRUPO#10 | C68: =IF('S-ASIG-02'!D68="","",'S-ASIG-02'!D68) -> LIST | D68: DEF | E68: =LIDER!$E$38 -> GRUPO#10
A69: 1 | B69: =LIDER!F59 -> 0 | C69: =IF('S-ASIG-02'!D69="","",'S-ASIG-02'!D69) | D69: =IF(B69=0,"",IF(C69="",$E$69*LIDER!$H$19+F69*LIDER!$H$20+G69*LIDER!$H$21+H69*LIDER!$H$22+I69*LIDER!$H$23+J69*LIDER!$H$24+K69*LIDER!$H$25,"N"))
A70: 2 | B70: =LIDER!F60 -> 0 | C70: =IF('S-ASIG-02'!D70="","",'S-ASIG-02'!D70) | D70: =IF(B70=0,"",IF(C70="",$E$69*LIDER!$H$19+F70*LIDER!$H$20+G70*LIDER!$H$21+H70*LIDER!$H$22+I70*LIDER!$H$23+J70*LIDER!$H$24+K70*LIDER!$H$25,"N"))
A71: 3 | B71: =LIDER!F61 -> 0 | C71: =IF('S-ASIG-02'!D71="","",'S-ASIG-02'!D71) | D71: =IF(B71=0,"",IF(C71="",$E$69*LIDER!$H$19+F71*LIDER!$H$20+G71*LIDER!$H$21+H71*LIDER!$H$22+I71*LIDER!$H$23+J71*LIDER!$H$24+K71*LIDER!$H$25,"N"))
A72: 4 | B72: =LIDER!F62 -> 0 | C72: =IF('S-ASIG-02'!D72="","",'S-ASIG-02'!D72) | D72: =IF(B72=0,"",IF(C72="",$E$69*LIDER!$H$19+F72*LIDER!$H$20+G72*LIDER!$H$21+H72*LIDER!$H$22+I72*LIDER!$H$23+J72*LIDER!$H$24+K72*LIDER!$H$25,"N"))
A73: 5 | B73: =LIDER!F63 -> 0 | C73: =IF('S-ASIG-02'!D73="","",'S-ASIG-02'!D73) | D73: =IF(B73=0,"",IF(C73="",$E$69*LIDER!$H$19+F73*LIDER!$H$20+G73*LIDER!$H$21+H73*LIDER!$H$22+I73*LIDER!$H$23+J73*LIDER!$H$24+K73*LIDER!$H$25,"N"))
A74: 6 | B74: =LIDER!F64 -> 0 | C74: =IF('S-ASIG-02'!D74="","",'S-ASIG-02'!D74) | D74: =IF(B74=0,"",IF(C74="",$E$69*LIDER!$H$19+F74*LIDER!$H$20+G74*LIDER!$H$21+H74*LIDER!$H$22+I74*LIDER!$H$23+J74*LIDER!$H$24+K74*LIDER!$H$25,"N"))
B75: GRUPO#11 | C75: =IF('S-ASIG-02'!D75="","",'S-ASIG-02'!D75) -> LIST | D75: DEF | E75: =LIDER!$E$39 -> GRUPO#11
A76: 1 | B76: =LIDER!G59 -> 0 | C76: =IF('S-ASIG-02'!D76="","",'S-ASIG-02'!D76) | D76: =IF(B76=0,"",IF(C76="",E76*LIDER!$H$19+F76*LIDER!$H$20+G76*LIDER!$H$21+H76*LIDER!$H$22+I76*LIDER!$H$23+J76*LIDER!$H$24+K76*LIDER!$H$25,"N"))
A77: 2 | B77: =LIDER!G60 -> 0 | C77: =IF('S-ASIG-02'!D77="","",'S-ASIG-02'!D77) | D77: =IF(B77=0,"",IF(C77="",E77*LIDER!$H$19+F77*LIDER!$H$20+G77*LIDER!$H$21+H77*LIDER!$H$22+I77*LIDER!$H$23+J77*LIDER!$H$24+K77*LIDER!$H$25,"N"))
A78: 3 | B78: =LIDER!G61 -> 0 | C78: =IF('S-ASIG-02'!D78="","",'S-ASIG-02'!D78) | D78: =IF(B78=0,"",IF(C78="",E78*LIDER!$H$19+F78*LIDER!$H$20+G78*LIDER!$H$21+H78*LIDER!$H$22+I78*LIDER!$H$23+J78*LIDER!$H$24+K78*LIDER!$H$25,"N"))
A79: 4 | B79: =LIDER!G62 -> 0 | C79: =IF('S-ASIG-02'!D79="","",'S-ASIG-02'!D79) | D79: =IF(B79=0,"",IF(C79="",E79*LIDER!$H$19+F79*LIDER!$H$20+G79*LIDER!$H$21+H79*LIDER!$H$22+I79*LIDER!$H$23+J79*LIDER!$H$24+K79*LIDER!$H$25,"N"))
A80: 5 | B80: =LIDER!G63 -> 0 | C80: =IF('S-ASIG-02'!D80="","",'S-ASIG-02'!D80) | D80: =IF(B80=0,"",IF(C80="",E80*LIDER!$H$19+F80*LIDER!$H$20+G80*LIDER!$H$21+H80*LIDER!$H$22+I80*LIDER!$H$23+J80*LIDER!$H$24+K80*LIDER!$H$25,"N"))
A81: 6 | B81: =LIDER!G64 -> 0 | C81: =IF('S-ASIG-02'!D81="","",'S-ASIG-02'!D81) | D81: =IF(B81=0,"",IF(C81="",E81*LIDER!$H$19+F81*LIDER!$H$20+G81*LIDER!$H$21+H81*LIDER!$H$22+I81*LIDER!$H$23+J81*LIDER!$H$24+K81*LIDER!$H$25,"N"))
B82: GRUPO#12 | C82: =IF('S-ASIG-02'!D82="","",'S-ASIG-02'!D82) -> LIST | D82: DEF | E82: =LIDER!$E$40 -> GRUPO#12
A83: 1 | B83: =LIDER!H59 -> 0 | C83: =IF('S-ASIG-02'!D83="","",'S-ASIG-02'!D83) | D83: =IF(B83=0,"",IF(C83="",$E$83*LIDER!$H$19+F83*LIDER!$H$20+G83*LIDER!$H$21+H83*LIDER!$H$22+I83*LIDER!$H$23+J83*LIDER!$H$24+K83*LIDER!$H$25,"N"))
A84: 2 | B84: =LIDER!H60 -> 0 | C84: =IF('S-ASIG-02'!D84="","",'S-ASIG-02'!D84) | D84: =IF(B84=0,"",IF(C84="",$E$83*LIDER!$H$19+F84*LIDER!$H$20+G84*LIDER!$H$21+H84*LIDER!$H$22+I84*LIDER!$H$23+J84*LIDER!$H$24+K84*LIDER!$H$25,"N"))
A85: 3 | B85: =LIDER!H61 -> 0 | C85: =IF('S-ASIG-02'!D85="","",'S-ASIG-02'!D85) | D85: =IF(B85=0,"",IF(C85="",$E$83*LIDER!$H$19+F85*LIDER!$H$20+G85*LIDER!$H$21+H85*LIDER!$H$22+I85*LIDER!$H$23+J85*LIDER!$H$24+K85*LIDER!$H$25,"N"))
A86: 4 | B86: =LIDER!H62 -> 0 | C86: =IF('S-ASIG-02'!D86="","",'S-ASIG-02'!D86) | D86: =IF(B86=0,"",IF(C86="",$E$83*LIDER!$H$19+F86*LIDER!$H$20+G86*LIDER!$H$21+H86*LIDER!$H$22+I86*LIDER!$H$23+J86*LIDER!$H$24+K86*LIDER!$H$25,"N"))
A87: 5 | B87: =LIDER!H63 -> 0 | C87: =IF('S-ASIG-02'!D87="","",'S-ASIG-02'!D87) | D87: =IF(B87=0,"",IF(C87="",$E$83*LIDER!$H$19+F87*LIDER!$H$20+G87*LIDER!$H$21+H87*LIDER!$H$22+I87*LIDER!$H$23+J87*LIDER!$H$24+K87*LIDER!$H$25,"N"))
A88: 6 | B88: =LIDER!H64 -> 0 | C88: =IF('S-ASIG-02'!D88="","",'S-ASIG-02'!D88) | D88: =IF(B88=0,"",IF(C88="",$E$83*LIDER!$H$19+F88*LIDER!$H$20+G88*LIDER!$H$21+H88*LIDER!$H$22+I88*LIDER!$H$23+J88*LIDER!$H$24+K88*LIDER!$H$25,"N"))

Sheet T-ASIG-01
A1: =LIDER!B2 -> TECNOLOGÍA EN GESTIÓN DE NEGOCIOS INTERN | H1: =LIDER!E2 -> SEMESTRE: | I1: =LIDER!F2 -> SEM-03 | J1: =LIDER!G2 -> SECCIÓN: | K1: =LIDER!H2 -> 2
B2: =LIDER!C4 -> MATEMÁTICAS FINANCIERAS | E2: CRITERIOS DE EVALUACIÓN
B3: Estudiantes | E3: =LIDER!E19 -> Evaluación del Documento Final | F3: =LIDER!E20 -> Sustentación de los Resultados: Se refleja un dominio del tema, la información está delimitada y es clara. Hay una jerarquía y fluidez en las ideas que presenta. | G3: =LIDER!E21 -> Expresión Oral: Se oberva buena vocalización y buen tono de voz durante toda la presentación empleando un lenguaje técnico pertinente con su nivel academico. Su discurso es adecuado en la presentacion de la sustentación de los resultados | H3: =LIDER!E22 -> Lenguaje no verbal: Tiene una adecuada presentación personal para la ocación, opta por una buena postura y demuestra seguridad en sí mismo(a) durante la sustentación de los resultados. Además, demuestra asertividad y seguridad en las orientaciones o preguntas que hace el colectivo docente | I3: =LIDER!E23 -> Tiempo: El uso del tiempo fue apropiado, se ajusta al previsto. Ofrece una conclusión donde condensa las ideas principales del objetivo general y los específicos. | J3: =LIDER!E24 -> Uso de Recursos Audiovisuales Tecnológicos: La sustentación se acompaña de recursos visuales pertinentes, atractivos y de gran calidad | K3: =LIDER!E25 -> 0
E4: =CONCATENATE(LIDER!C4," - ",LIDER!C6," - ",LIDER!C5) -> MATEMÁTICAS FINANCIERAS - 1412 - JAVIER MARTINEZ PEREZ
B5: GRUPO#1 | C5: =IF('S-ASIG-01'!D5="","",'S-ASIG-01'!D5) -> LIST | D5: DEF | E5: =LIDER!$E$29 -> GRUPO#1. Identificación de los aspectos legales, tributarios, administrativos, macroeconómicos, aduaneros, tecnológicos e internacionales que definen el perfil de Yara Colombia S.A. en los negocios internacionales
A6: 1 | B6: =LIDER!E43 -> SARA OYOLA MARTINEZ | C6: =IF('S-ASIG-01'!D6="","",'S-ASIG-01'!D6) | D6: =IF(B6=0,"",IF(C6="",$E$6*LIDER!$H$19+F6*LIDER!$H$20+G6*LIDER!$H$21+H6*LIDER!$H$22+I6*LIDER!$H$23+J6*LIDER!$H$24+K6*LIDER!$H$25,"N")) -> 4.6 | E6: 4.7 | F6: 4.5 | G6: 4.5 | H6: 4.5 | I6: 4.5 | J6: 4.5
A7: 2 | B7: =LIDER!E44 -> YINA MARCELA PÉREZ PINEDA | C7: =IF('S-ASIG-01'!D7="","",'S-ASIG-01'!D7) | D7: =IF(B7=0,"",IF(C7="",$E$6*LIDER!$H$19+F7*LIDER!$H$20+G7*LIDER!$H$21+H7*LIDER!$H$22+I7*LIDER!$H$23+J7*LIDER!$H$24+K7*LIDER!$H$25,"N")) -> 4.6 | F7: 4.5 | G7: 4.5 | H7: 4.5 | I7: 4.5 | J7: 4.5
A8: 3 | B8: =LIDER!E45 -> JABES ELIAS ROSERO VILLA | C8: =IF('S-ASIG-01'!D8="","",'S-ASIG-01'!D8) | D8: =IF(B8=0,"",IF(C8="",$E$6*LIDER!$H$19+F8*LIDER!$H$20+G8*LIDER!$H$21+H8*LIDER!$H$22+I8*LIDER!$H$23+J8*LIDER!$H$24+K8*LIDER!$H$25,"N")) -> 4.6 | F8: 4.5 | G8: 4.5 | H8: 4.5 | I8: 4.5 | J8: 4.5
A9: 4 | B9: =LIDER!E46 -> ISAIAS FERNANDO SALCEDO CAICEDO | C9: =IF('S-ASIG-01'!D9="","",'S-ASIG-01'!D9) | D9: =IF(B9=0,"",IF(C9="",$E$6*LIDER!$H$19+F9*LIDER!$H$20+G9*LIDER!$H$21+H9*LIDER!$H$22+I9*LIDER!$H$23+J9*LIDER!$H$24+K9*LIDER!$H$25,"N")) -> 4.6 | F9: 4.5 | G9: 4.5 | H9: 4.5 | I9: 4.5 | J9: 4.5
A10: 5 | B10: =LIDER!E47 -> 0 | C10: =IF('S-ASIG-01'!D10="","",'S-ASIG-01'!D10) | D10: =IF(B10=0,"",IF(C10="",$E$6*LIDER!$H$19+F10*LIDER!$H$20+G10*LIDER!$H$21+H10*LIDER!$H$22+I10*LIDER!$H$23+J10*LIDER!$H$24+K10*LIDER!$H$25,"N"))
A11: 6 | B11: =LIDER!E48 -> 0 | C11: =IF('S-ASIG-01'!D11="","",'S-ASIG-01'!D11) | D11: =IF(B11=0,"",IF(C11="",$E$6*LIDER!$H$19+F11*LIDER!$H$20+G11*LIDER!$H$21+H11*LIDER!$H$22+I11*LIDER!$H$23+J11*LIDER!$H$24+K11*LIDER!$H$25,"N"))
B12: GRUPO#2 | C12: =IF('S-ASIG-01'!D12="","",'S-ASIG-01'!D12) -> LIST | D12: DEF | E12: =LIDER!$E$30 -> GRUPO#2. Identificación de los aspectos legales, tributarios, administrativos, macroeconómicos, aduaneros, tecnológicos e internacionales que definen el perfil de Grupo Familia en los negocios internacionales con enfoque en la exportación hacia Estados Unidos.
A13: 1 | B13: =LIDER!F43 -> JORGE ALBERTO BATISTA TABORDA | C13: =IF('S-ASIG-01'!D13="","",'S-ASIG-01'!D13) | D13: =IF(B13=0,"",IF(C13="",$E$13*LIDER!$H$19+F13*LIDER!$H$20+G13*LIDER!$H$21+H13*LIDER!$H$22+I13*LIDER!$H$23+J13*LIDER!$H$24+K13*LIDER!$H$25,"N")) -> 4.05 | E13: 3.9 | F13: 4.2 | G13: 4.2 | H13: 4.2 | I13: 4.2 | J13: 4.2
A14: 2 | B14: =LIDER!F44 -> JEREMY MACOLL DIAZ PEREZ | C14: =IF('S-ASIG-01'!D14="","",'S-ASIG-01'!D14) | D14: =IF(B14=0,"",IF(C14="",$E$13*LIDER!$H$19+F14*LIDER!$H$20+G14*LIDER!$H$21+H14*LIDER!$H$22+I14*LIDER!$H$23+J14*LIDER!$H$24+K14*LIDER!$H$25,"N")) -> 4.05 | F14: 4.2 | G14: 4.2 | H14: 4.2 | I14: 4.2 | J14: 4.2
A15: 3 | B15: =LIDER!F45 -> DARIANY PEÑARANDA LLACH | C15: =IF('S-ASIG-01'!D15="","",'S-ASIG-01'!D15) | D15: =IF(B15=0,"",IF(C15="",$E$13*LIDER!$H$19+F15*LIDER!$H$20+G15*LIDER!$H$21+H15*LIDER!$H$22+I15*LIDER!$H$23+J15*LIDER!$H$24+K15*LIDER!$H$25,"N")) -> 4.05 | F15: 4.2 | G15: 4.2 | H15: 4.2 | I15: 4.2 | J15: 4.2
A16: 4 | B16: =LIDER!F46 -> MARIANGEL ROMERO VANEGAS | C16: =IF('S-ASIG-01'!D16="","",'S-ASIG-01'!D16) | D16: =IF(B16=0,"",IF(C16="",$E$13*LIDER!$H$19+F16*LIDER!$H$20+G16*LIDER!$H$21+H16*LIDER!$H$22+I16*LIDER!$H$23+J16*LIDER!$H$24+K16*LIDER!$H$25,"N")) -> 4.05 | F16: 4.2 | G16: 4.2 | H16: 4.2 | I16: 4.2 | J16: 4.2
A17: 5 | B17: =LIDER!F47 -> 0 | C17: =IF('S-ASIG-01'!D17="","",'S-ASIG-01'!D17) | D17: =IF(B17=0,"",IF(C17="",$E$13*LIDER!$H$19+F17*LIDER!$H$20+G17*LIDER!$H$21+H17*LIDER!$H$22+I17*LIDER!$H$23+J17*LIDER!$H$24+K17*LIDER!$H$25,"N"))
A18: 6 | B18: =LIDER!F48 -> 0 | C18: =IF('S-ASIG-01'!D18="","",'S-ASIG-01'!D18) | D18: =IF(B18=0,"",IF(C18="",$E$13*LIDER!$H$19+F18*LIDER!$H$20+G18*LIDER!$H$21+H18*LIDER!$H$22+I18*LIDER!$H$23+J18*LIDER!$H$24+K18*LIDER!$H$25,"N"))
B19: GRUPO#3 | C19: =IF('S-ASIG-01'!D19="","",'S-ASIG-01'!D19) -> LIST | D19: DEF | E19: =LIDER!$E$31 -> GRUPO#3
A20: 1 | B20: =LIDER!G43 -> 0 | C20: =IF('S-ASIG-01'!D20="","",'S-ASIG-01'!D20) | D20: =IF(B20=0,"",IF(C20="",$E$20*LIDER!$H$19+F20*LIDER!$H$20+G20*LIDER!$H$21+H20*LIDER!$H$22+I20*LIDER!$H$23+J20*LIDER!$H$24+K20*LIDER!$H$25,"N"))
A21: 2 | B21: =LIDER!G44 -> 0 | C21: =IF('S-ASIG-01'!D21="","",'S-ASIG-01'!D21) | D21: =IF(B21=0,"",IF(C21="",$E$20*LIDER!$H$19+F21*LIDER!$H$20+G21*LIDER!$H$21+H21*LIDER!$H$22+I21*LIDER!$H$23+J21*LIDER!$H$24+K21*LIDER!$H$25,"N"))
A22: 3 | B22: =LIDER!G45 -> 0 | C22: =IF('S-ASIG-01'!D22="","",'S-ASIG-01'!D22) | D22: =IF(B22=0,"",IF(C22="",$E$20*LIDER!$H$19+F22*LIDER!$H$20+G22*LIDER!$H$21+H22*LIDER!$H$22+I22*LIDER!$H$23+J22*LIDER!$H$24+K22*LIDER!$H$25,"N"))
A23: 4 | B23: =LIDER!G46 -> 0 | C23: =IF('S-ASIG-01'!D23="","",'S-ASIG-01'!D23) | D23: =IF(B23=0,"",IF(C23="",$E$20*LIDER!$H$19+F23*LIDER!$H$20+G23*LIDER!$H$21+H23*LIDER!$H$22+I23*LIDER!$H$23+J23*LIDER!$H$24+K23*LIDER!$H$25,"N"))
A24: 5 | B24: =LIDER!G47 -> 0 | C24: =IF('S-ASIG-01'!D24="","",'S-ASIG-01'!D24) | D24: =IF(B24=0,"",IF(C24="",$E$20*LIDER!$H$19+F24*LIDER!$H$20+G24*LIDER!$H$21+H24*LIDER!$H$22+I24*LIDER!$H$23+J24*LIDER!$H$24+K24*LIDER!$H$25,"N"))
A25: 6 | B25: =LIDER!G48 -> 0 | C25: =IF('S-ASIG-01'!D25="","",'S-ASIG-01'!D25) | D25: =IF(B25=0,"",IF(C25="",$E$20*LIDER!$H$19+F25*LIDER!$H$20+G25*LIDER!$H$21+H25*LIDER!$H$22+I25*LIDER!$H$23+J25*LIDER!$H$24+K25*LIDER!$H$25,"N"))
B26: GRUPO#4 | C26: =IF('S-ASIG-01'!D26="","",'S-ASIG-01'!D26) -> LIST | D26: DEF | E26: =LIDER!$E$32 -> GRUPO#4
A27: 1 | B27: =LIDER!H43 -> 0 | C27: =IF('S-ASIG-01'!D27="","",'S-ASIG-01'!D27) | D27: =IF(B27=0,"",IF(C27="",$E$27*LIDER!$H$19+F27*LIDER!$H$20+G27*LIDER!$H$21+H27*LIDER!$H$22+I27*LIDER!$H$23+J27*LIDER!$H$24+K27*LIDER!$H$25,"N"))
A28: 2 | B28: =LIDER!H44 -> 0 | C28: =IF('S-ASIG-01'!D28="","",'S-ASIG-01'!D28) | D28: =IF(B28=0,"",IF(C28="",$E$27*LIDER!$H$19+F28*LIDER!$H$20+G28*LIDER!$H$21+H28*LIDER!$H$22+I28*LIDER!$H$23+J28*LIDER!$H$24+K28*LIDER!$H$25,"N"))
A29: 3 | B29: =LIDER!H45 -> 0 | C29: =IF('S-ASIG-01'!D29="","",'S-ASIG-01'!D29) | D29: =IF(B29=0,"",IF(C29="",$E$27*LIDER!$H$19+F29*LIDER!$H$20+G29*LIDER!$H$21+H29*LIDER!$H$22+I29*LIDER!$H$23+J29*LIDER!$H$24+K29*LIDER!$H$25,"N"))
A30: 4 | B30: =LIDER!H46 -> 0 | C30: =IF('S-ASIG-01'!D30="","",'S-ASIG-01'!D30) | D30: =IF(B30=0,"",IF(C30="",$E$27*LIDER!$H$19+F30*LIDER!$H$20+G30*LIDER!$H$21+H30*LIDER!$H$22+I30*LIDER!$H$23+J30*LIDER!$H$24+K30*LIDER!$H$25,"N"))
A31: 5 | B31: =LIDER!H47 -> 0 | C31: =IF('S-ASIG-01'!D31="","",'S-ASIG-01'!D31) | D31: =IF(B31=0,"",IF(C31="",$E$27*LIDER!$H$19+F31*LIDER!$H$20+G31*LIDER!$H$21+H31*LIDER!$H$22+I31*LIDER!$H$23+J31*LIDER!$H$24+K31*LIDER!$H$25,"N"))
A32: 6 | B32: =LIDER!H48 -> 0 | C32: =IF('S-ASIG-01'!D32="","",'S-ASIG-01'!D32) | D32: =IF(B32=0,"",IF(C32="",$E$27*LIDER!$H$19+F32*LIDER!$H$20+G32*LIDER!$H$21+H32*LIDER!$H$22+I32*LIDER!$H$23+J32*LIDER!$H$24+K32*LIDER!$H$25,"N"))
B33: GRUPO#5 | C33: =IF('S-ASIG-01'!D33="","",'S-ASIG-01'!D33) -> LIST | D33: DEF | E33: =LIDER!$E$33 -> GRUPO#5
A34: 1 | B34: =LIDER!E51 -> 0 | C34: =IF('S-ASIG-01'!D34="","",'S-ASIG-01'!D34) | D34: =IF(B34=0,"",IF(C34="",$E$34*LIDER!$H$19+F34*LIDER!$H$20+G34*LIDER!$H$21+H34*LIDER!$H$22+I34*LIDER!$H$23+J34*LIDER!$H$24+K34*LIDER!$H$25,"N"))
A35: 2 | B35: =LIDER!E52 -> 0 | C35: =IF('S-ASIG-01'!D35="","",'S-ASIG-01'!D35) | D35: =IF(B35=0,"",IF(C35="",$E$34*LIDER!$H$19+F35*LIDER!$H$20+G35*LIDER!$H$21+H35*LIDER!$H$22+I35*LIDER!$H$23+J35*LIDER!$H$24+K35*LIDER!$H$25,"N"))
A36: 3 | B36: =LIDER!E53 -> 0 | C36: =IF('S-ASIG-01'!D36="","",'S-ASIG-01'!D36) | D36: =IF(B36=0,"",IF(C36="",$E$34*LIDER!$H$19+F36*LIDER!$H$20+G36*LIDER!$H$21+H36*LIDER!$H$22+I36*LIDER!$H$23+J36*LIDER!$H$24+K36*LIDER!$H$25,"N"))
A37: 4 | B37: =LIDER!E54 -> 0 | C37: =IF('S-ASIG-01'!D37="","",'S-ASIG-01'!D37) | D37: =IF(B37=0,"",IF(C37="",$E$34*LIDER!$H$19+F37*LIDER!$H$20+G37*LIDER!$H$21+H37*LIDER!$H$22+I37*LIDER!$H$23+J37*LIDER!$H$24+K37*LIDER!$H$25,"N"))
A38: 5 | B38: =LIDER!E55 -> 0 | C38: =IF('S-ASIG-01'!D38="","",'S-ASIG-01'!D38) | D38: =IF(B38=0,"",IF(C38="",$E$34*LIDER!$H$19+F38*LIDER!$H$20+G38*LIDER!$H$21+H38*LIDER!$H$22+I38*LIDER!$H$23+J38*LIDER!$H$24+K38*LIDER!$H$25,"N"))
A39: 6 | B39: =LIDER!E56 -> 0 | C39: =IF('S-ASIG-01'!D39="","",'S-ASIG-01'!D39) | D39: =IF(B39=0,"",IF(C39="",$E$34*LIDER!$H$19+F39*LIDER!$H$20+G39*LIDER!$H$21+H39*LIDER!$H$22+I39*LIDER!$H$23+J39*LIDER!$H$24+K39*LIDER!$H$25,"N"))
B40: GRUPO#6 | C40: =IF('S-ASIG-01'!D40="","",'S-ASIG-01'!D40) -> LIST | D40: DEF | E40: =LIDER!$E$34 -> GRUPO#6
A41: 1 | B41: =LIDER!F51 -> 0 | C41: =IF('S-ASIG-01'!D41="","",'S-ASIG-01'!D41) | D41: =IF(B41=0,"",IF(C41="",$E$41*LIDER!$H$19+F41*LIDER!$H$20+G41*LIDER!$H$21+H41*LIDER!$H$22+I41*LIDER!$H$23+J41*LIDER!$H$24+K41*LIDER!$H$25,"N"))
A42: 2 | B42: =LIDER!F52 -> 0 | C42: =IF('S-ASIG-01'!D42="","",'S-ASIG-01'!D42) | D42: =IF(B42=0,"",IF(C42="",$E$41*LIDER!$H$19+F42*LIDER!$H$20+G42*LIDER!$H$21+H42*LIDER!$H$22+I42*LIDER!$H$23+J42*LIDER!$H$24+K42*LIDER!$H$25,"N"))
A43: 3 | B43: =LIDER!F53 -> 0 | C43: =IF('S-ASIG-01'!D43="","",'S-ASIG-01'!D43) | D43: =IF(B43=0,"",IF(C43="",$E$41*LIDER!$H$19+F43*LIDER!$H$20+G43*LIDER!$H$21+H43*LIDER!$H$22+I43*LIDER!$H$23+J43*LIDER!$H$24+K43*LIDER!$H$25,"N"))
A44: 4 | B44: =LIDER!F54 -> 0 | C44: =IF('S-ASIG-01'!D44="","",'S-ASIG-01'!D44) | D44: =IF(B44=0,"",IF(C44="",$E$41*LIDER!$H$19+F44*LIDER!$H$20+G44*LIDER!$H$21+H44*LIDER!$H$22+I44*LIDER!$H$23+J44*LIDER!$H$24+K44*LIDER!$H$25,"N"))
A45: 5 | B45: =LIDER!F55 -> 0 | C45: =IF('S-ASIG-01'!D45="","",'S-ASIG-01'!D45) | D45: =IF(B45=0,"",IF(C45="",$E$41*LIDER!$H$19+F45*LIDER!$H$20+G45*LIDER!$H$21+H45*LIDER!$H$22+I45*LIDER!$H$23+J45*LIDER!$H$24+K45*LIDER!$H$25,"N"))
A46: 6 | B46: =LIDER!F56 -> 0 | C46: =IF('S-ASIG-01'!D46="","",'S-ASIG-01'!D46) | D46: =IF(B46=0,"",IF(C46="",$E$41*LIDER!$H$19+F46*LIDER!$H$20+G46*LIDER!$H$21+H46*LIDER!$H$22+I46*LIDER!$H$23+J46*LIDER!$H$24+K46*LIDER!$H$25,"N"))
B47: GRUPO#7 | C47: =IF('S-ASIG-01'!D47="","",'S-ASIG-01'!D47) -> LIST | D47: DEF | E47: =LIDER!$E$35 -> GRUPO#7
A48: 1 | B48: =LIDER!G51 -> 0 | C48: =IF('S-ASIG-01'!D48="","",'S-ASIG-01'!D48) | D48: =IF(B48=0,"",IF(C48="",$E$48*LIDER!$H$19+F48*LIDER!$H$20+G48*LIDER!$H$21+H48*LIDER!$H$22+I48*LIDER!$H$23+J48*LIDER!$H$24+K48*LIDER!$H$25,"N"))
A49: 2 | B49: =LIDER!G52 -> 0 | C49: =IF('S-ASIG-01'!D49="","",'S-ASIG-01'!D49) | D49: =IF(B49=0,"",IF(C49="",$E$48*LIDER!$H$19+F49*LIDER!$H$20+G49*LIDER!$H$21+H49*LIDER!$H$22+I49*LIDER!$H$23+J49*LIDER!$H$24+K49*LIDER!$H$25,"N"))
A50: 3 | B50: =LIDER!G53 -> 0 | C50: =IF('S-ASIG-01'!D50="","",'S-ASIG-01'!D50) | D50: =IF(B50=0,"",IF(C50="",$E$48*LIDER!$H$19+F50*LIDER!$H$20+G50*LIDER!$H$21+H50*LIDER!$H$22+I50*LIDER!$H$23+J50*LIDER!$H$24+K50*LIDER!$H$25,"N"))
A51: 4 | B51: =LIDER!G54 -> 0 | C51: =IF('S-ASIG-01'!D51="","",'S-ASIG-01'!D51) | D51: =IF(B51=0,"",IF(C51="",$E$48*LIDER!$H$19+F51*LIDER!$H$20+G51*LIDER!$H$21+H51*LIDER!$H$22+I51*LIDER!$H$23+J51*LIDER!$H$24+K51*LIDER!$H$25,"N"))
A52: 5 | B52: =LIDER!G55 -> 0 | C52: =IF('S-ASIG-01'!D52="","",'S-ASIG-01'!D52) | D52: =IF(B52=0,"",IF(C52="",$E$48*LIDER!$H$19+F52*LIDER!$H$20+G52*LIDER!$H$21+H52*LIDER!$H$22+I52*LIDER!$H$23+J52*LIDER!$H$24+K52*LIDER!$H$25,"N"))
A53: 6 | B53: =LIDER!G56 -> 0 | C53: =IF('S-ASIG-01'!D53="","",'S-ASIG-01'!D53) | D53: =IF(B53=0,"",IF(C53="",$E$48*LIDER!$H$19+F53*LIDER!$H$20+G53*LIDER!$H$21+H53*LIDER!$H$22+I53*LIDER!$H$23+J53*LIDER!$H$24+K53*LIDER!$H$25,"N"))
B54: GRUPO#8 | C54: =IF('S-ASIG-01'!D54="","",'S-ASIG-01'!D54) -> LIST | D54: DEF | E54: =LIDER!$E$36 -> GRUPO#8
A55: 1 | B55: =LIDER!H51 -> 0 | C55: =IF('S-ASIG-01'!D55="","",'S-ASIG-01'!D55) | D55: =IF(B55=0,"",IF(C55="",$E$55*LIDER!$H$19+F55*LIDER!$H$20+G55*LIDER!$H$21+H55*LIDER!$H$22+I55*LIDER!$H$23+J55*LIDER!$H$24+K55*LIDER!$H$25,"N"))
A56: 2 | B56: =LIDER!H52 -> 0 | C56: =IF('S-ASIG-01'!D56="","",'S-ASIG-01'!D56) | D56: =IF(B56=0,"",IF(C56="",$E$55*LIDER!$H$19+F56*LIDER!$H$20+G56*LIDER!$H$21+H56*LIDER!$H$22+I56*LIDER!$H$23+J56*LIDER!$H$24+K56*LIDER!$H$25,"N"))
A57: 3 | B57: =LIDER!H53 -> 0 | C57: =IF('S-ASIG-01'!D57="","",'S-ASIG-01'!D57) | D57: =IF(B57=0,"",IF(C57="",$E$55*LIDER!$H$19+F57*LIDER!$H$20+G57*LIDER!$H$21+H57*LIDER!$H$22+I57*LIDER!$H$23+J57*LIDER!$H$24+K57*LIDER!$H$25,"N"))
A58: 4 | B58: =LIDER!H54 -> 0 | C58: =IF('S-ASIG-01'!D58="","",'S-ASIG-01'!D58) | D58: =IF(B58=0,"",IF(C58="",$E$55*LIDER!$H$19+F58*LIDER!$H$20+G58*LIDER!$H$21+H58*LIDER!$H$22+I58*LIDER!$H$23+J58*LIDER!$H$24+K58*LIDER!$H$25,"N"))
A59: 5 | B59: =LIDER!H55 -> 0 | C59: =IF('S-ASIG-01'!D59="","",'S-ASIG-01'!D59) | D59: =IF(B59=0,"",IF(C59="",$E$55*LIDER!$H$19+F59*LIDER!$H$20+G59*LIDER!$H$21+H59*LIDER!$H$22+I59*LIDER!$H$23+J59*LIDER!$H$24+K59*LIDER!$H$25,"N"))
A60: 6 | B60: =LIDER!H56 -> 0 | C60: =IF('S-ASIG-01'!D60="","",'S-ASIG-01'!D60) | D60: =IF(B60=0,"",IF(C60="",$E$55*LIDER!$H$19+F60*LIDER!$H$20+G60*LIDER!$H$21+H60*LIDER!$H$22+I60*LIDER!$H$23+J60*LIDER!$H$24+K60*LIDER!$H$25,"N"))
B61: GRUPO#9 | C61: =IF('S-ASIG-01'!D61="","",'S-ASIG-01'!D61) -> LIST | D61: DEF | E61: =LIDER!$E$37 -> GRUPO#9
A62: 1 | B62: =LIDER!E59 -> 0 | C62: =IF('S-ASIG-01'!D62="","",'S-ASIG-01'!D62) | D62: =IF(B62=0,"",IF(C62="",$E$62*LIDER!$H$19+F62*LIDER!$H$20+G62*LIDER!$H$21+H62*LIDER!$H$22+I62*LIDER!$H$23+J62*LIDER!$H$24+K62*LIDER!$H$25,"N"))
A63: 2 | B63: =LIDER!E60 -> 0 | C63: =IF('S-ASIG-01'!D63="","",'S-ASIG-01'!D63) | D63: =IF(B63=0,"",IF(C63="",$E$62*LIDER!$H$19+F63*LIDER!$H$20+G63*LIDER!$H$21+H63*LIDER!$H$22+I63*LIDER!$H$23+J63*LIDER!$H$24+K63*LIDER!$H$25,"N"))
A64: 3 | B64: =LIDER!E61 -> 0 | C64: =IF('S-ASIG-01'!D64="","",'S-ASIG-01'!D64) | D64: =IF(B64=0,"",IF(C64="",$E$62*LIDER!$H$19+F64*LIDER!$H$20+G64*LIDER!$H$21+H64*LIDER!$H$22+I64*LIDER!$H$23+J64*LIDER!$H$24+K64*LIDER!$H$25,"N"))
A65: 4 | B65: =LIDER!E62 -> 0 | C65: =IF('S-ASIG-01'!D65="","",'S-ASIG-01'!D65) | D65: =IF(B65=0,"",IF(C65="",$E$62*LIDER!$H$19+F65*LIDER!$H$20+G65*LIDER!$H$21+H65*LIDER!$H$22+I65*LIDER!$H$23+J65*LIDER!$H$24+K65*LIDER!$H$25,"N"))
A66: 5 | B66: =LIDER!E63 -> 0 | C66: =IF('S-ASIG-01'!D66="","",'S-ASIG-01'!D66) | D66: =IF(B66=0,"",IF(C66="",$E$62*LIDER!$H$19+F66*LIDER!$H$20+G66*LIDER!$H$21+H66*LIDER!$H$22+I66*LIDER!$H$23+J66*LIDER!$H$24+K66*LIDER!$H$25,"N"))
A67: 6 | B67: =LIDER!E64 -> 0 | C67: =IF('S-ASIG-01'!D67="","",'S-ASIG-01'!D67) | D67: =IF(B67=0,"",IF(C67="",$E$62*LIDER!$H$19+F67*LIDER!$H$20+G67*LIDER!$H$21+H67*LIDER!$H$22+I67*LIDER!$H$23+J67*LIDER!$H$24+K67*LIDER!$H$25,"N"))
B68: GRUPO#10 | C68: =IF('S-ASIG-01'!D68="","",'S-ASIG-01'!D68) -> LIST | D68: DEF | E68: =LIDER!$E$38 -> GRUPO#10
A69: 1 | B69: =LIDER!F59 -> 0 | C69: =IF('S-ASIG-01'!D69="","",'S-ASIG-01'!D69) | D69: =IF(B69=0,"",IF(C69="",$E$69*LIDER!$H$19+F69*LIDER!$H$20+G69*LIDER!$H$21+H69*LIDER!$H$22+I69*LIDER!$H$23+J69*LIDER!$H$24+K69*LIDER!$H$25,"N"))
A70: 2 | B70: =LIDER!F60 -> 0 | C70: =IF('S-ASIG-01'!D70="","",'S-ASIG-01'!D70) | D70: =IF(B70=0,"",IF(C70="",$E$69*LIDER!$H$19+F70*LIDER!$H$20+G70*LIDER!$H$21+H70*LIDER!$H$22+I70*LIDER!$H$23+J70*LIDER!$H$24+K70*LIDER!$H$25,"N"))
A71: 3 | B71: =LIDER!F61 -> 0 | C71: =IF('S-ASIG-01'!D71="","",'S-ASIG-01'!D71) | D71: =IF(B71=0,"",IF(C71="",$E$69*LIDER!$H$19+F71*LIDER!$H$20+G71*LIDER!$H$21+H71*LIDER!$H$22+I71*LIDER!$H$23+J71*LIDER!$H$24+K71*LIDER!$H$25,"N"))
A72: 4 | B72: =LIDER!F62 -> 0 | C72: =IF('S-ASIG-01'!D72="","",'S-ASIG-01'!D72) | D72: =IF(B72=0,"",IF(C72="",$E$69*LIDER!$H$19+F72*LIDER!$H$20+G72*LIDER!$H$21+H72*LIDER!$H$22+I72*LIDER!$H$23+J72*LIDER!$H$24+K72*LIDER!$H$25,"N"))
A73: 5 | B73: =LIDER!F63 -> 0 | C73: =IF('S-ASIG-01'!D73="","",'S-ASIG-01'!D73) | D73: =IF(B73=0,"",IF(C73="",$E$69*LIDER!$H$19+F73*LIDER!$H$20+G73*LIDER!$H$21+H73*LIDER!$H$22+I73*LIDER!$H$23+J73*LIDER!$H$24+K73*LIDER!$H$25,"N"))
A74: 6 | B74: =LIDER!F64 -> 0 | C74: =IF('S-ASIG-01'!D74="","",'S-ASIG-01'!D74) | D74: =IF(B74=0,"",IF(C74="",$E$69*LIDER!$H$19+F74*LIDER!$H$20+G74*LIDER!$H$21+H74*LIDER!$H$22+I74*LIDER!$H$23+J74*LIDER!$H$24+K74*LIDER!$H$25,"N"))
B75: GRUPO#11 | C75: =IF('S-ASIG-01'!D75="","",'S-ASIG-01'!D75) -> LIST | D75: DEF | E75: =LIDER!$E$39 -> GRUPO#11
A76: 1 | B76: =LIDER!G59 -> 0 | C76: =IF('S-ASIG-01'!D76="","",'S-ASIG-01'!D76) | D76: =IF(B76=0,"",IF(C76="",E76*LIDER!$H$19+F76*LIDER!$H$20+G76*LIDER!$H$21+H76*LIDER!$H$22+I76*LIDER!$H$23+J76*LIDER!$H$24+K76*LIDER!$H$25,"N"))
A77: 2 | B77: =LIDER!G60 -> 0 | C77: =IF('S-ASIG-01'!D77="","",'S-ASIG-01'!D77) | D77: =IF(B77=0,"",IF(C77="",E77*LIDER!$H$19+F77*LIDER!$H$20+G77*LIDER!$H$21+H77*LIDER!$H$22+I77*LIDER!$H$23+J77*LIDER!$H$24+K77*LIDER!$H$25,"N"))
A78: 3 | B78: =LIDER!G61 -> 0 | C78: =IF('S-ASIG-01'!D78="","",'S-ASIG-01'!D78) | D78: =IF(B78=0,"",IF(C78="",E78*LIDER!$H$19+F78*LIDER!$H$20+G78*LIDER!$H$21+H78*LIDER!$H$22+I78*LIDER!$H$23+J78*LIDER!$H$24+K78*LIDER!$H$25,"N"))
A79: 4 | B79: =LIDER!G62 -> 0 | C79: =IF('S-ASIG-01'!D79="","",'S-ASIG-01'!D79) | D79: =IF(B79=0,"",IF(C79="",E79*LIDER!$H$19+F79*LIDER!$H$20+G79*LIDER!$H$21+H79*LIDER!$H$22+I79*LIDER!$H$23+J79*LIDER!$H$24+K79*LIDER!$H$25,"N"))
A80: 5 | B80: =LIDER!G63 -> 0 | C80: =IF('S-ASIG-01'!D80="","",'S-ASIG-01'!D80) | D80: =IF(B80=0,"",IF(C80="",E80*LIDER!$H$19+F80*LIDER!$H$20+G80*LIDER!$H$21+H80*LIDER!$H$22+I80*LIDER!$H$23+J80*LIDER!$H$24+K80*LIDER!$H$25,"N"))
A81: 6 | B81: =LIDER!G64 -> 0 | C81: =IF('S-ASIG-01'!D81="","",'S-ASIG-01'!D81) | D81: =IF(B81=0,"",IF(C81="",E81*LIDER!$H$19+F81*LIDER!$H$20+G81*LIDER!$H$21+H81*LIDER!$H$22+I81*LIDER!$H$23+J81*LIDER!$H$24+K81*LIDER!$H$25,"N"))
B82: GRUPO#12 | C82: =IF('S-ASIG-01'!D82="","",'S-ASIG-01'!D82) -> LIST | D82: DEF | E82: =LIDER!$E$40 -> GRUPO#12
A83: 1 | B83: =LIDER!H59 -> 0 | C83: =IF('S-ASIG-01'!D83="","",'S-ASIG-01'!D83) | D83: =IF(B83=0,"",IF(C83="",$E$83*LIDER!$H$19+F83*LIDER!$H$20+G83*LIDER!$H$21+H83*LIDER!$H$22+I83*LIDER!$H$23+J83*LIDER!$H$24+K83*LIDER!$H$25,"N"))
A84: 2 | B84: =LIDER!H60 -> 0 | C84: =IF('S-ASIG-01'!D84="","",'S-ASIG-01'!D84) | D84: =IF(B84=0,"",IF(C84="",$E$83*LIDER!$H$19+F84*LIDER!$H$20+G84*LIDER!$H$21+H84*LIDER!$H$22+I84*LIDER!$H$23+J84*LIDER!$H$24+K84*LIDER!$H$25,"N"))
A85: 3 | B85: =LIDER!H61 -> 0 | C85: =IF('S-ASIG-01'!D85="","",'S-ASIG-01'!D85) | D85: =IF(B85=0,"",IF(C85="",$E$83*LIDER!$H$19+F85*LIDER!$H$20+G85*LIDER!$H$21+H85*LIDER!$H$22+I85*LIDER!$H$23+J85*LIDER!$H$24+K85*LIDER!$H$25,"N"))
A86: 4 | B86: =LIDER!H62 -> 0 | C86: =IF('S-ASIG-01'!D86="","",'S-ASIG-01'!D86) | D86: =IF(B86=0,"",IF(C86="",$E$83*LIDER!$H$19+F86*LIDER!$H$20+G86*LIDER!$H$21+H86*LIDER!$H$22+I86*LIDER!$H$23+J86*LIDER!$H$24+K86*LIDER!$H$25,"N"))
A87: 5 | B87: =LIDER!H63 -> 0 | C87: =IF('S-ASIG-01'!D87="","",'S-ASIG-01'!D87) | D87: =IF(B87=0,"",IF(C87="",$E$83*LIDER!$H$19+F87*LIDER!$H$20+G87*LIDER!$H$21+H87*LIDER!$H$22+I87*LIDER!$H$23+J87*LIDER!$H$24+K87*LIDER!$H$25,"N"))
A88: 6 | B88: =LIDER!H64 -> 0 | C88: =IF('S-ASIG-01'!D88="","",'S-ASIG-01'!D88) | D88: =IF(B88=0,"",IF(C88="",$E$83*LIDER!$H$19+F88*LIDER!$H$20+G88*LIDER!$H$21+H88*LIDER!$H$22+I88*LIDER!$H$23+J88*LIDER!$H$24+K88*LIDER!$H$25,"N"))

Sheet T-ASIG-03
A1: =LIDER!B2 -> TECNOLOGÍA EN GESTIÓN DE NEGOCIOS INTERN | H1: =LIDER!E2 -> SEMESTRE: | I1: =LIDER!F2 -> SEM-03 | J1: =LIDER!G2 -> SECCIÓN: | K1: =LIDER!H2 -> 2
B2: =LIDER!E4 -> INTERNACIONALIZACION | E2: CRITERIOS DE EVALUACIÓN
B3: Estudiantes | E3: =LIDER!E19 -> Evaluación del Documento Final | F3: =LIDER!E20 -> Sustentación de los Resultados: Se refleja un dominio del tema, la información está delimitada y es clara. Hay una jerarquía y fluidez en las ideas que presenta. | G3: =LIDER!E21 -> Expresión Oral: Se oberva buena vocalización y buen tono de voz durante toda la presentación empleando un lenguaje técnico pertinente con su nivel academico. Su discurso es adecuado en la presentacion de la sustentación de los resultados | H3: =LIDER!E22 -> Lenguaje no verbal: Tiene una adecuada presentación personal para la ocación, opta por una buena postura y demuestra seguridad en sí mismo(a) durante la sustentación de los resultados. Además, demuestra asertividad y seguridad en las orientaciones o preguntas que hace el colectivo docente | I3: =LIDER!E23 -> Tiempo: El uso del tiempo fue apropiado, se ajusta al previsto. Ofrece una conclusión donde condensa las ideas principales del objetivo general y los específicos. | J3: =LIDER!E24 -> Uso de Recursos Audiovisuales Tecnológicos: La sustentación se acompaña de recursos visuales pertinentes, atractivos y de gran calidad | K3: =LIDER!E25 -> 0
E4: =CONCATENATE(LIDER!E4," - ",LIDER!E6," - ",LIDER!E5) -> INTERNACIONALIZACION - 2482 - TATIANA MILENA ROJAS AROCA
B5: GRUPO#1 | C5: =IF('S-ASIG-03'!D5="","",'S-ASIG-03'!D5) -> LIST | D5: DEF | E5: =LIDER!$E$29 -> GRUPO#1. Identificación de los aspectos legales, tributarios, administrativos, macroeconómicos, aduaneros, tecnológicos e internacionales que definen el perfil de Yara Colombia S.A. en los negocios internacionales
A6: 1 | B6: =LIDER!E43 -> SARA OYOLA MARTINEZ | C6: =IF('S-ASIG-03'!D6="","",'S-ASIG-03'!D6) | D6: =IF(B6=0,"",IF(C6="",$E$6*LIDER!$H$19+F6*LIDER!$H$20+G6*LIDER!$H$21+H6*LIDER!$H$22+I6*LIDER!$H$23+J6*LIDER!$H$24+K6*LIDER!$H$25,"N")) -> 4.5 | E6: 4.5 | F6: 4.5 | G6: 4.5 | H6: 4.5 | I6: 4.5 | J6: 4.5
A7: 2 | B7: =LIDER!E44 -> YINA MARCELA PÉREZ PINEDA | C7: =IF('S-ASIG-03'!D7="","",'S-ASIG-03'!D7) | D7: =IF(B7=0,"",IF(C7="",$E$6*LIDER!$H$19+F7*LIDER!$H$20+G7*LIDER!$H$21+H7*LIDER!$H$22+I7*LIDER!$H$23+J7*LIDER!$H$24+K7*LIDER!$H$25,"N")) -> 4.5 | F7: 4.5 | G7: 4.5 | H7: 4.5 | I7: 4.5 | J7: 4.5
A8: 3 | B8: =LIDER!E45 -> JABES ELIAS ROSERO VILLA | C8: =IF('S-ASIG-03'!D8="","",'S-ASIG-03'!D8) | D8: =IF(B8=0,"",IF(C8="",$E$6*LIDER!$H$19+F8*LIDER!$H$20+G8*LIDER!$H$21+H8*LIDER!$H$22+I8*LIDER!$H$23+J8*LIDER!$H$24+K8*LIDER!$H$25,"N")) -> 4.5 | F8: 4.5 | G8: 4.5 | H8: 4.5 | I8: 4.5 | J8: 4.5
A9: 4 | B9: =LIDER!E46 -> ISAIAS FERNANDO SALCEDO CAICEDO | C9: =IF('S-ASIG-03'!D9="","",'S-ASIG-03'!D9) | D9: =IF(B9=0,"",IF(C9="",$E$6*LIDER!$H$19+F9*LIDER!$H$20+G9*LIDER!$H$21+H9*LIDER!$H$22+I9*LIDER!$H$23+J9*LIDER!$H$24+K9*LIDER!$H$25,"N")) -> 4.5 | F9: 4.5 | G9: 4.5 | H9: 4.5 | I9: 4.5 | J9: 4.5
A10: 5 | B10: =LIDER!E47 -> 0 | C10: =IF('S-ASIG-03'!D10="","",'S-ASIG-03'!D10) | D10: =IF(B10=0,"",IF(C10="",$E$6*LIDER!$H$19+F10*LIDER!$H$20+G10*LIDER!$H$21+H10*LIDER!$H$22+I10*LIDER!$H$23+J10*LIDER!$H$24+K10*LIDER!$H$25,"N"))
A11: 6 | B11: =LIDER!E48 -> 0 | C11: =IF('S-ASIG-03'!D11="","",'S-ASIG-03'!D11) | D11: =IF(B11=0,"",IF(C11="",$E$6*LIDER!$H$19+F11*LIDER!$H$20+G11*LIDER!$H$21+H11*LIDER!$H$22+I11*LIDER!$H$23+J11*LIDER!$H$24+K11*LIDER!$H$25,"N"))
B12: GRUPO#2 | C12: =IF('S-ASIG-03'!D12="","",'S-ASIG-03'!D12) -> LIST | D12: DEF | E12: =LIDER!$E$30 -> GRUPO#2. Identificación de los aspectos legales, tributarios, administrativos, macroeconómicos, aduaneros, tecnológicos e internacionales que definen el perfil de Grupo Familia en los negocios internacionales con enfoque en la exportación hacia Estados Unidos.
A13: 1 | B13: =LIDER!F43 -> JORGE ALBERTO BATISTA TABORDA | C13: =IF('S-ASIG-03'!D13="","",'S-ASIG-03'!D13) | D13: =IF(B13=0,"",IF(C13="",$E$13*LIDER!$H$19+F13*LIDER!$H$20+G13*LIDER!$H$21+H13*LIDER!$H$22+I13*LIDER!$H$23+J13*LIDER!$H$24+K13*LIDER!$H$25,"N")) -> 4.1 | E13: 4 | F13: 4.2 | G13: 4.2 | H13: 4.2 | I13: 4.2 | J13: 4.2
A14: 2 | B14: =LIDER!F44 -> JEREMY MACOLL DIAZ PEREZ | C14: =IF('S-ASIG-03'!D14="","",'S-ASIG-03'!D14) | D14: =IF(B14=0,"",IF(C14="",$E$13*LIDER!$H$19+F14*LIDER!$H$20+G14*LIDER!$H$21+H14*LIDER!$H$22+I14*LIDER!$H$23+J14*LIDER!$H$24+K14*LIDER!$H$25,"N")) -> 4.1 | F14: 4.2 | G14: 4.2 | H14: 4.2 | I14: 4.2 | J14: 4.2
A15: 3 | B15: =LIDER!F45 -> DARIANY PEÑARANDA LLACH | C15: =IF('S-ASIG-03'!D15="","",'S-ASIG-03'!D15) | D15: =IF(B15=0,"",IF(C15="",$E$13*LIDER!$H$19+F15*LIDER!$H$20+G15*LIDER!$H$21+H15*LIDER!$H$22+I15*LIDER!$H$23+J15*LIDER!$H$24+K15*LIDER!$H$25,"N")) -> 4.1 | F15: 4.2 | G15: 4.2 | H15: 4.2 | I15: 4.2 | J15: 4.2
A16: 4 | B16: =LIDER!F46 -> MARIANGEL ROMERO VANEGAS | C16: =IF('S-ASIG-03'!D16="","",'S-ASIG-03'!D16) | D16: =IF(B16=0,"",IF(C16="",$E$13*LIDER!$H$19+F16*LIDER!$H$20+G16*LIDER!$H$21+H16*LIDER!$H$22+I16*LIDER!$H$23+J16*LIDER!$H$24+K16*LIDER!$H$25,"N")) -> 4.1 | F16: 4.2 | G16: 4.2 | H16: 4.2 | I16: 4.2 | J16: 4.2
A17: 5 | B17: =LIDER!F47 -> 0 | C17: =IF('S-ASIG-03'!D17="","",'S-ASIG-03'!D17) | D17: =IF(B17=0,"",IF(C17="",$E$13*LIDER!$H$19+F17*LIDER!$H$20+G17*LIDER!$H$21+H17*LIDER!$H$22+I17*LIDER!$H$23+J17*LIDER!$H$24+K17*LIDER!$H$25,"N"))
A18: 6 | B18: =LIDER!F48 -> 0 | C18: =IF('S-ASIG-03'!D18="","",'S-ASIG-03'!D18) | D18: =IF(B18=0,"",IF(C18="",$E$13*LIDER!$H$19+F18*LIDER!$H$20+G18*LIDER!$H$21+H18*LIDER!$H$22+I18*LIDER!$H$23+J18*LIDER!$H$24+K18*LIDER!$H$25,"N"))
