Workbook

Sheet LIDER
B2: TECNOLOGÍA EN GESTIÓN DE NEGOCIOS INTERN | E2: SEMESTRE: | F2: SEM-03 | G2: SECCIÓN: | H2: 3
C3: LIDER | D3: METODOLÓGICO | E3: DISCIPLINAR#3 | F3: DISCIPLINAR#4 | G3: DISCIPLINAR#5 | H3: DISCIPLINAR#6 | I3: DISCIPLINAR#7
C4: LEGISLACION PARA EL COMERCIO | D4: TECNOLOGIA APLICADA | E4: INTERNACIONALIZACION | F4: MACROECONOMÍA | G4: MATEMÁTICAS FINANCIERAS
C5: HAROLD ANTONIO CUADRO VELASQUEZ | D5: ARMANDO ACOSTA JULIO | E5: TATIANA MILENA ROJAS AROCA | F5: ANDRES PAJARO CASTRO | G5: JORGE LUIS PUERTA SALAS
C6: 2489 | D6: 2387 | E6: 2481 | F6: 1531 | G6: 1411
C8: LISTA DE ESTUDIANTES | E8: SEGUNDA ENTREGA - CRITERIO DE EVALUACIÓN DOCUMENTO - SEGUNDO CORTE | H8: PONDERACIÓN | I8: ADMINISTRACIÓN DE EMPRESAS C.I
B9: 1 | C9: EDINSON ANDRES CASTRO PADILLA | E9: PRESENTACIÓN GENERAL: Adopta la norma APA, tamaño de la hoja, margenes, titulo, portadas, numeración de paginas, tabla de contenido automatizada, ortografia, justificacion del texto, citas automatizadas, listas, figuras,etc. | H9: 0.2 | I9: ADMINTRACIÓN EN SEGURIDAD Y SALUD EN EL TRABAJO
B10: 2 | C10: MATEO ANDRÉS CUESTA DÍAZ | E10: ANTEPROYECTO: Portada, planteamiento del problema, justificacion del trabajo o proyecto de aula, objetivos, marco teorico, diseño metodologico. | H10: 0.2 | I10: CONTADURÍA PÚBLICA
B11: 3 | C11: LUKASS GIRALDO RAMIREZ | E11: RESULTADOS: Analiza, integra y aplica de manera coherente los aspectos legales-tributarios, administrativos y tecnológicos en el desarrollo de la propuesta investigativa, evidenciando capacidad para generar soluciones viables, pertinentes y sostenibles. | H11: 0.3 | I11: NEGOCIOS INTERNACIONALES PROFESIONAL
B12: 4 | C12: LOREINES OSPINO HERNÁNDEZ | E12: BILIOGRAFIA: Las referencias bibliograficas: adoptan las normas APA. El documento es producto de un rastreo bibliografico que muestra analisis y sistensis. | H12: 0.2 | I12: TECNOLOGÍA EN GESTIÓN DE NEGOCIOS INTERN
B13: 5 | C13: LAURA SOFÍA PÉREZ ARÉVALO | E13: ASESORIAS: Anexó la hoja de tutoria firmada ( 3 fimas minmimo). | H13: 0.1 | I13: TECNOLOGíA EN GESTION CONTABLE
B14: 6 | C14: VALERY DANIELA SAENZ WATTS | H14: 0 | I14: TECNOLOGÍA EN GESTIÓN DE MARKETING
B15: 7 | C15: MARIA CRISTINA CAÑATE MERCADO | H15: 0 | I15: TECNOLOGÍA EN GESTIÓN DEL TALENTO HUMANO
B16: 8 | C16: KARINA MARRUGO MEZA | H16: =IF(SUM(H9:H15)>1,"Más del 100%",SUM(H9:H15)) -> 1 | I16: TECNOLOGÍA EN GESTIÓN FINANCIERA
B17: 9 | C17: HILARYS CAROLINA PATERNINA DONADO | I17: TECNOLOGÍA EN GESTIÓN LOGISTICA Y PORTUARIA
B18: 10 | C18: MATEO QUINTANA SERNA | E18: ENTREGA FINAL - CRITERIO DE EVALUACIÓN SUSTENTACIÓN - TERCER CORTE | H18: PONDERACIÓN | I18: TECNOLOGÍA EN GESTIÓN TURISTICA Y HOTELERA
B19: 11 | C19: YULEDIS BECERRA GOMEZ | E19: Evaluación del Documento Final | H19: 0.5
B20: 12 | C20: JULIO ALBERTO LANCHEROS PACHECO | E20: Sustentación de los Resultados: Se refleja un dominio del tema, la información está delimitada y es clara. Hay una jerarquía y fluidez en las ideas que presenta. | H20: 0.2
B21: 13 | C21: NELCY CAROLINA MEZA PÉREZ | E21: Expresión Oral: Se oberva buena vocalización y buen tono de voz durante toda la presentación empleando un lenguaje técnico pertinente con su nivel academico. Su discurso es adecuado en la presentacion de la sustentación de los resultados | H21: 0.1
B22: 14 | C22: HELENA ISABEL ALVAREZ CORTINA | E22: Lenguaje no verbal: Tiene una adecuada presentación personal para la ocación, opta por una buena postura y demuestra seguridad en sí mismo(a) durante la sustentación de los resultados. Además, demuestra asertividad y seguridad en las orientaciones o preguntas que hace el colectivo docente | H22: 0.05
B23: 15 | C23: ANDREA KAROLAY CARRILLO GOMEZ | E23: Tiempo: El uso del tiempo fue apropiado, se ajusta al previsto. Ofrece una conclusión donde condensa las ideas principales del objetivo general y los específicos. | H23: 0.05
B24: 16 | C24: MELANY ANDREA FLÓREZ ALMANZA | E24: Uso de Recursos Audiovisuales Tecnológicos: La sustentación se acompaña de recursos visuales pertinentes, atractivos y de gran calidad | H24: 0.1
B25: 17 | C25: JUAN SEBASTIAN PRENS BOSSIO
B26: 18 | C26: ALEXANDER DUBAN PROTZKAR DE LA HOZ | H26: =IF(SUM(H19:H25)>1,"Más del 100%",SUM(H19:H25)) -> 1
B27: 19 | C27: SIARA LUCIA CHAMS CARBALLO
B28: 20 | C28: LUCINDA GARCIA CASTRO | E28: TITULOS DE LOS PROYECTOS DE AULA
B29: 21 | C29: SAMUEL DVID JULIO BARRIOS | E29: GRUPO#1 Descripción de los Aspectos Internacionales, Macroeconómicos, Legales, administrativos, aduaneros y tecnológicos de Progan del Caribe S.A.S
B30: 22 | C30: LAUREN CAROLINA MARTINEZ LICONA | E30: GRUPO#2 ¿CUALES SON LOS ASPECTOS LEGALES, TRIBUTARIOS, ADMINISTRATIVOS, MACROECONOMICOS, ADUANEROS, TECNOLOGICOS E INTERNACIONALES QUE DEFINEN EL PERFIL DE LAS EMPRESA CEMENTOS ARGOS S.A EN LOS NEGOCIOS INTERNACIONALES?
B31: 23 | C31: ASLLY MARGARITA RINCON MATTOS | E31: GRUPO#3 ¿Cuáles son los aspectos legales, tributarios, administrativos, macroeconómicos, aduaneros, tecnológicos e internacionales que definen el perfil de expocafe en los negocios internacionales?
B32: 24 | C32: YEIDER SANTIAGO BOHORQUEZ GONZALEZ | E32: GRUPO#4
B33: 25 | C33: ELIAN MANUEL PACHECO BELTRAN | E33: GRUPO#5 Cuáles son los aspectos legales, tributarios, administrativos, macroeconómicos, aduaneros, tecnológicos e internacionales que definen el perfil de la empresa Colombina S.A. en los negocios internacionales
B34: 26 | C34: VALERIA PASTRANA ARRIETA | E34: GRUPO#6
B35: 27 | C35: JUAN PABLO QUIJANO GUEVARA | E35: GRUPO#7 CÓMO ES EL PERFIL DE DRUMMOND EN LOS NEGOCIOS INTERNACIONALES TENIENDO EN CUENTA LOS ASPECTOS LEGALES, TRIBUTARIOS, ADMINISTRATIVOS, MACROECONÓMICOS, ADUANEROS, TECNOLÓGICOS E INTERNACIONALES
B36: 28 | C36: JOSE ANGEL VALLEJO REALES | E36: GRUPO#8 Análisis de los aspectos legales, tributarios, administrativos, macroeconómicos, aduaneros, tecnológicos e internacionales que definen el perfil de The Coca-Cola Company
B37: 29 | C37: HENRY WILCHES DE LA ROSA | E37: GRUPO#9
B38: 30 | C38: CARLOS JULIO LOPEZ ALEMAN | E38: GRUPO#10
B39: 31 | C39: DYLAN ANDRES RANGEL LOPEZ | E39: GRUPO#11
B40: 32 | C40: SANTIAGO TANGARIFE PONCE | E40: GRUPO#12
B41: 33 | C41: YURI MAR FUENMAYOR OSORIO
B42: 34 | C42: YULEIDIS PAOLA MORENO DIAZ | E42: =MID(E29,1,20) -> GRUPO#1 Descripción | F42: =MID(E30,1,20) -> GRUPO#2 ¿CUALES SON | G42: =MID(E31,1,20) -> GRUPO#3 ¿Cuáles son | H42: =MID(E32,1,20) -> GRUPO#4
B43: 35 | C43: SHARONE JANNINE ORDOÑEZ ESCUDERO | E43: EDINSON ANDRES CASTRO PADILLA | F43: MARIA CRISTINA CAÑATE MERCADO | G43: YULEDIS BECERRA GOMEZ | H43: HELENA ISABEL ALVAREZ CORTINA
B44: 36 | C44: ISSAC DAVID ANGULO ZABALETA | E44: MATEO ANDRÉS CUESTA DÍAZ | F44: KARINA MARRUGO MEZA | G44: JULIO ALBERTO LANCHEROS PACHECO | H44: ANDREA KAROLAY CARRILLO GOMEZ
B45: 37 | C45: ANDRES FELIPE ARROYO PARRA | E45: LUKASS GIRALDO RAMIREZ | F45: HILARYS CAROLINA PATERNINA DONADO | G45: NELCY CAROLINA MEZA PÉREZ | H45: MELANY ANDREA FLÓREZ ALMANZA
B46: 38 | C46: DANNA ALEJANDRA CASTRO ESPINOSA | E46: LOREINES OSPINO HERNÁNDEZ | F46: MATEO QUINTANA SERNA | H46: JUAN SEBASTIAN PRENS BOSSIO
B47: 39 | C47: JUAN DAVID LOPEZ VIDES | E47: LAURA SOFÍA PÉREZ ARÉVALO | H47: ALEXANDER DUBAN PROTZKAR DE LA HOZ
B48: 40 | C48: ALEJANDRA MORENO VILLALOBO | E48: VALERY DANIELA SAENZ WATTS
B49: 41
B50: 42 | E50: =MID(E33,1,20) -> GRUPO#5 Cuáles son l | F50: =MID(E34,1,20) -> GRUPO#6 | G50: =MID(E35,1,20) -> GRUPO#7 CÓMO ES EL P | H50: =MID(E36,1,20) -> GRUPO#8 Análisis de
B51: 43 | E51: SIARA LUCIA CHAMS CARBALLO | F51: YEIDER SANTIAGO BOHORQUEZ GONZALEZ | G51: CARLOS JULIO LOPEZ ALEMAN | H51: YURI MAR FUENMAYOR OSORIO
B52: 44 | E52: LUCINDA GARCIA CASTRO | F52: ELIAN MANUEL PACHECO BELTRAN | G52: DYLAN ANDRES RANGEL LOPEZ | H52: YULEIDIS PAOLA MORENO DIAZ
B53: 45 | E53: SAMUEL DVID JULIO BARRIOS | F53: VALERIA PASTRANA ARRIETA | G53: SANTIAGO TANGARIFE PONCE | H53: SHARONE JANNINE ORDOÑEZ ESCUDERO
B54: 46 | E54: LAUREN CAROLINA MARTINEZ LICONA | F54: JUAN PABLO QUIJANO GUEVARA
B55: 47 | E55: ASLLY MARGARITA RINCON MATTOS | F55: JOSE ANGEL VALLEJO REALES
B56: 48 | F56: HENRY WILCHES DE LA ROSA
B57: 49
B58: 50 | E58: =MID(E37,1,20) -> GRUPO#9 | F58: =MID(E38,1,20) -> GRUPO#10 | G58: =MID(E39,1,20) -> GRUPO#11 | H58: =MID(E40,1,20) -> GRUPO#12
E59: ISSAC DAVID ANGULO ZABALETA
E60: ANDRES FELIPE ARROYO PARRA
E61: DANNA ALEJANDRA CASTRO ESPINOSA
E62: JUAN DAVID LOPEZ VIDES
E63: ALEJANDRA MORENO VILLALOBO

Sheet S-ASIG-01
A1: =LIDER!B2 -> TECNOLOGÍA EN GESTIÓN DE NEGOCIOS INTERN | I1: =LIDER!E2 -> SEMESTRE: | J1: =LIDER!F2 -> SEM-03 | K1: =LIDER!G2 -> SECCIÓN: | L1: =LIDER!H2 -> 3
B2: =LIDER!C4 -> LEGISLACION PARA EL COMERCIO | F2: CRITERIOS DE EVALUACIÓN
B3: Estudiantes | F3: =LIDER!E9 -> PRESENTACIÓN GENERAL: Adopta la norma APA, tamaño de la hoja, margenes, titulo, portadas, numeración de paginas, tabla de contenido automatizada, ortografia, justificacion del texto, citas automatizadas, listas, figuras,etc. | G3: =LIDER!E10 -> ANTEPROYECTO: Portada, planteamiento del problema, justificacion del trabajo o proyecto de aula, objetivos, marco teorico, diseño metodologico. | H3: =LIDER!E11 -> RESULTADOS: Analiza, integra y aplica de manera coherente los aspectos legales-tributarios, administrativos y tecnológicos en el desarrollo de la propuesta investigativa, evidenciando capacidad para generar soluciones viables, pertinentes y sostenibles. | I3: =LIDER!E12 -> BILIOGRAFIA: Las referencias bibliograficas: adoptan las normas APA. El documento es producto de un rastreo bibliografico que muestra analisis y sistensis. | J3: =LIDER!E13 -> ASESORIAS: Anexó la hoja de tutoria firmada ( 3 fimas minmimo). | K3: =LIDER!E14 -> 0 | L3: =LIDER!E15 -> 0
F4: =CONCATENATE(LIDER!C4," - ",LIDER!C6," - ",LIDER!C5) -> LEGISLACION PARA EL COMERCIO - 2489 - HAROLD ANTONIO CUADRO VELASQUEZ
B5: GRUPO#1 | C5: G01 | D5: LIST | E5: DEF | F5: =LIDER!$E$29 -> GRUPO#1 Descripción de los Aspectos Internacionales, Macroeconómicos, Legales, administrativos, aduaneros y tecnológicos de Progan del Caribe S.A.S
A6: 1 | B6: =LIDER!E43 -> EDINSON ANDRES CASTRO PADILLA | C6: =C5 -> G01 | E6: =IF(B6=0,0,IF(D6="",$F$6*LIDER!$H$9+$G$6*LIDER!$H$10+$H$6*LIDER!$H$11+$I$6*LIDER!$H$12+$J$6*LIDER!$H$13+$K$6*LIDER!$H$14+$L$6*LIDER!$H$15,"N")) -> 4.55 | F6: 4.5 | G6: 4.5 | H6: 4.5 | I6: 4.5 | J6: 5
A7: 2 | B7: =LIDER!E44 -> MATEO ANDRÉS CUESTA DÍAZ | C7: =C6 -> G01 | E7: =IF(B7=0,0,IF(D7="",$F$6*LIDER!$H$9+$G$6*LIDER!$H$10+$H$6*LIDER!$H$11+$I$6*LIDER!$H$12+$J$6*LIDER!$H$13+$K$6*LIDER!$H$14+$L$6*LIDER!$H$15,"N")) -> 4.55
A8: 3 | B8: =LIDER!E45 -> LUKASS GIRALDO RAMIREZ | C8: =C7 -> G01 | E8: =IF(B8=0,0,IF(D8="",$F$6*LIDER!$H$9+$G$6*LIDER!$H$10+$H$6*LIDER!$H$11+$I$6*LIDER!$H$12+$J$6*LIDER!$H$13+$K$6*LIDER!$H$14+$L$6*LIDER!$H$15,"N")) -> 4.55
A9: 4 | B9: =LIDER!E46 -> LOREINES OSPINO HERNÁNDEZ | C9: =C8 -> G01 | E9: =IF(B9=0,0,IF(D9="",$F$6*LIDER!$H$9+$G$6*LIDER!$H$10+$H$6*LIDER!$H$11+$I$6*LIDER!$H$12+$J$6*LIDER!$H$13+$K$6*LIDER!$H$14+$L$6*LIDER!$H$15,"N")) -> 4.55
A10: 5 | B10: =LIDER!E47 -> LAURA SOFÍA PÉREZ ARÉVALO | C10: =C9 -> G01 | E10: =IF(B10=0,0,IF(D10="",$F$6*LIDER!$H$9+$G$6*LIDER!$H$10+$H$6*LIDER!$H$11+$I$6*LIDER!$H$12+$J$6*LIDER!$H$13+$K$6*LIDER!$H$14+$L$6*LIDER!$H$15,"N")) -> 4.55
A11: 6 | B11: =LIDER!E48 -> VALERY DANIELA SAENZ WATTS | C11: =C10 -> G01 | E11: =IF(B11=0,0,IF(D11="",$F$6*LIDER!$H$9+$G$6*LIDER!$H$10+$H$6*LIDER!$H$11+$I$6*LIDER!$H$12+$J$6*LIDER!$H$13+$K$6*LIDER!$H$14+$L$6*LIDER!$H$15,"N")) -> 4.55
B12: GRUPO#2 | C12: G02 | D12: =D5 -> LIST | E12: DEF | F12: =LIDER!$E$30 -> GRUPO#2 ¿CUALES SON LOS ASPECTOS LEGALES, TRIBUTARIOS, ADMINISTRATIVOS, MACROECONOMICOS, ADUANEROS, TECNOLOGICOS E INTERNACIONALES QUE DEFINEN EL PERFIL DE LAS EMPRESA CEMENTOS ARGOS S.A EN LOS NEGOCIOS INTERNACIONALES?
A13: 1 | B13: =LIDER!F43 -> MARIA CRISTINA CAÑATE MERCADO | C13: =C12 -> G02 | E13: =IF(B13=0,0,IF(D13="",$F$13*LIDER!$H$9+$G$13*LIDER!$H$10+$H$13*LIDER!$H$11+$I$13*LIDER!$H$12+$J$13*LIDER!$H$13+$K$13*LIDER!$H$14+$L$13*LIDER!$H$15,"N")) -> 3.5 | F13: 4 | G13: 4 | H13: 4 | I13: 1 | J13: 5
A14: 2 | B14: =LIDER!F44 -> KARINA MARRUGO MEZA | C14: =C13 -> G02 | E14: =IF(B14=0,0,IF(D14="",$F$13*LIDER!$H$9+$G$13*LIDER!$H$10+$H$13*LIDER!$H$11+$I$13*LIDER!$H$12+$J$13*LIDER!$H$13+$K$13*LIDER!$H$14+$L$13*LIDER!$H$15,"N")) -> 3.5
A15: 3 | B15: =LIDER!F45 -> HILARYS CAROLINA PATERNINA DONADO | C15: =C14 -> G02 | E15: =IF(B15=0,0,IF(D15="",$F$13*LIDER!$H$9+$G$13*LIDER!$H$10+$H$13*LIDER!$H$11+$I$13*LIDER!$H$12+$J$13*LIDER!$H$13+$K$13*LIDER!$H$14+$L$13*LIDER!$H$15,"N")) -> 3.5
A16: 4 | B16: =LIDER!F46 -> MATEO QUINTANA SERNA | C16: =C15 -> G02 | E16: =IF(B16=0,0,IF(D16="",$F$13*LIDER!$H$9+$G$13*LIDER!$H$10+$H$13*LIDER!$H$11+$I$13*LIDER!$H$12+$J$13*LIDER!$H$13+$K$13*LIDER!$H$14+$L$13*LIDER!$H$15,"N")) -> 3.5
A17: 5 | B17: =LIDER!F47 -> 0 | C17: =C16 -> G02 | E17: =IF(B17=0,0,IF(D17="",$F$13*LIDER!$H$9+$G$13*LIDER!$H$10+$H$13*LIDER!$H$11+$I$13*LIDER!$H$12+$J$13*LIDER!$H$13+$K$13*LIDER!$H$14+$L$13*LIDER!$H$15,"N")) -> 0
A18: 6 | B18: =LIDER!F48 -> 0 | C18: =C17 -> G02 | E18: =IF(B18=0,0,IF(D18="",$F$13*LIDER!$H$9+$G$13*LIDER!$H$10+$H$13*LIDER!$H$11+$I$13*LIDER!$H$12+$J$13*LIDER!$H$13+$K$13*LIDER!$H$14+$L$13*LIDER!$H$15,"N")) -> 0
B19: GRUPO#3 | C19: G03 | D19: =D12 -> LIST | E19: DEF | F19: =LIDER!$E$31 -> GRUPO#3 ¿Cuáles son los aspectos legales, tributarios, administrativos, macroeconómicos, aduaneros, tecnológicos e internacionales que definen el perfil de expocafe en los negocios internacionales?
A20: 1 | B20: =LIDER!G43 -> YULEDIS BECERRA GOMEZ | C20: =C19 -> G03 | E20: =IF(B20=0,0,IF(D20="",$F$20*LIDER!$H$9+$G$20*LIDER!$H$10+$H$20*LIDER!$H$11+$I$20*LIDER!$H$12+$J$20*LIDER!$H$13+$K$20*LIDER!$H$14+$L$20*LIDER!$H$15,"N")) -> 2.08 | F20: 3.7 | G20: 3.7 | H20: 1 | I20: 1 | J20: 1
A21: 2 | B21: =LIDER!G44 -> JULIO ALBERTO LANCHEROS PACHECO | C21: =C20 -> G03 | E21: =IF(B21=0,0,IF(D21="",$F$20*LIDER!$H$9+$G$20*LIDER!$H$10+$H$20*LIDER!$H$11+$I$20*LIDER!$H$12+$J$20*LIDER!$H$13+$K$20*LIDER!$H$14+$L$20*LIDER!$H$15,"N")) -> 2.08
A22: 3 | B22: =LIDER!G45 -> NELCY CAROLINA MEZA PÉREZ | C22: =C21 -> G03 | E22: =IF(B22=0,0,IF(D22="",$F$20*LIDER!$H$9+$G$20*LIDER!$H$10+$H$20*LIDER!$H$11+$I$20*LIDER!$H$12+$J$20*LIDER!$H$13+$K$20*LIDER!$H$14+$L$20*LIDER!$H$15,"N")) -> 2.08
A23: 4 | B23: =LIDER!G46 -> 0 | C23: =C22 -> G03 | E23: =IF(B23=0,0,IF(D23="",$F$20*LIDER!$H$9+$G$20*LIDER!$H$10+$H$20*LIDER!$H$11+$I$20*LIDER!$H$12+$J$20*LIDER!$H$13+$K$20*LIDER!$H$14+$L$20*LIDER!$H$15,"N")) -> 0
A24: 5 | B24: =LIDER!G47 -> 0 | C24: =C23 -> G03 | E24: =IF(B24=0,0,IF(D24="",$F$20*LIDER!$H$9+$G$20*LIDER!$H$10+$H$20*LIDER!$H$11+$I$20*LIDER!$H$12+$J$20*LIDER!$H$13+$K$20*LIDER!$H$14+$L$20*LIDER!$H$15,"N")) -> 0
A25: 6 | B25: =LIDER!G48 -> 0 | C25: =C24 -> G03 | E25: =IF(B25=0,0,IF(D25="",$F$20*LIDER!$H$9+$G$20*LIDER!$H$10+$H$20*LIDER!$H$11+$I$20*LIDER!$H$12+$J$20*LIDER!$H$13+$K$20*LIDER!$H$14+$L$20*LIDER!$H$15,"N")) -> 0
B26: GRUPO#4 | C26: G04 | D26: =D19 -> LIST | E26: DEF | F26: =LIDER!$E$32 -> GRUPO#4
A27: 1 | B27: =LIDER!H43 -> HELENA ISABEL ALVAREZ CORTINA | C27: =C26 -> G04 | E27: =IF(B27=0,0,IF(D27="",$F$27*LIDER!$H$9+$G$27*LIDER!$H$10+$H$27*LIDER!$H$11+$I$27*LIDER!$H$12+$J$27*LIDER!$H$13+$K$27*LIDER!$H$14+$L$27*LIDER!$H$15,"N")) -> 3.24 | F27: 4 | G27: 4.2 | H27: 3 | I27: 1 | J27: 5
A28: 2 | B28: =LIDER!H44 -> ANDREA KAROLAY CARRILLO GOMEZ | C28: =C27 -> G04 | E28: =IF(B28=0,0,IF(D28="",$F$27*LIDER!$H$9+$G$27*LIDER!$H$10+$H$27*LIDER!$H$11+$I$27*LIDER!$H$12+$J$27*LIDER!$H$13+$K$27*LIDER!$H$14+$L$27*LIDER!$H$15,"N")) -> 3.24
A29: 3 | B29: =LIDER!H45 -> MELANY ANDREA FLÓREZ ALMANZA | C29: =C28 -> G04 | E29: =IF(B29=0,0,IF(D29="",$F$27*LIDER!$H$9+$G$27*LIDER!$H$10+$H$27*LIDER!$H$11+$I$27*LIDER!$H$12+$J$27*LIDER!$H$13+$K$27*LIDER!$H$14+$L$27*LIDER!$H$15,"N")) -> 3.24
A30: 4 | B30: =LIDER!H46 -> JUAN SEBASTIAN PRENS BOSSIO | C30: =C29 -> G04 | E30: =IF(B30=0,0,IF(D30="",$F$27*LIDER!$H$9+$G$27*LIDER!$H$10+$H$27*LIDER!$H$11+$I$27*LIDER!$H$12+$J$27*LIDER!$H$13+$K$27*LIDER!$H$14+$L$27*LIDER!$H$15,"N")) -> 3.24
A31: 5 | B31: =LIDER!H47 -> ALEXANDER DUBAN PROTZKAR DE LA HOZ | C31: =C30 -> G04 | E31: =IF(B31=0,0,IF(D31="",$F$27*LIDER!$H$9+$G$27*LIDER!$H$10+$H$27*LIDER!$H$11+$I$27*LIDER!$H$12+$J$27*LIDER!$H$13+$K$27*LIDER!$H$14+$L$27*LIDER!$H$15,"N")) -> 3.24
A32: 6 | B32: =LIDER!H48 -> 0 | C32: =C31 -> G04 | E32: =IF(B32=0,0,IF(D32="",$F$27*LIDER!$H$9+$G$27*LIDER!$H$10+$H$27*LIDER!$H$11+$I$27*LIDER!$H$12+$J$27*LIDER!$H$13+$K$27*LIDER!$H$14+$L$27*LIDER!$H$15,"N")) -> 0
B33: GRUPO#5 | C33: G05 | D33: =D26 -> LIST | E33: DEF | F33: =LIDER!$E$33 -> GRUPO#5 Cuáles son los aspectos legales, tributarios, administrativos, macroeconómicos, aduaneros, tecnológicos e internacionales que definen el perfil de la empresa Colombina S.A. en los negocios internacionales
A34: 1 | B34: =LIDER!E51 -> SIARA LUCIA CHAMS CARBALLO | C34: =C33 -> G05 | E34: =IF(B34=0,0,IF(D34="",$F$34*LIDER!$H$9+$G$34*LIDER!$H$10+$H$34*LIDER!$H$11+$I$34*LIDER!$H$12+$J$34*LIDER!$H$13+$K$34*LIDER!$H$14+$L$34*LIDER!$H$15,"N")) -> 3.76 | F34: 3.5 | G34: 3.8 | H34: 4 | I34: 3.5 | J34: 4
A35: 2 | B35: =LIDER!E52 -> LUCINDA GARCIA CASTRO | C35: =C34 -> G05 | E35: =IF(B35=0,0,IF(D35="",$F$34*LIDER!$H$9+$G$34*LIDER!$H$10+$H$34*LIDER!$H$11+$I$34*LIDER!$H$12+$J$34*LIDER!$H$13+$K$34*LIDER!$H$14+$L$34*LIDER!$H$15,"N")) -> 3.76
A36: 3 | B36: =LIDER!E53 -> SAMUEL DVID JULIO BARRIOS | C36: =C35 -> G05 | E36: =IF(B36=0,0,IF(D36="",$F$34*LIDER!$H$9+$G$34*LIDER!$H$10+$H$34*LIDER!$H$11+$I$34*LIDER!$H$12+$J$34*LIDER!$H$13+$K$34*LIDER!$H$14+$L$34*LIDER!$H$15,"N")) -> 3.76
A37: 4 | B37: =LIDER!E54 -> LAUREN CAROLINA MARTINEZ LICONA | C37: =C36 -> G05 | E37: =IF(B37=0,0,IF(D37="",$F$34*LIDER!$H$9+$G$34*LIDER!$H$10+$H$34*LIDER!$H$11+$I$34*LIDER!$H$12+$J$34*LIDER!$H$13+$K$34*LIDER!$H$14+$L$34*LIDER!$H$15,"N")) -> 3.76
A38: 5 | B38: =LIDER!E55 -> ASLLY MARGARITA RINCON MATTOS | C38: =C37 -> G05 | E38: =IF(B38=0,0,IF(D38="",$F$34*LIDER!$H$9+$G$34*LIDER!$H$10+$H$34*LIDER!$H$11+$I$34*LIDER!$H$12+$J$34*LIDER!$H$13+$K$34*LIDER!$H$14+$L$34*LIDER!$H$15,"N")) -> 3.76
A39: 6 | B39: =LIDER!E56 -> 0 | C39: =C38 -> G05 | E39: =IF(B39=0,0,IF(D39="",$F$34*LIDER!$H$9+$G$34*LIDER!$H$10+$H$34*LIDER!$H$11+$I$34*LIDER!$H$12+$J$34*LIDER!$H$13+$K$34*LIDER!$H$14+$L$34*LIDER!$H$15,"N")) -> 0
B40: GRUPO#6 | C40: G06 | D40: =D33 -> LIST | E40: DEF | F40: =LIDER!$E$34 -> GRUPO#6
A41: 1 | B41: =LIDER!F51 -> YEIDER SANTIAGO BOHORQUEZ GONZALEZ | C41: =C40 -> G06 | E41: =IF(B41=0,0,IF(D41="",$F$41*LIDER!$H$9+$G$41*LIDER!$H$10+$H$41*LIDER!$H$11+$I$41*LIDER!$H$12+$J$41*LIDER!$H$13+$K$41*LIDER!$H$14+$L$41*LIDER!$H$15,"N")) -> 2.7 | F41: 3.5 | G41: 3.5 | H41: 2 | I41: 3.5 | J41: 0
A42: 2 | B42: =LIDER!F52 -> ELIAN MANUEL PACHECO BELTRAN | C42: =C41 -> G06 | E42: =IF(B42=0,0,IF(D42="",$F$41*LIDER!$H$9+$G$41*LIDER!$H$10+$H$41*LIDER!$H$11+$I$41*LIDER!$H$12+$J$41*LIDER!$H$13+$K$41*LIDER!$H$14+$L$41*LIDER!$H$15,"N")) -> 2.7
A43: 3 | B43: =LIDER!F53 -> VALERIA PASTRANA ARRIETA | C43: =C42 -> G06 | E43: =IF(B43=0,0,IF(D43="",$F$41*LIDER!$H$9+$G$41*LIDER!$H$10+$H$41*LIDER!$H$11+$I$41*LIDER!$H$12+$J$41*LIDER!$H$13+$K$41*LIDER!$H$14+$L$41*LIDER!$H$15,"N")) -> 2.7
A44: 4 | B44: =LIDER!F54 -> JUAN PABLO QUIJANO GUEVARA | C44: =C43 -> G06 | E44: =IF(B44=0,0,IF(D44="",$F$41*LIDER!$H$9+$G$41*LIDER!$H$10+$H$41*LIDER!$H$11+$I$41*LIDER!$H$12+$J$41*LIDER!$H$13+$K$41*LIDER!$H$14+$L$41*LIDER!$H$15,"N")) -> 2.7
A45: 5 | B45: =LIDER!F55 -> JOSE ANGEL VALLEJO REALES | C45: =C44 -> G06 | E45: =IF(B45=0,0,IF(D45="",$F$41*LIDER!$H$9+$G$41*LIDER!$H$10+$H$41*LIDER!$H$11+$I$41*LIDER!$H$12+$J$41*LIDER!$H$13+$K$41*LIDER!$H$14+$L$41*LIDER!$H$15,"N")) -> 2.7
A46: 6 | B46: =LIDER!F56 -> HENRY WILCHES DE LA ROSA | C46: =C45 -> G06 | E46: =IF(B46=0,0,IF(D46="",$F$41*LIDER!$H$9+$G$41*LIDER!$H$10+$H$41*LIDER!$H$11+$I$41*LIDER!$H$12+$J$41*LIDER!$H$13+$K$41*LIDER!$H$14+$L$41*LIDER!$H$15,"N")) -> 2.7
B47: GRUPO#7 | C47: G07 | D47: =D40 -> LIST | E47: DEF | F47: =LIDER!$E$35 -> GRUPO#7 CÓMO ES EL PERFIL DE DRUMMOND EN LOS NEGOCIOS INTERNACIONALES TENIENDO EN CUENTA LOS ASPECTOS LEGALES, TRIBUTARIOS, ADMINISTRATIVOS, MACROECONÓMICOS, ADUANEROS, TECNOLÓGICOS E INTERNACIONALES
A48: 1 | B48: =LIDER!G51 -> CARLOS JULIO LOPEZ ALEMAN | C48: =C47 -> G07 | E48: =IF(B48=0,0,IF(D48="",$F$48*LIDER!$H$9+$G$48*LIDER!$H$10+$H$48*LIDER!$H$11+$I$48*LIDER!$H$12+$J$48*LIDER!$H$13+$K$48*LIDER!$H$14+$L$48*LIDER!$H$15,"N")) -> 3.3 | F48: 4 | G48: 4 | H48: 3 | I48: 4 | J48: 0
A49: 2 | B49: =LIDER!G52 -> DYLAN ANDRES RANGEL LOPEZ | C49: =C48 -> G07 | E49: =IF(B49=0,0,IF(D49="",$F$48*LIDER!$H$9+$G$48*LIDER!$H$10+$H$48*LIDER!$H$11+$I$48*LIDER!$H$12+$J$48*LIDER!$H$13+$K$48*LIDER!$H$14+$L$48*LIDER!$H$15,"N")) -> 3.3
A50: 3 | B50: =LIDER!G53 -> SANTIAGO TANGARIFE PONCE | C50: =C49 -> G07 | E50: =IF(B50=0,0,IF(D50="",$F$48*LIDER!$H$9+$G$48*LIDER!$H$10+$H$48*LIDER!$H$11+$I$48*LIDER!$H$12+$J$48*LIDER!$H$13+$K$48*LIDER!$H$14+$L$48*LIDER!$H$15,"N")) -> 3.3
A51: 4 | B51: =LIDER!G54 -> 0 | C51: =C50 -> G07 | E51: =IF(B51=0,0,IF(D51="",$F$48*LIDER!$H$9+$G$48*LIDER!$H$10+$H$48*LIDER!$H$11+$I$48*LIDER!$H$12+$J$48*LIDER!$H$13+$K$48*LIDER!$H$14+$L$48*LIDER!$H$15,"N")) -> 0
A52: 5 | B52: =LIDER!G55 -> 0 | C52: =C51 -> G07 | E52: =IF(B52=0,0,IF(D52="",$F$48*LIDER!$H$9+$G$48*LIDER!$H$10+$H$48*LIDER!$H$11+$I$48*LIDER!$H$12+$J$48*LIDER!$H$13+$K$48*LIDER!$H$14+$L$48*LIDER!$H$15,"N")) -> 0
A53: 6 | B53: =LIDER!G56 -> 0 | C53: =C52 -> G07 | E53: =IF(B53=0,0,IF(D53="",$F$48*LIDER!$H$9+$G$48*LIDER!$H$10+$H$48*LIDER!$H$11+$I$48*LIDER!$H$12+$J$48*LIDER!$H$13+$K$48*LIDER!$H$14+$L$48*LIDER!$H$15,"N")) -> 0
B54: GRUPO#8 | C54: G08 | D54: =D47 -> LIST | E54: DEF | F54: =LIDER!$E$36 -> GRUPO#8 Análisis de los aspectos legales, tributarios, administrativos, macroeconómicos, aduaneros, tecnológicos e internacionales que definen el perfil de The Coca-Cola Company
A55: 1 | B55: =LIDER!H51 -> YURI MAR FUENMAYOR OSORIO | C55: =C54 -> G08 | E55: =IF(B55=0,0,IF(D55="",$F$55*LIDER!$H$9+$G$55*LIDER!$H$10+$H$55*LIDER!$H$11+$I$55*LIDER!$H$12+$J$55*LIDER!$H$13+$K$55*LIDER!$H$14+$L$55*LIDER!$H$15,"N")) -> 4.26 | F55: 4.2 | G55: 4.2 | H55: 4 | I55: 4.4 | J55: 5
A56: 2 | B56: =LIDER!H52 -> YULEIDIS PAOLA MORENO DIAZ | C56: =C55 -> G08 | E56: =IF(B56=0,0,IF(D56="",$F$55*LIDER!$H$9+$G$55*LIDER!$H$10+$H$55*LIDER!$H$11+$I$55*LIDER!$H$12+$J$55*LIDER!$H$13+$K$55*LIDER!$H$14+$L$55*LIDER!$H$15,"N")) -> 4.26
A57: 3 | B57: =LIDER!H53 -> SHARONE JANNINE ORDOÑEZ ESCUDERO | C57: =C56 -> G08 | E57: =IF(B57=0,0,IF(D57="",$F$55*LIDER!$H$9+$G$55*LIDER!$H$10+$H$55*LIDER!$H$11+$I$55*LIDER!$H$12+$J$55*LIDER!$H$13+$K$55*LIDER!$H$14+$L$55*LIDER!$H$15,"N")) -> 4.26
A58: 4 | B58: =LIDER!H54 -> 0 | C58: =C57 -> G08 | E58: =IF(B58=0,0,IF(D58="",$F$55*LIDER!$H$9+$G$55*LIDER!$H$10+$H$55*LIDER!$H$11+$I$55*LIDER!$H$12+$J$55*LIDER!$H$13+$K$55*LIDER!$H$14+$L$55*LIDER!$H$15,"N")) -> 0
A59: 5 | B59: =LIDER!H55 -> 0 | C59: =C58 -> G08 | E59: =IF(B59=0,0,IF(D59="",$F$55*LIDER!$H$9+$G$55*LIDER!$H$10+$H$55*LIDER!$H$11+$I$55*LIDER!$H$12+$J$55*LIDER!$H$13+$K$55*LIDER!$H$14+$L$55*LIDER!$H$15,"N")) -> 0
A60: 6 | B60: =LIDER!H56 -> 0 | C60: =C59 -> G08 | E60: =IF(B60=0,0,IF(D60="",$F$55*LIDER!$H$9+$G$55*LIDER!$H$10+$H$55*LIDER!$H$11+$I$55*LIDER!$H$12+$J$55*LIDER!$H$13+$K$55*LIDER!$H$14+$L$55*LIDER!$H$15,"N")) -> 0
B61: GRUPO#9 | C61: G09 | D61: =D54 -> LIST | E61: DEF | F61: =LIDER!$E$37 -> GRUPO#9
A62: 1 | B62: =LIDER!E59 -> ISSAC DAVID ANGULO ZABALETA | C62: =C61 -> G09 | E62: =IF(B62=0,0,IF(D62="",$F$62*LIDER!$H$9+$G$62*LIDER!$H$10+$H$62*LIDER!$H$11+$I$62*LIDER!$H$12+$J$62*LIDER!$H$13+$K$62*LIDER!$H$14+$L$62*LIDER!$H$15,"N")) -> 3.12 | F62: 4 | G62: 4 | H62: 3 | I62: 1 | J62: 4.2
A63: 2 | B63: =LIDER!E60 -> ANDRES FELIPE ARROYO PARRA | C63: =C62 -> G09 | E63: =IF(B63=0,0,IF(D63="",$F$62*LIDER!$H$9+$G$62*LIDER!$H$10+$H$62*LIDER!$H$11+$I$62*LIDER!$H$12+$J$62*LIDER!$H$13+$K$62*LIDER!$H$14+$L$62*LIDER!$H$15,"N")) -> 3.12
A64: 3 | B64: =LIDER!E61 -> DANNA ALEJANDRA CASTRO ESPINOSA | C64: =C63 -> G09 | E64: =IF(B64=0,0,IF(D64="",$F$62*LIDER!$H$9+$G$62*LIDER!$H$10+$H$62*LIDER!$H$11+$I$62*LIDER!$H$12+$J$62*LIDER!$H$13+$K$62*LIDER!$H$14+$L$62*LIDER!$H$15,"N")) -> 3.12
A65: 4 | B65: =LIDER!E62 -> JUAN DAVID LOPEZ VIDES | C65: =C64 -> G09 | E65: =IF(B65=0,0,IF(D65="",$F$62*LIDER!$H$9+$G$62*LIDER!$H$10+$H$62*LIDER!$H$11+$I$62*LIDER!$H$12+$J$62*LIDER!$H$13+$K$62*LIDER!$H$14+$L$62*LIDER!$H$15,"N")) -> 3.12
A66: 5 | B66: =LIDER!E63 -> ALEJANDRA MORENO VILLALOBO | C66: =C65 -> G09 | E66: =IF(B66=0,0,IF(D66="",$F$62*LIDER!$H$9+$G$62*LIDER!$H$10+$H$62*LIDER!$H$11+$I$62*LIDER!$H$12+$J$62*LIDER!$H$13+$K$62*LIDER!$H$14+$L$62*LIDER!$H$15,"N")) -> 3.12
A67: 6 | B67: =LIDER!E64 -> 0 | C67: =C66 -> G09 | E67: =IF(B67=0,0,IF(D67="",$F$62*LIDER!$H$9+$G$62*LIDER!$H$10+$H$62*LIDER!$H$11+$I$62*LIDER!$H$12+$J$62*LIDER!$H$13+$K$62*LIDER!$H$14+$L$62*LIDER!$H$15,"N")) -> 0
B68: GRUPO#10 | C68: G10 | D68: =D61 -> LIST | E68: DEF | F68: =LIDER!$E$38 -> GRUPO#10
A69: 1 | B69: =LIDER!F59 -> 0 | C69: =C68 -> G10 | D69: N | E69: =IF(B69=0,0,IF(D69="",$F$69*LIDER!$H$9+$G$69*LIDER!$H$10+$H$69*LIDER!$H$11+$I$69*LIDER!$H$12+$J$69*LIDER!$H$13+$K$69*LIDER!$H$14+$L$69*LIDER!$H$15,"N")) -> 0
A70: 2 | B70: =LIDER!F60 -> 0 | C70: =C69 -> G10 | D70: N | E70: =IF(B70=0,0,IF(D70="",$F$69*LIDER!$H$9+$G$69*LIDER!$H$10+$H$69*LIDER!$H$11+$I$69*LIDER!$H$12+$J$69*LIDER!$H$13+$K$69*LIDER!$H$14+$L$69*LIDER!$H$15,"N")) -> 0
A71: 3 | B71: =LIDER!F61 -> 0 | C71: =C70 -> G10 | D71: N | E71: =IF(B71=0,0,IF(D71="",$F$69*LIDER!$H$9+$G$69*LIDER!$H$10+$H$69*LIDER!$H$11+$I$69*LIDER!$H$12+$J$69*LIDER!$H$13+$K$69*LIDER!$H$14+$L$69*LIDER!$H$15,"N")) -> 0
A72: 4 | B72: =LIDER!F62 -> 0 | C72: =C71 -> G10 | E72: =IF(B72=0,0,IF(D72="",$F$69*LIDER!$H$9+$G$69*LIDER!$H$10+$H$69*LIDER!$H$11+$I$69*LIDER!$H$12+$J$69*LIDER!$H$13+$K$69*LIDER!$H$14+$L$69*LIDER!$H$15,"N")) -> 0
A73: 5 | B73: =LIDER!F63 -> 0 | C73: =C72 -> G10 | E73: =IF(B73=0,0,IF(D73="",$F$69*LIDER!$H$9+$G$69*LIDER!$H$10+$H$69*LIDER!$H$11+$I$69*LIDER!$H$12+$J$69*LIDER!$H$13+$K$69*LIDER!$H$14+$L$69*LIDER!$H$15,"N")) -> 0
A74: 6 | B74: =LIDER!F64 -> 0 | C74: =C73 -> G10 | E74: =IF(B74=0,0,IF(D74="",$F$69*LIDER!$H$9+$G$69*LIDER!$H$10+$H$69*LIDER!$H$11+$I$69*LIDER!$H$12+$J$69*LIDER!$H$13+$K$69*LIDER!$H$14+$L$69*LIDER!$H$15,"N")) -> 0
B75: GRUPO#11 | C75: G11 | D75: =D68 -> LIST | E75: DEF | F75: =LIDER!$E$39 -> GRUPO#11
A76: 1 | B76: =LIDER!G59 -> 0 | C76: =C75 -> G11 | E76: =IF(B76=0,0,IF(D76="",$F$76*LIDER!$H$9+$G$76*LIDER!$H$10+$H$76*LIDER!$H$11+$I$76*LIDER!$H$12+$J$76*LIDER!$H$13+$K$76*LIDER!$H$14+$L$76*LIDER!$H$15,"N")) -> 0
A77: 2 | B77: =LIDER!G60 -> 0 | C77: =C76 -> G11 | E77: =IF(B77=0,0,IF(D77="",$F$76*LIDER!$H$9+$G$76*LIDER!$H$10+$H$76*LIDER!$H$11+$I$76*LIDER!$H$12+$J$76*LIDER!$H$13+$K$76*LIDER!$H$14+$L$76*LIDER!$H$15,"N")) -> 0
A78: 3 | B78: =LIDER!G61 -> 0 | C78: =C77 -> G11 | E78: =IF(B78=0,0,IF(D78="",$F$76*LIDER!$H$9+$G$76*LIDER!$H$10+$H$76*LIDER!$H$11+$I$76*LIDER!$H$12+$J$76*LIDER!$H$13+$K$76*LIDER!$H$14+$L$76*LIDER!$H$15,"N")) -> 0
A79: 4 | B79: =LIDER!G62 -> 0 | C79: =C78 -> G11 | E79: =IF(B79=0,0,IF(D79="",$F$76*LIDER!$H$9+$G$76*LIDER!$H$10+$H$76*LIDER!$H$11+$I$76*LIDER!$H$12+$J$76*LIDER!$H$13+$K$76*LIDER!$H$14+$L$76*LIDER!$H$15,"N")) -> 0
A80: 5 | B80: =LIDER!G63 -> 0 | C80: =C79 -> G11 | E80: =IF(B80=0,0,IF(D80="",$F$76*LIDER!$H$9+$G$76*LIDER!$H$10+$H$76*LIDER!$H$11+$I$76*LIDER!$H$12+$J$76*LIDER!$H$13+$K$76*LIDER!$H$14+$L$76*LIDER!$H$15,"N")) -> 0
A81: 6 | B81: =LIDER!G64 -> 0 | C81: =C80 -> G11 | E81: =IF(B81=0,0,IF(D81="",$F$76*LIDER!$H$9+$G$76*LIDER!$H$10+$H$76*LIDER!$H$11+$I$76*LIDER!$H$12+$J$76*LIDER!$H$13+$K$76*LIDER!$H$14+$L$76*LIDER!$H$15,"N")) -> 0
B82: GRUPO#12 | C82: G12 | D82: =D75 -> LIST | E82: DEF | F82: =LIDER!$E$40 -> GRUPO#12
A83: 1 | B83: =LIDER!H59 -> 0 | C83: =C82 -> G12 | E83: =IF(B83=0,0,IF(D83="",$F$83*LIDER!$H$9+$G$83*LIDER!$H$10+$H$83*LIDER!$H$11+$I$83*LIDER!$H$12+$J$83*LIDER!$H$13+$K$83*LIDER!$H$14+$L$83*LIDER!$H$15,"N")) -> 0
A84: 2 | B84: =LIDER!H60 -> 0 | C84: =C83 -> G12 | E84: =IF(B84=0,0,IF(D84="",$F$83*LIDER!$H$9+$G$83*LIDER!$H$10+$H$83*LIDER!$H$11+$I$83*LIDER!$H$12+$J$83*LIDER!$H$13+$K$83*LIDER!$H$14+$L$83*LIDER!$H$15,"N")) -> 0
A85: 3 | B85: =LIDER!H61 -> 0 | C85: =C84 -> G12 | E85: =IF(B85=0,0,IF(D85="",$F$83*LIDER!$H$9+$G$83*LIDER!$H$10+$H$83*LIDER!$H$11+$I$83*LIDER!$H$12+$J$83*LIDER!$H$13+$K$83*LIDER!$H$14+$L$83*LIDER!$H$15,"N")) -> 0
A86: 4 | B86: =LIDER!H62 -> 0 | C86: =C85 -> G12 | E86: =IF(B86=0,0,IF(D86="",$F$83*LIDER!$H$9+$G$83*LIDER!$H$10+$H$83*LIDER!$H$11+$I$83*LIDER!$H$12+$J$83*LIDER!$H$13+$K$83*LIDER!$H$14+$L$83*LIDER!$H$15,"N")) -> 0
A87: 5 | B87: =LIDER!H63 -> 0 | C87: =C86 -> G12 | E87: =IF(B87=0,0,IF(D87="",$F$83*LIDER!$H$9+$G$83*LIDER!$H$10+$H$83*LIDER!$H$11+$I$83*LIDER!$H$12+$J$83*LIDER!$H$13+$K$83*LIDER!$H$14+$L$83*LIDER!$H$15,"N")) -> 0
A88: 6 | B88: =LIDER!H64 -> 0 | C88: =C87 -> G12 | E88: =IF(B88=0,0,IF(D88="",$F$83*LIDER!$H$9+$G$83*LIDER!$H$10+$H$83*LIDER!$H$11+$I$83*LIDER!$H$12+$J$83*LIDER!$H$13+$K$83*LIDER!$H$14+$L$83*LIDER!$H$15,"N")) -> 0

Sheet S-ASIG-02
A1: =LIDER!B2 -> TECNOLOGÍA EN GESTIÓN DE NEGOCIOS INTERN | I1: =LIDER!E2 -> SEMESTRE: | J1: =LIDER!F2 -> SEM-03 | K1: =LIDER!G2 -> SECCIÓN: | L1: =LIDER!H2 -> 3
B2: =LIDER!D4 -> TECNOLOGIA APLICADA | F2: CRITERIOS DE EVALUACIÓN
B3: Estudiantes | F3: =LIDER!E9 -> PRESENTACIÓN GENERAL: Adopta la norma APA, tamaño de la hoja, margenes, titulo, portadas, numeración de paginas, tabla de contenido automatizada, ortografia, justificacion del texto, citas automatizadas, listas, figuras,etc. | G3: =LIDER!E10 -> ANTEPROYECTO: Portada, planteamiento del problema, justificacion del trabajo o proyecto de aula, objetivos, marco teorico, diseño metodologico. | H3: =LIDER!E11 -> RESULTADOS: Analiza, integra y aplica de manera coherente los aspectos legales-tributarios, administrativos y tecnológicos en el desarrollo de la propuesta investigativa, evidenciando capacidad para generar soluciones viables, pertinentes y sostenibles. | I3: =LIDER!E12 -> BILIOGRAFIA: Las referencias bibliograficas: adoptan las normas APA. El documento es producto de un rastreo bibliografico que muestra analisis y sistensis. | J3: =LIDER!E13 -> ASESORIAS: Anexó la hoja de tutoria firmada ( 3 fimas minmimo). | K3: =LIDER!E14 -> 0 | L3: =LIDER!E15 -> 0
F4: =CONCATENATE(LIDER!D4," - ",LIDER!D6," - ",LIDER!D5) -> TECNOLOGIA APLICADA - 2387 - ARMANDO ACOSTA JULIO
B5: GRUPO#1 | C5: G01 | D5: LIST | E5: DEF | F5: =LIDER!$E$29 -> GRUPO#1 Descripción de los Aspectos Internacionales, Macroeconómicos, Legales, administrativos, aduaneros y tecnológicos de Progan del Caribe S.A.S
A6: 1 | B6: =LIDER!E43 -> EDINSON ANDRES CASTRO PADILLA | C6: =C5 -> G01 | E6: =IF(B6=0,0,IF(D6="",$F$6*LIDER!$H$9+$G$6*LIDER!$H$10+$H$6*LIDER!$H$11+$I$6*LIDER!$H$12+$J$6*LIDER!$H$13+$K$6*LIDER!$H$14+$L$6*LIDER!$H$15,"N")) -> 4.49 | F6: 4.5 | G6: 4.5 | H6: 4.3 | I6: 4.5 | J6: 5
A7: 2 | B7: =LIDER!E44 -> MATEO ANDRÉS CUESTA DÍAZ | C7: =C6 -> G01 | E7: =IF(B7=0,0,IF(D7="",$F$6*LIDER!$H$9+$G$6*LIDER!$H$10+$H$6*LIDER!$H$11+$I$6*LIDER!$H$12+$J$6*LIDER!$H$13+$K$6*LIDER!$H$14+$L$6*LIDER!$H$15,"N")) -> 4.49
A8: 3 | B8: =LIDER!E45 -> LUKASS GIRALDO RAMIREZ | C8: =C7 -> G01 | E8: =IF(B8=0,0,IF(D8="",$F$6*LIDER!$H$9+$G$6*LIDER!$H$10+$H$6*LIDER!$H$11+$I$6*LIDER!$H$12+$J$6*LIDER!$H$13+$K$6*LIDER!$H$14+$L$6*LIDER!$H$15,"N")) -> 4.49
A9: 4 | B9: =LIDER!E46 -> LOREINES OSPINO HERNÁNDEZ | C9: =C8 -> G01 | E9: =IF(B9=0,0,IF(D9="",$F$6*LIDER!$H$9+$G$6*LIDER!$H$10+$H$6*LIDER!$H$11+$I$6*LIDER!$H$12+$J$6*LIDER!$H$13+$K$6*LIDER!$H$14+$L$6*LIDER!$H$15,"N")) -> 4.49
A10: 5 | B10: =LIDER!E47 -> LAURA SOFÍA PÉREZ ARÉVALO | C10: =C9 -> G01 | E10: =IF(B10=0,0,IF(D10="",$F$6*LIDER!$H$9+$G$6*LIDER!$H$10+$H$6*LIDER!$H$11+$I$6*LIDER!$H$12+$J$6*LIDER!$H$13+$K$6*LIDER!$H$14+$L$6*LIDER!$H$15,"N")) -> 4.49
A11: 6 | B11: =LIDER!E48 -> VALERY DANIELA SAENZ WATTS | C11: =C10 -> G01 | E11: =IF(B11=0,0,IF(D11="",$F$6*LIDER!$H$9+$G$6*LIDER!$H$10+$H$6*LIDER!$H$11+$I$6*LIDER!$H$12+$J$6*LIDER!$H$13+$K$6*LIDER!$H$14+$L$6*LIDER!$H$15,"N")) -> 4.49
B12: GRUPO#2 | C12: G02 | D12: =D5 -> LIST | E12: DEF | F12: =LIDER!$E$30 -> GRUPO#2 ¿CUALES SON LOS ASPECTOS LEGALES, TRIBUTARIOS, ADMINISTRATIVOS, MACROECONOMICOS, ADUANEROS, TECNOLOGICOS E INTERNACIONALES QUE DEFINEN EL PERFIL DE LAS EMPRESA CEMENTOS ARGOS S.A EN LOS NEGOCIOS INTERNACIONALES?
A13: 1 | B13: =LIDER!F43 -> MARIA CRISTINA CAÑATE MERCADO | C13: =C12 -> G02 | E13: =IF(B13=0,0,IF(D13="",$F$13*LIDER!$H$9+$G$13*LIDER!$H$10+$H$13*LIDER!$H$11+$I$13*LIDER!$H$12+$J$13*LIDER!$H$13+$K$13*LIDER!$H$14+$L$13*LIDER!$H$15,"N")) -> 3.7 | F13: 4 | G13: 4 | H13: 3 | I13: 4 | J13: 4
A14: 2 | B14: =LIDER!F44 -> KARINA MARRUGO MEZA | C14: =C13 -> G02 | E14: =IF(B14=0,0,IF(D14="",$F$13*LIDER!$H$9+$G$13*LIDER!$H$10+$H$13*LIDER!$H$11+$I$13*LIDER!$H$12+$J$13*LIDER!$H$13+$K$13*LIDER!$H$14+$L$13*LIDER!$H$15,"N")) -> 3.7
A15: 3 | B15: =LIDER!F45 -> HILARYS CAROLINA PATERNINA DONADO | C15: =C14 -> G02 | E15: =IF(B15=0,0,IF(D15="",$F$13*LIDER!$H$9+$G$13*LIDER!$H$10+$H$13*LIDER!$H$11+$I$13*LIDER!$H$12+$J$13*LIDER!$H$13+$K$13*LIDER!$H$14+$L$13*LIDER!$H$15,"N")) -> 3.7
A16: 4 | B16: =LIDER!F46 -> MATEO QUINTANA SERNA | C16: =C15 -> G02 | E16: =IF(B16=0,0,IF(D16="",$F$13*LIDER!$H$9+$G$13*LIDER!$H$10+$H$13*LIDER!$H$11+$I$13*LIDER!$H$12+$J$13*LIDER!$H$13+$K$13*LIDER!$H$14+$L$13*LIDER!$H$15,"N")) -> 3.7
A17: 5 | B17: =LIDER!F47 -> 0 | C17: =C16 -> G02 | E17: =IF(B17=0,0,IF(D17="",$F$13*LIDER!$H$9+$G$13*LIDER!$H$10+$H$13*LIDER!$H$11+$I$13*LIDER!$H$12+$J$13*LIDER!$H$13+$K$13*LIDER!$H$14+$L$13*LIDER!$H$15,"N")) -> 0
A18: 6 | B18: =LIDER!F48 -> 0 | C18: =C17 -> G02 | E18: =IF(B18=0,0,IF(D18="",$F$13*LIDER!$H$9+$G$13*LIDER!$H$10+$H$13*LIDER!$H$11+$I$13*LIDER!$H$12+$J$13*LIDER!$H$13+$K$13*LIDER!$H$14+$L$13*LIDER!$H$15,"N")) -> 0
B19: GRUPO#3 | C19: G03 | D19: =D12 -> LIST | E19: DEF | F19: =LIDER!$E$31 -> GRUPO#3 ¿Cuáles son los aspectos legales, tributarios, administrativos, macroeconómicos, aduaneros, tecnológicos e internacionales que definen el perfil de expocafe en los negocios internacionales?
A20: 1 | B20: =LIDER!G43 -> YULEDIS BECERRA GOMEZ | C20: =C19 -> G03 | E20: =IF(B20=0,0,IF(D20="",$F$20*LIDER!$H$9+$G$20*LIDER!$H$10+$H$20*LIDER!$H$11+$I$20*LIDER!$H$12+$J$20*LIDER!$H$13+$K$20*LIDER!$H$14+$L$20*LIDER!$H$15,"N")) -> 2.3 | F20: 2 | G20: 2 | H20: 3 | I20: 2 | J20: 2
A21: 2 | B21: =LIDER!G44 -> JULIO ALBERTO LANCHEROS PACHECO | C21: =C20 -> G03 | E21: =IF(B21=0,0,IF(D21="",$F$20*LIDER!$H$9+$G$20*LIDER!$H$10+$H$20*LIDER!$H$11+$I$20*LIDER!$H$12+$J$20*LIDER!$H$13+$K$20*LIDER!$H$14+$L$20*LIDER!$H$15,"N")) -> 2.3
A22: 3 | B22: =LIDER!G45 -> NELCY CAROLINA MEZA PÉREZ | C22: =C21 -> G03 | E22: =IF(B22=0,0,IF(D22="",$F$20*LIDER!$H$9+$G$20*LIDER!$H$10+$H$20*LIDER!$H$11+$I$20*LIDER!$H$12+$J$20*LIDER!$H$13+$K$20*LIDER!$H$14+$L$20*LIDER!$H$15,"N")) -> 2.3
A23: 4 | B23: =LIDER!G46 -> 0 | C23: =C22 -> G03 | E23: =IF(B23=0,0,IF(D23="",$F$20*LIDER!$H$9+$G$20*LIDER!$H$10+$H$20*LIDER!$H$11+$I$20*LIDER!$H$12+$J$20*LIDER!$H$13+$K$20*LIDER!$H$14+$L$20*LIDER!$H$15,"N")) -> 0
A24: 5 | B24: =LIDER!G47 -> 0 | C24: =C23 -> G03 | E24: =IF(B24=0,0,IF(D24="",$F$20*LIDER!$H$9+$G$20*LIDER!$H$10+$H$20*LIDER!$H$11+$I$20*LIDER!$H$12+$J$20*LIDER!$H$13+$K$20*LIDER!$H$14+$L$20*LIDER!$H$15,"N")) -> 0
A25: 6 | B25: =LIDER!G48 -> 0 | C25: =C24 -> G03 | E25: =IF(B25=0,0,IF(D25="",$F$20*LIDER!$H$9+$G$20*LIDER!$H$10+$H$20*LIDER!$H$11+$I$20*LIDER!$H$12+$J$20*LIDER!$H$13+$K$20*LIDER!$H$14+$L$20*LIDER!$H$15,"N")) -> 0
B26: GRUPO#4 | C26: G04 | D26: =D19 -> LIST | E26: DEF | F26: =LIDER!$E$32 -> GRUPO#4
A27: 1 | B27: =LIDER!H43 -> HELENA ISABEL ALVAREZ CORTINA | C27: =C26 -> G04 | E27: =IF(B27=0,0,IF(D27="",$F$27*LIDER!$H$9+$G$27*LIDER!$H$10+$H$27*LIDER!$H$11+$I$27*LIDER!$H$12+$J$27*LIDER!$H$13+$K$27*LIDER!$H$14+$L$27*LIDER!$H$15,"N")) -> 3.4 | F27: 4 | G27: 4 | H27: 3 | I27: 3 | J27: 3
A28: 2 | B28: =LIDER!H44 -> ANDREA KAROLAY CARRILLO GOMEZ | C28: =C27 -> G04 | E28: =IF(B28=0,0,IF(D28="",$F$27*LIDER!$H$9+$G$27*LIDER!$H$10+$H$27*LIDER!$H$11+$I$27*LIDER!$H$12+$J$27*LIDER!$H$13+$K$27*LIDER!$H$14+$L$27*LIDER!$H$15,"N")) -> 3.4
A29: 3 | B29: =LIDER!H45 -> MELANY ANDREA FLÓREZ ALMANZA | C29: =C28 -> G04 | E29: =IF(B29=0,0,IF(D29="",$F$27*LIDER!$H$9+$G$27*LIDER!$H$10+$H$27*LIDER!$H$11+$I$27*LIDER!$H$12+$J$27*LIDER!$H$13+$K$27*LIDER!$H$14+$L$27*LIDER!$H$15,"N")) -> 3.4
A30: 4 | B30: =LIDER!H46 -> JUAN SEBASTIAN PRENS BOSSIO | C30: =C29 -> G04 | E30: =IF(B30=0,0,IF(D30="",$F$27*LIDER!$H$9+$G$27*LIDER!$H$10+$H$27*LIDER!$H$11+$I$27*LIDER!$H$12+$J$27*LIDER!$H$13+$K$27*LIDER!$H$14+$L$27*LIDER!$H$15,"N")) -> 3.4
A31: 5 | B31: =LIDER!H47 -> ALEXANDER DUBAN PROTZKAR DE LA HOZ | C31: =C30 -> G04 | E31: =IF(B31=0,0,IF(D31="",$F$27*LIDER!$H$9+$G$27*LIDER!$H$10+$H$27*LIDER!$H$11+$I$27*LIDER!$H$12+$J$27*LIDER!$H$13+$K$27*LIDER!$H$14+$L$27*LIDER!$H$15,"N")) -> 3.4
A32: 6 | B32: =LIDER!H48 -> 0 | C32: =C31 -> G04 | E32: =IF(B32=0,0,IF(D32="",$F$27*LIDER!$H$9+$G$27*LIDER!$H$10+$H$27*LIDER!$H$11+$I$27*LIDER!$H$12+$J$27*LIDER!$H$13+$K$27*LIDER!$H$14+$L$27*LIDER!$H$15,"N")) -> 0
B33: GRUPO#5 | C33: G05 | D33: =D26 -> LIST | E33: DEF | F33: =LIDER!$E$33 -> GRUPO#5 Cuáles son los aspectos legales, tributarios, administrativos, macroeconómicos, aduaneros, tecnológicos e internacionales que definen el perfil de la empresa Colombina S.A. en los negocios internacionales
A34: 1 | B34: =LIDER!E51 -> SIARA LUCIA CHAMS CARBALLO | C34: =C33 -> G05 | E34: =IF(B34=0,0,IF(D34="",$F$34*LIDER!$H$9+$G$34*LIDER!$H$10+$H$34*LIDER!$H$11+$I$34*LIDER!$H$12+$J$34*LIDER!$H$13+$K$34*LIDER!$H$14+$L$34*LIDER!$H$15,"N")) -> 3.95 | F34: 4 | G34: 4 | H34: 4 | I34: 4 | J34: 3.5
A35: 2 | B35: =LIDER!E52 -> LUCINDA GARCIA CASTRO | C35: =C34 -> G05 | E35: =IF(B35=0,0,IF(D35="",$F$34*LIDER!$H$9+$G$34*LIDER!$H$10+$H$34*LIDER!$H$11+$I$34*LIDER!$H$12+$J$34*LIDER!$H$13+$K$34*LIDER!$H$14+$L$34*LIDER!$H$15,"N")) -> 3.95
A36: 3 | B36: =LIDER!E53 -> SAMUEL DVID JULIO BARRIOS | C36: =C35 -> G05 | E36: =IF(B36=0,0,IF(D36="",$F$34*LIDER!$H$9+$G$34*LIDER!$H$10+$H$34*LIDER!$H$11+$I$34*LIDER!$H$12+$J$34*LIDER!$H$13+$K$34*LIDER!$H$14+$L$34*LIDER!$H$15,"N")) -> 3.95
A37: 4 | B37: =LIDER!E54 -> LAUREN CAROLINA MARTINEZ LICONA | C37: =C36 -> G05 | E37: =IF(B37=0,0,IF(D37="",$F$34*LIDER!$H$9+$G$34*LIDER!$H$10+$H$34*LIDER!$H$11+$I$34*LIDER!$H$12+$J$34*LIDER!$H$13+$K$34*LIDER!$H$14+$L$34*LIDER!$H$15,"N")) -> 3.95
A38: 5 | B38: =LIDER!E55 -> ASLLY MARGARITA RINCON MATTOS | C38: =C37 -> G05 | E38: =IF(B38=0,0,IF(D38="",$F$34*LIDER!$H$9+$G$34*LIDER!$H$10+$H$34*LIDER!$H$11+$I$34*LIDER!$H$12+$J$34*LIDER!$H$13+$K$34*LIDER!$H$14+$L$34*LIDER!$H$15,"N")) -> 3.95
A39: 6 | B39: =LIDER!E56 -> 0 | C39: =C38 -> G05 | E39: =IF(B39=0,0,IF(D39="",$F$34*LIDER!$H$9+$G$34*LIDER!$H$10+$H$34*LIDER!$H$11+$I$34*LIDER!$H$12+$J$34*LIDER!$H$13+$K$34*LIDER!$H$14+$L$34*LIDER!$H$15,"N")) -> 0
B40: GRUPO#6 | C40: G06 | D40: =D33 -> LIST | E40: DEF | F40: =LIDER!$E$34 -> GRUPO#6
A41: 1 | B41: =LIDER!F51 -> YEIDER SANTIAGO BOHORQUEZ GONZALEZ | C41: =C40 -> G06 | E41: =IF(B41=0,0,IF(D41="",$F$41*LIDER!$H$9+$G$41*LIDER!$H$10+$H$41*LIDER!$H$11+$I$41*LIDER!$H$12+$J$41*LIDER!$H$13+$K$41*LIDER!$H$14+$L$41*LIDER!$H$15,"N")) -> 3 | F41: 3 | G41: 3 | H41: 3 | I41: 3 | J41: 3
A42: 2 | B42: =LIDER!F52 -> ELIAN MANUEL PACHECO BELTRAN | C42: =C41 -> G06 | E42: =IF(B42=0,0,IF(D42="",$F$41*LIDER!$H$9+$G$41*LIDER!$H$10+$H$41*LIDER!$H$11+$I$41*LIDER!$H$12+$J$41*LIDER!$H$13+$K$41*LIDER!$H$14+$L$41*LIDER!$H$15,"N")) -> 3
A43: 3 | B43: =LIDER!F53 -> VALERIA PASTRANA ARRIETA | C43: =C42 -> G06 | E43: =IF(B43=0,0,IF(D43="",$F$41*LIDER!$H$9+$G$41*LIDER!$H$10+$H$41*LIDER!$H$11+$I$41*LIDER!$H$12+$J$41*LIDER!$H$13+$K$41*LIDER!$H$14+$L$41*LIDER!$H$15,"N")) -> 3
A44: 4 | B44: =LIDER!F54 -> JUAN PABLO QUIJANO GUEVARA | C44: =C43 -> G06 | E44: =IF(B44=0,0,IF(D44="",$F$41*LIDER!$H$9+$G$41*LIDER!$H$10+$H$41*LIDER!$H$11+$I$41*LIDER!$H$12+$J$41*LIDER!$H$13+$K$41*LIDER!$H$14+$L$41*LIDER!$H$15,"N")) -> 3
A45: 5 | B45: =LIDER!F55 -> JOSE ANGEL VALLEJO REALES | C45: =C44 -> G06 | E45: =IF(B45=0,0,IF(D45="",$F$41*LIDER!$H$9+$G$41*LIDER!$H$10+$H$41*LIDER!$H$11+$I$41*LIDER!$H$12+$J$41*LIDER!$H$13+$K$41*LIDER!$H$14+$L$41*LIDER!$H$15,"N")) -> 3
A46: 6 | B46: =LIDER!F56 -> HENRY WILCHES DE LA ROSA | C46: =C45 -> G06 | E46: =IF(B46=0,0,IF(D46="",$F$41*LIDER!$H$9+$G$41*LIDER!$H$10+$H$41*LIDER!$H$11+$I$41*LIDER!$H$12+$J$41*LIDER!$H$13+$K$41*LIDER!$H$14+$L$41*LIDER!$H$15,"N")) -> 3
B47: GRUPO#7 | C47: G07 | D47: =D40 -> LIST | E47: DEF | F47: =LIDER!$E$35 -> GRUPO#7 CÓMO ES EL PERFIL DE DRUMMOND EN LOS NEGOCIOS INTERNACIONALES TENIENDO EN CUENTA LOS ASPECTOS LEGALES, TRIBUTARIOS, ADMINISTRATIVOS, MACROECONÓMICOS, ADUANEROS, TECNOLÓGICOS E INTERNACIONALES
A48: 1 | B48: =LIDER!G51 -> CARLOS JULIO LOPEZ ALEMAN | C48: =C47 -> G07 | E48: =IF(B48=0,0,IF(D48="",$F$48*LIDER!$H$9+$G$48*LIDER!$H$10+$H$48*LIDER!$H$11+$I$48*LIDER!$H$12+$J$48*LIDER!$H$13+$K$48*LIDER!$H$14+$L$48*LIDER!$H$15,"N")) -> 3.5 | F48: 3.5 | G48: 3.5 | H48: 3.5 | I48: 3.5 | J48: 3.5
A49: 2 | B49: =LIDER!G52 -> DYLAN ANDRES RANGEL LOPEZ | C49: =C48 -> G07 | E49: =IF(B49=0,0,IF(D49="",$F$48*LIDER!$H$9+$G$48*LIDER!$H$10+$H$48*LIDER!$H$11+$I$48*LIDER!$H$12+$J$48*LIDER!$H$13+$K$48*LIDER!$H$14+$L$48*LIDER!$H$15,"N")) -> 3.5
A50: 3 | B50: =LIDER!G53 -> SANTIAGO TANGARIFE PONCE | C50: =C49 -> G07 | E50: =IF(B50=0,0,IF(D50="",$F$48*LIDER!$H$9+$G$48*LIDER!$H$10+$H$48*LIDER!$H$11+$I$48*LIDER!$H$12+$J$48*LIDER!$H$13+$K$48*LIDER!$H$14+$L$48*LIDER!$H$15,"N")) -> 3.5
A51: 4 | B51: =LIDER!G54 -> 0 | C51: =C50 -> G07 | E51: =IF(B51=0,0,IF(D51="",$F$48*LIDER!$H$9+$G$48*LIDER!$H$10+$H$48*LIDER!$H$11+$I$48*LIDER!$H$12+$J$48*LIDER!$H$13+$K$48*LIDER!$H$14+$L$48*LIDER!$H$15,"N")) -> 0
A52: 5 | B52: =LIDER!G55 -> 0 | C52: =C51 -> G07 | E52: =IF(B52=0,0,IF(D52="",$F$48*LIDER!$H$9+$G$48*LIDER!$H$10+$H$48*LIDER!$H$11+$I$48*LIDER!$H$12+$J$48*LIDER!$H$13+$K$48*LIDER!$H$14+$L$48*LIDER!$H$15,"N")) -> 0
A53: 6 | B53: =LIDER!G56 -> 0 | C53: =C52 -> G07 | E53: =IF(B53=0,0,IF(D53="",$F$48*LIDER!$H$9+$G$48*LIDER!$H$10+$H$48*LIDER!$H$11+$I$48*LIDER!$H$12+$J$48*LIDER!$H$13+$K$48*LIDER!$H$14+$L$48*LIDER!$H$15,"N")) -> 0
B54: GRUPO#8 | C54: G08 | D54: =D47 -> LIST | E54: DEF | F54: =LIDER!$E$36 -> GRUPO#8 Análisis de los aspectos legales, tributarios, administrativos, macroeconómicos, aduaneros, tecnológicos e internacionales que definen el perfil de The Coca-Cola Company
A55: 1 | B55: =LIDER!H51 -> YURI MAR FUENMAYOR OSORIO | C55: =C54 -> G08 | E55: =IF(B55=0,0,IF(D55="",$F$55*LIDER!$H$9+$G$55*LIDER!$H$10+$H$55*LIDER!$H$11+$I$55*LIDER!$H$12+$J$55*LIDER!$H$13+$K$55*LIDER!$H$14+$L$55*LIDER!$H$15,"N")) -> 4.2 | F55: 4.5 | G55: 4 | H55: 4 | I55: 4 | J55: 5
A56: 2 | B56: =LIDER!H52 -> YULEIDIS PAOLA MORENO DIAZ | C56: =C55 -> G08 | E56: =IF(B56=0,0,IF(D56="",$F$55*LIDER!$H$9+$G$55*LIDER!$H$10+$H$55*LIDER!$H$11+$I$55*LIDER!$H$12+$J$55*LIDER!$H$13+$K$55*LIDER!$H$14+$L$55*LIDER!$H$15,"N")) -> 4.2
A57: 3 | B57: =LIDER!H53 -> SHARONE JANNINE ORDOÑEZ ESCUDERO | C57: =C56 -> G08 | E57: =IF(B57=0,0,IF(D57="",$F$55*LIDER!$H$9+$G$55*LIDER!$H$10+$H$55*LIDER!$H$11+$I$55*LIDER!$H$12+$J$55*LIDER!$H$13+$K$55*LIDER!$H$14+$L$55*LIDER!$H$15,"N")) -> 4.2
A58: 4 | B58: =LIDER!H54 -> 0 | C58: =C57 -> G08 | E58: =IF(B58=0,0,IF(D58="",$F$55*LIDER!$H$9+$G$55*LIDER!$H$10+$H$55*LIDER!$H$11+$I$55*LIDER!$H$12+$J$55*LIDER!$H$13+$K$55*LIDER!$H$14+$L$55*LIDER!$H$15,"N")) -> 0
A59: 5 | B59: =LIDER!H55 -> 0 | C59: =C58 -> G08 | E59: =IF(B59=0,0,IF(D59="",$F$55*LIDER!$H$9+$G$55*LIDER!$H$10+$H$55*LIDER!$H$11+$I$55*LIDER!$H$12+$J$55*LIDER!$H$13+$K$55*LIDER!$H$14+$L$55*LIDER!$H$15,"N")) -> 0
A60: 6 | B60: =LIDER!H56 -> 0 | C60: =C59 -> G08 | E60: =IF(B60=0,0,IF(D60="",$F$55*LIDER!$H$9+$G$55*LIDER!$H$10+$H$55*LIDER!$H$11+$I$55*LIDER!$H$12+$J$55*LIDER!$H$13+$K$55*LIDER!$H$14+$L$55*LIDER!$H$15,"N")) -> 0
B61: GRUPO#9 | C61: G09 | D61: =D54 -> LIST | E61: DEF | F61: =LIDER!$E$37 -> GRUPO#9
A62: 1 | B62: =LIDER!E59 -> ISSAC DAVID ANGULO ZABALETA | C62: =C61 -> G09 | E62: =IF(B62=0,0,IF(D62="",$F$62*LIDER!$H$9+$G$62*LIDER!$H$10+$H$62*LIDER!$H$11+$I$62*LIDER!$H$12+$J$62*LIDER!$H$13+$K$62*LIDER!$H$14+$L$62*LIDER!$H$15,"N")) -> 3.45 | F62: 4 | G62: 3 | H62: 3.5 | I62: 3 | J62: 4
A63: 2 | B63: =LIDER!E60 -> ANDRES FELIPE ARROYO PARRA | C63: =C62 -> G09 | E63: =IF(B63=0,0,IF(D63="",$F$62*LIDER!$H$9+$G$62*LIDER!$H$10+$H$62*LIDER!$H$11+$I$62*LIDER!$H$12+$J$62*LIDER!$H$13+$K$62*LIDER!$H$14+$L$62*LIDER!$H$15,"N")) -> 3.45
A64: 3 | B64: =LIDER!E61 -> DANNA ALEJANDRA CASTRO ESPINOSA | C64: =C63 -> G09 | E64: =IF(B64=0,0,IF(D64="",$F$62*LIDER!$H$9+$G$62*LIDER!$H$10+$H$62*LIDER!$H$11+$I$62*LIDER!$H$12+$J$62*LIDER!$H$13+$K$62*LIDER!$H$14+$L$62*LIDER!$H$15,"N")) -> 3.45
A65: 4 | B65: =LIDER!E62 -> JUAN DAVID LOPEZ VIDES | C65: =C64 -> G09 | E65: =IF(B65=0,0,IF(D65="",$F$62*LIDER!$H$9+$G$62*LIDER!$H$10+$H$62*LIDER!$H$11+$I$62*LIDER!$H$12+$J$62*LIDER!$H$13+$K$62*LIDER!$H$14+$L$62*LIDER!$H$15,"N")) -> 3.45
A66: 5 | B66: =LIDER!E63 -> ALEJANDRA MORENO VILLALOBO | C66: =C65 -> G09 | E66: =IF(B66=0,0,IF(D66="",$F$62*LIDER!$H$9+$G$62*LIDER!$H$10+$H$62*LIDER!$H$11+$I$62*LIDER!$H$12+$J$62*LIDER!$H$13+$K$62*LIDER!$H$14+$L$62*LIDER!$H$15,"N")) -> 3.45
A67: 6 | B67: =LIDER!E64 -> 0 | C67: =C66 -> G09 | E67: =IF(B67=0,0,IF(D67="",$F$62*LIDER!$H$9+$G$62*LIDER!$H$10+$H$62*LIDER!$H$11+$I$62*LIDER!$H$12+$J$62*LIDER!$H$13+$K$62*LIDER!$H$14+$L$62*LIDER!$H$15,"N")) -> 0
B68: GRUPO#10 | C68: G10 | D68: =D61 -> LIST | E68: DEF | F68: =LIDER!$E$38 -> GRUPO#10
A69: 1 | B69: =LIDER!F59 -> 0 | C69: =C68 -> G10 | D69: N | E69: =IF(B69=0,0,IF(D69="",$F$69*LIDER!$H$9+$G$69*LIDER!$H$10+$H$69*LIDER!$H$11+$I$69*LIDER!$H$12+$J$69*LIDER!$H$13+$K$69*LIDER!$H$14+$L$69*LIDER!$H$15,"N")) -> 0
A70: 2 | B70: =LIDER!F60 -> 0 | C70: =C69 -> G10 | D70: N | E70: =IF(B70=0,0,IF(D70="",$F$69*LIDER!$H$9+$G$69*LIDER!$H$10+$H$69*LIDER!$H$11+$I$69*LIDER!$H$12+$J$69*LIDER!$H$13+$K$69*LIDER!$H$14+$L$69*LIDER!$H$15,"N")) -> 0
A71: 3 | B71: =LIDER!F61 -> 0 | C71: =C70 -> G10 | D71: N | E71: =IF(B71=0,0,IF(D71="",$F$69*LIDER!$H$9+$G$69*LIDER!$H$10+$H$69*LIDER!$H$11+$I$69*LIDER!$H$12+$J$69*LIDER!$H$13+$K$69*LIDER!$H$14+$L$69*LIDER!$H$15,"N")) -> 0
A72: 4 | B72: =LIDER!F62 -> 0 | C72: =C71 -> G10 | E72: =IF(B72=0,0,IF(D72="",$F$69*LIDER!$H$9+$G$69*LIDER!$H$10+$H$69*LIDER!$H$11+$I$69*LIDER!$H$12+$J$69*LIDER!$H$13+$K$69*LIDER!$H$14+$L$69*LIDER!$H$15,"N")) -> 0
A73: 5 | B73: =LIDER!F63 -> 0 | C73: =C72 -> G10 | E73: =IF(B73=0,0,IF(D73="",$F$69*LIDER!$H$9+$G$69*LIDER!$H$10+$H$69*LIDER!$H$11+$I$69*LIDER!$H$12+$J$69*LIDER!$H$13+$K$69*LIDER!$H$14+$L$69*LIDER!$H$15,"N")) -> 0
A74: 6 | B74: =LIDER!F64 -> 0 | C74: =C73 -> G10 | E74: =IF(B74=0,0,IF(D74="",$F$69*LIDER!$H$9+$G$69*LIDER!$H$10+$H$69*LIDER!$H$11+$I$69*LIDER!$H$12+$J$69*LIDER!$H$13+$K$69*LIDER!$H$14+$L$69*LIDER!$H$15,"N")) -> 0
B75: GRUPO#11 | C75: G11 | D75: =D68 -> LIST | E75: DEF | F75: =LIDER!$E$39 -> GRUPO#11
A76: 1 | B76: =LIDER!G59 -> 0 | C76: =C75 -> G11 | E76: =IF(B76=0,0,IF(D76="",$F$76*LIDER!$H$9+$G$76*LIDER!$H$10+$H$76*LIDER!$H$11+$I$76*LIDER!$H$12+$J$76*LIDER!$H$13+$K$76*LIDER!$H$14+$L$76*LIDER!$H$15,"N")) -> 0
A77: 2 | B77: =LIDER!G60 -> 0 | C77: =C76 -> G11 | E77: =IF(B77=0,0,IF(D77="",$F$76*LIDER!$H$9+$G$76*LIDER!$H$10+$H$76*LIDER!$H$11+$I$76*LIDER!$H$12+$J$76*LIDER!$H$13+$K$76*LIDER!$H$14+$L$76*LIDER!$H$15,"N")) -> 0
A78: 3 | B78: =LIDER!G61 -> 0 | C78: =C77 -> G11 | E78: =IF(B78=0,0,IF(D78="",$F$76*LIDER!$H$9+$G$76*LIDER!$H$10+$H$76*LIDER!$H$11+$I$76*LIDER!$H$12+$J$76*LIDER!$H$13+$K$76*LIDER!$H$14+$L$76*LIDER!$H$15,"N")) -> 0
A79: 4 | B79: =LIDER!G62 -> 0 | C79: =C78 -> G11 | E79: =IF(B79=0,0,IF(D79="",$F$76*LIDER!$H$9+$G$76*LIDER!$H$10+$H$76*LIDER!$H$11+$I$76*LIDER!$H$12+$J$76*LIDER!$H$13+$K$76*LIDER!$H$14+$L$76*LIDER!$H$15,"N")) -> 0
A80: 5 | B80: =LIDER!G63 -> 0 | C80: =C79 -> G11 | E80: =IF(B80=0,0,IF(D80="",$F$76*LIDER!$H$9+$G$76*LIDER!$H$10+$H$76*LIDER!$H$11+$I$76*LIDER!$H$12+$J$76*LIDER!$H$13+$K$76*LIDER!$H$14+$L$76*LIDER!$H$15,"N")) -> 0
A81: 6 | B81: =LIDER!G64 -> 0 | C81: =C80 -> G11 | E81: =IF(B81=0,0,IF(D81="",$F$76*LIDER!$H$9+$G$76*LIDER!$H$10+$H$76*LIDER!$H$11+$I$76*LIDER!$H$12+$J$76*LIDER!$H$13+$K$76*LIDER!$H$14+$L$76*LIDER!$H$15,"N")) -> 0
B82: GRUPO#12 | C82: G12 | D82: =D75 -> LIST | E82: DEF | F82: =LIDER!$E$40 -> GRUPO#12
A83: 1 | B83: =LIDER!H59 -> 0 | C83: =C82 -> G12 | E83: =IF(B83=0,0,IF(D83="",$F$83*LIDER!$H$9+$G$83*LIDER!$H$10+$H$83*LIDER!$H$11+$I$83*LIDER!$H$12+$J$83*LIDER!$H$13+$K$83*LIDER!$H$14+$L$83*LIDER!$H$15,"N")) -> 0
A84: 2 | B84: =LIDER!H60 -> 0 | C84: =C83 -> G12 | E84: =IF(B84=0,0,IF(D84="",$F$83*LIDER!$H$9+$G$83*LIDER!$H$10+$H$83*LIDER!$H$11+$I$83*LIDER!$H$12+$J$83*LIDER!$H$13+$K$83*LIDER!$H$14+$L$83*LIDER!$H$15,"N")) -> 0
A85: 3 | B85: =LIDER!H61 -> 0 | C85: =C84 -> G12 | E85: =IF(B85=0,0,IF(D85="",$F$83*LIDER!$H$9+$G$83*LIDER!$H$10+$H$83*LIDER!$H$11+$I$83*LIDER!$H$12+$J$83*LIDER!$H$13+$K$83*LIDER!$H$14+$L$83*LIDER!$H$15,"N")) -> 0
A86: 4 | B86: =LIDER!H62 -> 0 | C86: =C85 -> G12 | E86: =IF(B86=0,0,IF(D86="",$F$83*LIDER!$H$9+$G$83*LIDER!$H$10+$H$83*LIDER!$H$11+$I$83*LIDER!$H$12+$J$83*LIDER!$H$13+$K$83*LIDER!$H$14+$L$83*LIDER!$H$15,"N")) -> 0
A87: 5 | B87: =LIDER!H63 -> 0 | C87: =C86 -> G12 | E87: =IF(B87=0,0,IF(D87="",$F$83*LIDER!$H$9+$G$83*LIDER!$H$10+$H$83*LIDER!$H$11+$I$83*LIDER!$H$12+$J$83*LIDER!$H$13+$K$83*LIDER!$H$14+$L$83*LIDER!$H$15,"N")) -> 0
A88: 6 | B88: =LIDER!H64 -> 0 | C88: =C87 -> G12 | E88: =IF(B88=0,0,IF(D88="",$F$83*LIDER!$H$9+$G$83*LIDER!$H$10+$H$83*LIDER!$H$11+$I$83*LIDER!$H$12+$J$83*LIDER!$H$13+$K$83*LIDER!$H$14+$L$83*LIDER!$H$15,"N")) -> 0

Sheet S-ASIG-03
A1: =LIDER!B2 -> TECNOLOGÍA EN GESTIÓN DE NEGOCIOS INTERN | I1: =LIDER!E2 -> SEMESTRE: | J1: =LIDER!F2 -> SEM-03 | K1: =LIDER!G2 -> SECCIÓN: | L1: =LIDER!H2 -> 3
B2: =LIDER!E4 -> INTERNACIONALIZACION | F2: CRITERIOS DE EVALUACIÓN
B3: Estudiantes | F3: =LIDER!E9 -> PRESENTACIÓN GENERAL: Adopta la norma APA, tamaño de la hoja, margenes, titulo, portadas, numeración de paginas, tabla de contenido automatizada, ortografia, justificacion del texto, citas automatizadas, listas, figuras,etc. | G3: =LIDER!E10 -> ANTEPROYECTO: Portada, planteamiento del problema, justificacion del trabajo o proyecto de aula, objetivos, marco teorico, diseño metodologico. | H3: =LIDER!E11 -> RESULTADOS: Analiza, integra y aplica de manera coherente los aspectos legales-tributarios, administrativos y tecnológicos en el desarrollo de la propuesta investigativa, evidenciando capacidad para generar soluciones viables, pertinentes y sostenibles. | I3: =LIDER!E12 -> BILIOGRAFIA: Las referencias bibliograficas: adoptan las normas APA. El documento es producto de un rastreo bibliografico que muestra analisis y sistensis. | J3: =LIDER!E13 -> ASESORIAS: Anexó la hoja de tutoria firmada ( 3 fimas minmimo). | K3: =LIDER!E14 -> 0 | L3: =LIDER!E15 -> 0
F4: =CONCATENATE(LIDER!E4," - ",LIDER!E6," - ",LIDER!E5) -> INTERNACIONALIZACION - 2481 - TATIANA MILENA ROJAS AROCA
B5: GRUPO#1 | C5: G01 | D5: LIST | E5: DEF | F5: =LIDER!$E$29 -> GRUPO#1 Descripción de los Aspectos Internacionales, Macroeconómicos, Legales, administrativos, aduaneros y tecnológicos de Progan del Caribe S.A.S
A6: 1 | B6: =LIDER!E43 -> EDINSON ANDRES CASTRO PADILLA | C6: =C5 -> G01 | E6: =IF(B6=0,0,IF(D6="",$F$6*LIDER!$H$9+$G$6*LIDER!$H$10+$H$6*LIDER!$H$11+$I$6*LIDER!$H$12+$J$6*LIDER!$H$13+$K$6*LIDER!$H$14+$L$6*LIDER!$H$15,"N")) -> 4.4 | F6: 4.4 | G6: 4.4 | H6: 4.4 | I6: 4.4 | J6: 4.4
A7: 2 | B7: =LIDER!E44 -> MATEO ANDRÉS CUESTA DÍAZ | C7: =C6 -> G01 | E7: =IF(B7=0,0,IF(D7="",$F$6*LIDER!$H$9+$G$6*LIDER!$H$10+$H$6*LIDER!$H$11+$I$6*LIDER!$H$12+$J$6*LIDER!$H$13+$K$6*LIDER!$H$14+$L$6*LIDER!$H$15,"N")) -> 4.4
A8: 3 | B8: =LIDER!E45 -> LUKASS GIRALDO RAMIREZ | C8: =C7 -> G01 | E8: =IF(B8=0,0,IF(D8="",$F$6*LIDER!$H$9+$G$6*LIDER!$H$10+$H$6*LIDER!$H$11+$I$6*LIDER!$H$12+$J$6*LIDER!$H$13+$K$6*LIDER!$H$14+$L$6*LIDER!$H$15,"N")) -> 4.4
A9: 4 | B9: =LIDER!E46 -> LOREINES OSPINO HERNÁNDEZ | C9: =C8 -> G01 | E9: =IF(B9=0,0,IF(D9="",$F$6*LIDER!$H$9+$G$6*LIDER!$H$10+$H$6*LIDER!$H$11+$I$6*LIDER!$H$12+$J$6*LIDER!$H$13+$K$6*LIDER!$H$14+$L$6*LIDER!$H$15,"N")) -> 4.4
A10: 5 | B10: =LIDER!E47 -> LAURA SOFÍA PÉREZ ARÉVALO | C10: =C9 -> G01 | E10: =IF(B10=0,0,IF(D10="",$F$6*LIDER!$H$9+$G$6*LIDER!$H$10+$H$6*LIDER!$H$11+$I$6*LIDER!$H$12+$J$6*LIDER!$H$13+$K$6*LIDER!$H$14+$L$6*LIDER!$H$15,"N")) -> 4.4
A11: 6 | B11: =LIDER!E48 -> VALERY DANIELA SAENZ WATTS | C11: =C10 -> G01 | E11: =IF(B11=0,0,IF(D11="",$F$6*LIDER!$H$9+$G$6*LIDER!$H$10+$H$6*LIDER!$H$11+$I$6*LIDER!$H$12+$J$6*LIDER!$H$13+$K$6*LIDER!$H$14+$L$6*LIDER!$H$15,"N")) -> 4.4
B12: GRUPO#2 | C12: G02 | D12: =D5 -> LIST | E12: DEF | F12: =LIDER!$E$30 -> GRUPO#2 ¿CUALES SON LOS ASPECTOS LEGALES, TRIBUTARIOS, ADMINISTRATIVOS, MACROECONOMICOS, ADUANEROS, TECNOLOGICOS E INTERNACIONALES QUE DEFINEN EL PERFIL DE LAS EMPRESA CEMENTOS ARGOS S.A EN LOS NEGOCIOS INTERNACIONALES?
A13: 1 | B13: =LIDER!F43 -> MARIA CRISTINA CAÑATE MERCADO | C13: =C12 -> G02 | E13: =IF(B13=0,0,IF(D13="",$F$13*LIDER!$H$9+$G$13*LIDER!$H$10+$H$13*LIDER!$H$11+$I$13*LIDER!$H$12+$J$13*LIDER!$H$13+$K$13*LIDER!$H$14+$L$13*LIDER!$H$15,"N")) -> 3.6 | F13: 3.6 | G13: 3.6 | H13: 3.6 | I13: 3.6 | J13: 3.6
A14: 2 | B14: =LIDER!F44 -> KARINA MARRUGO MEZA | C14: =C13 -> G02 | E14: =IF(B14=0,0,IF(D14="",$F$13*LIDER!$H$9+$G$13*LIDER!$H$10+$H$13*LIDER!$H$11+$I$13*LIDER!$H$12+$J$13*LIDER!$H$13+$K$13*LIDER!$H$14+$L$13*LIDER!$H$15,"N")) -> 3.6
A15: 3 | B15: =LIDER!F45 -> HILARYS CAROLINA PATERNINA DONADO | C15: =C14 -> G02 | E15: =IF(B15=0,0,IF(D15="",$F$13*LIDER!$H$9+$G$13*LIDER!$H$10+$H$13*LIDER!$H$11+$I$13*LIDER!$H$12+$J$13*LIDER!$H$13+$K$13*LIDER!$H$14+$L$13*LIDER!$H$15,"N")) -> 3.6
A16: 4 | B16: =LIDER!F46 -> MATEO QUINTANA SERNA | C16: =C15 -> G02 | E16: =IF(B16=0,0,IF(D16="",$F$13*LIDER!$H$9+$G$13*LIDER!$H$10+$H$13*LIDER!$H$11+$I$13*LIDER!$H$12+$J$13*LIDER!$H$13+$K$13*LIDER!$H$14+$L$13*LIDER!$H$15,"N")) -> 3.6
A17: 5 | B17: =LIDER!F47 -> 0 | C17: =C16 -> G02 | E17: =IF(B17=0,0,IF(D17="",$F$13*LIDER!$H$9+$G$13*LIDER!$H$10+$H$13*LIDER!$H$11+$I$13*LIDER!$H$12+$J$13*LIDER!$H$13+$K$13*LIDER!$H$14+$L$13*LIDER!$H$15,"N")) -> 0
A18: 6 | B18: =LIDER!F48 -> 0 | C18: =C17 -> G02 | E18: =IF(B18=0,0,IF(D18="",$F$13*LIDER!$H$9+$G$13*LIDER!$H$10+$H$13*LIDER!$H$11+$I$13*LIDER!$H$12+$J$13*LIDER!$H$13+$K$13*LIDER!$H$14+$L$13*LIDER!$H$15,"N")) -> 0
B19: GRUPO#3 | C19: G03 | D19: =D12 -> LIST | E19: DEF | F19: =LIDER!$E$31 -> GRUPO#3 ¿Cuáles son los aspectos legales, tributarios, administrativos, macroeconómicos, aduaneros, tecnológicos e internacionales que definen el perfil de expocafe en los negocios internacionales?
A20: 1 | B20: =LIDER!G43 -> YULEDIS BECERRA GOMEZ | C20: =C19 -> G03 | E20: =IF(B20=0,0,IF(D20="",$F$20*LIDER!$H$9+$G$20*LIDER!$H$10+$H$20*LIDER!$H$11+$I$20*LIDER!$H$12+$J$20*LIDER!$H$13+$K$20*LIDER!$H$14+$L$20*LIDER!$H$15,"N")) -> 2 | F20: 2 | G20: 2 | H20: 2 | I20: 2 | J20: 2
A21: 2 | B21: =LIDER!G44 -> JULIO ALBERTO LANCHEROS PACHECO | C21: =C20 -> G03 | E21: =IF(B21=0,0,IF(D21="",$F$20*LIDER!$H$9+$G$20*LIDER!$H$10+$H$20*LIDER!$H$11+$I$20*LIDER!$H$12+$J$20*LIDER!$H$13+$K$20*LIDER!$H$14+$L$20*LIDER!$H$15,"N")) -> 2
A22: 3 | B22: =LIDER!G45 -> NELCY CAROLINA MEZA PÉREZ | C22: =C21 -> G03 | E22: =IF(B22=0,0,IF(D22="",$F$20*LIDER!$H$9+$G$20*LIDER!$H$10+$H$20*LIDER!$H$11+$I$20*LIDER!$H$12+$J$20*LIDER!$H$13+$K$20*LIDER!$H$14+$L$20*LIDER!$H$15,"N")) -> 2
A23: 4 | B23: =LIDER!G46 -> 0 | C23: =C22 -> G03 | E23: =IF(B23=0,0,IF(D23="",$F$20*LIDER!$H$9+$G$20*LIDER!$H$10+$H$20*LIDER!$H$11+$I$20*LIDER!$H$12+$J$20*LIDER!$H$13+$K$20*LIDER!$H$14+$L$20*LIDER!$H$15,"N")) -> 0
A24: 5 | B24: =LIDER!G47 -> 0 | C24: =C23 -> G03 | E24: =IF(B24=0,0,IF(D24="",$F$20*LIDER!$H$9+$G$20*LIDER!$H$10+$H$20*LIDER!$H$11+$I$20*LIDER!$H$12+$J$20*LIDER!$H$13+$K$20*LIDER!$H$14+$L$20*LIDER!$H$15,"N")) -> 0
A25: 6 | B25: =LIDER!G48 -> 0 | C25: =C24 -> G03 | E25: =IF(B25=0,0,IF(D25="",$F$20*LIDER!$H$9+$G$20*LIDER!$H$10+$H$20*LIDER!$H$11+$I$20*LIDER!$H$12+$J$20*LIDER!$H$13+$K$20*LIDER!$H$14+$L$20*LIDER!$H$15,"N")) -> 0
B26: GRUPO#4 | C26: G04 | D26: =D19 -> LIST | E26: DEF | F26: =LIDER!$E$32 -> GRUPO#4
A27: 1 | B27: =LIDER!H43 -> HELENA ISABEL ALVAREZ CORTINA | C27: =C26 -> G04 | E27: =IF(B27=0,0,IF(D27="",$F$27*LIDER!$H$9+$G$27*LIDER!$H$10+$H$27*LIDER!$H$11+$I$27*LIDER!$H$12+$J$27*LIDER!$H$13+$K$27*LIDER!$H$14+$L$27*LIDER!$H$15,"N")) -> 3.3 | F27: 3.3 | G27: 3.3 | H27: 3.3 | I27: 3.3 | J27: 3.3
A28: 2 | B28: =LIDER!H44 -> ANDREA KAROLAY CARRILLO GOMEZ | C28: =C27 -> G04 | E28: =IF(B28=0,0,IF(D28="",$F$27*LIDER!$H$9+$G$27*LIDER!$H$10+$H$27*LIDER!$H$11+$I$27*LIDER!$H$12+$J$27*LIDER!$H$13+$K$27*LIDER!$H$14+$L$27*LIDER!$H$15,"N")) -> 3.3
A29: 3 | B29: =LIDER!H45 -> MELANY ANDREA FLÓREZ ALMANZA | C29: =C28 -> G04 | E29: =IF(B29=0,0,IF(D29="",$F$27*LIDER!$H$9+$G$27*LIDER!$H$10+$H$27*LIDER!$H$11+$I$27*LIDER!$H$12+$J$27*LIDER!$H$13+$K$27*LIDER!$H$14+$L$27*LIDER!$H$15,"N")) -> 3.3
A30: 4 | B30: =LIDER!H46 -> JUAN SEBASTIAN PRENS BOSSIO | C30: =C29 -> G04 | E30: =IF(B30=0,0,IF(D30="",$F$27*LIDER!$H$9+$G$27*LIDER!$H$10+$H$27*LIDER!$H$11+$I$27*LIDER!$H$12+$J$27*LIDER!$H$13+$K$27*LIDER!$H$14+$L$27*LIDER!$H$15,"N")) -> 3.3
A31: 5 | B31: =LIDER!H47 -> ALEXANDER DUBAN PROTZKAR DE LA HOZ | C31: =C30 -> G04 | E31: =IF(B31=0,0,IF(D31="",$F$27*LIDER!$H$9+$G$27*LIDER!$H$10+$H$27*LIDER!$H$11+$I$27*LIDER!$H$12+$J$27*LIDER!$H$13+$K$27*LIDER!$H$14+$L$27*LIDER!$H$15,"N")) -> 3.3
A32: 6 | B32: =LIDER!H48 -> 0 | C32: =C31 -> G04 | E32: =IF(B32=0,0,IF(D32="",$F$27*LIDER!$H$9+$G$27*LIDER!$H$10+$H$27*LIDER!$H$11+$I$27*LIDER!$H$12+$J$27*LIDER!$H$13+$K$27*LIDER!$H$14+$L$27*LIDER!$H$15,"N")) -> 0
B33: GRUPO#5 | C33: G05 | D33: =D26 -> LIST | E33: DEF | F33: =LIDER!$E$33 -> GRUPO#5 Cuáles son los aspectos legales, tributarios, administrativos, macroeconómicos, aduaneros, tecnológicos e internacionales que definen el perfil de la empresa Colombina S.A. en los negocios internacionales
A34: 1 | B34: =LIDER!E51 -> SIARA LUCIA CHAMS CARBALLO | C34: =C33 -> G05 | E34: =IF(B34=0,0,IF(D34="",$F$34*LIDER!$H$9+$G$34*LIDER!$H$10+$H$34*LIDER!$H$11+$I$34*LIDER!$H$12+$J$34*LIDER!$H$13+$K$34*LIDER!$H$14+$L$34*LIDER!$H$15,"N")) -> 3.7 | F34: 3.7 | G34: 3.7 | H34: 3.7 | I34: 3.7 | J34: 3.7
A35: 2 | B35: =LIDER!E52 -> LUCINDA GARCIA CASTRO | C35: =C34 -> G05 | E35: =IF(B35=0,0,IF(D35="",$F$34*LIDER!$H$9+$G$34*LIDER!$H$10+$H$34*LIDER!$H$11+$I$34*LIDER!$H$12+$J$34*LIDER!$H$13+$K$34*LIDER!$H$14+$L$34*LIDER!$H$15,"N")) -> 3.7
A36: 3 | B36: =LIDER!E53 -> SAMUEL DVID JULIO BARRIOS | C36: =C35 -> G05 | E36: =IF(B36=0,0,IF(D36="",$F$34*LIDER!$H$9+$G$34*LIDER!$H$10+$H$34*LIDER!$H$11+$I$34*LIDER!$H$12+$J$34*LIDER!$H$13+$K$34*LIDER!$H$14+$L$34*LIDER!$H$15,"N")) -> 3.7
A37: 4 | B37: =LIDER!E54 -> LAUREN CAROLINA MARTINEZ LICONA | C37: =C36 -> G05 | E37: =IF(B37=0,0,IF(D37="",$F$34*LIDER!$H$9+$G$34*LIDER!$H$10+$H$34*LIDER!$H$11+$I$34*LIDER!$H$12+$J$34*LIDER!$H$13+$K$34*LIDER!$H$14+$L$34*LIDER!$H$15,"N")) -> 3.7
A38: 5 | B38: =LIDER!E55 -> ASLLY MARGARITA RINCON MATTOS | C38: =C37 -> G05 | E38: =IF(B38=0,0,IF(D38="",$F$34*LIDER!$H$9+$G$34*LIDER!$H$10+$H$34*LIDER!$H$11+$I$34*LIDER!$H$12+$J$34*LIDER!$H$13+$K$34*LIDER!$H$14+$L$34*LIDER!$H$15,"N")) -> 3.7
A39: 6 | B39: =LIDER!E56 -> 0 | C39: =C38 -> G05 | E39: =IF(B39=0,0,IF(D39="",$F$34*LIDER!$H$9+$G$34*LIDER!$H$10+$H$34*LIDER!$H$11+$I$34*LIDER!$H$12+$J$34*LIDER!$H$13+$K$34*LIDER!$H$14+$L$34*LIDER!$H$15,"N")) -> 0
B40: GRUPO#6 | C40: G06 | D40: =D33 -> LIST | E40: DEF | F40: =LIDER!$E$34 -> GRUPO#6
A41: 1 | B41: =LIDER!F51 -> YEIDER SANTIAGO BOHORQUEZ GONZALEZ | C41: =C40 -> G06 | E41: =IF(B41=0,0,IF(D41="",$F$41*LIDER!$H$9+$G$41*LIDER!$H$10+$H$41*LIDER!$H$11+$I$41*LIDER!$H$12+$J$41*LIDER!$H$13+$K$41*LIDER!$H$14+$L$41*LIDER!$H$15,"N")) -> 3 | F41: 3 | G41: 3 | H41: 3 | I41: 3 | J41: 3
A42: 2 | B42: =LIDER!F52 -> ELIAN MANUEL PACHECO BELTRAN | C42: =C41 -> G06 | E42: =IF(B42=0,0,IF(D42="",$F$41*LIDER!$H$9+$G$41*LIDER!$H$10+$H$41*LIDER!$H$11+$I$41*LIDER!$H$12+$J$41*LIDER!$H$13+$K$41*LIDER!$H$14+$L$41*LIDER!$H$15,"N")) -> 3
A43: 3 | B43: =LIDER!F53 -> VALERIA PASTRANA ARRIETA | C43: =C42 -> G06 | E43: =IF(B43=0,0,IF(D43="",$F$41*LIDER!$H$9+$G$41*LIDER!$H$10+$H$41*LIDER!$H$11+$I$41*LIDER!$H$12+$J$41*LIDER!$H$13+$K$41*LIDER!$H$14+$L$41*LIDER!$H$15,"N")) -> 3
A44: 4 | B44: =LIDER!F54 -> JUAN PABLO QUIJANO GUEVARA | C44: =C43 -> G06 | E44: =IF(B44=0,0,IF(D44="",$F$41*LIDER!$H$9+$G$41*LIDER!$H$10+$H$41*LIDER!$H$11+$I$41*LIDER!$H$12+$J$41*LIDER!$H$13+$K$41*LIDER!$H$14+$L$41*LIDER!$H$15,"N")) -> 3
A45: 5 | B45: =LIDER!F55 -> JOSE ANGEL VALLEJO REALES | C45: =C44 -> G06 | E45: =IF(B45=0,0,IF(D45="",$F$41*LIDER!$H$9+$G$41*LIDER!$H$10+$H$41*LIDER!$H$11+$I$41*LIDER!$H$12+$J$41*LIDER!$H$13+$K$41*LIDER!$H$14+$L$41*LIDER!$H$15,"N")) -> 3
A46: 6 | B46: =LIDER!F56 -> HENRY WILCHES DE LA ROSA | C46: =C45 -> G06 | E46: =IF(B46=0,0,IF(D46="",$F$41*LIDER!$H$9+$G$41*LIDER!$H$10+$H$41*LIDER!$H$11+$I$41*LIDER!$H$12+$J$41*LIDER!$H$13+$K$41*LIDER!$H$14+$L$41*LIDER!$H$15,"N")) -> 3
B47: GRUPO#7 | C47: G07 | D47: =D40 -> LIST | E47: DEF | F47: =LIDER!$E$35 -> GRUPO#7 CÓMO ES EL PERFIL DE DRUMMOND EN LOS NEGOCIOS INTERNACIONALES TENIENDO EN CUENTA LOS ASPECTOS LEGALES, TRIBUTARIOS, ADMINISTRATIVOS, MACROECONÓMICOS, ADUANEROS, TECNOLÓGICOS E INTERNACIONALES
A48: 1 | B48: =LIDER!G51 -> CARLOS JULIO LOPEZ ALEMAN | C48: =C47 -> G07 | E48: =IF(B48=0,0,IF(D48="",$F$48*LIDER!$H$9+$G$48*LIDER!$H$10+$H$48*LIDER!$H$11+$I$48*LIDER!$H$12+$J$48*LIDER!$H$13+$K$48*LIDER!$H$14+$L$48*LIDER!$H$15,"N")) -> 3.2 | F48: 3.2 | G48: 3.2 | H48: 3.2 | I48: 3.2 | J48: 3.2
A49: 2 | B49: =LIDER!G52 -> DYLAN ANDRES RANGEL LOPEZ | C49: =C48 -> G07 | E49: =IF(B49=0,0,IF(D49="",$F$48*LIDER!$H$9+$G$48*LIDER!$H$10+$H$48*LIDER!$H$11+$I$48*LIDER!$H$12+$J$48*LIDER!$H$13+$K$48*LIDER!$H$14+$L$48*LIDER!$H$15,"N")) -> 3.2
A50: 3 | B50: =LIDER!G53 -> SANTIAGO TANGARIFE PONCE | C50: =C49 -> G07 | E50: =IF(B50=0,0,IF(D50="",$F$48*LIDER!$H$9+$G$48*LIDER!$H$10+$H$48*LIDER!$H$11+$I$48*LIDER!$H$12+$J$48*LIDER!$H$13+$K$48*LIDER!$H$14+$L$48*LIDER!$H$15,"N")) -> 3.2
A51: 4 | B51: =LIDER!G54 -> 0 | C51: =C50 -> G07 | E51: =IF(B51=0,0,IF(D51="",$F$48*LIDER!$H$9+$G$48*LIDER!$H$10+$H$48*LIDER!$H$11+$I$48*LIDER!$H$12+$J$48*LIDER!$H$13+$K$48*LIDER!$H$14+$L$48*LIDER!$H$15,"N")) -> 0
A52: 5 | B52: =LIDER!G55 -> 0 | C52: =C51 -> G07 | E52: =IF(B52=0,0,IF(D52="",$F$48*LIDER!$H$9+$G$48*LIDER!$H$10+$H$48*LIDER!$H$11+$I$48*LIDER!$H$12+$J$48*LIDER!$H$13+$K$48*LIDER!$H$14+$L$48*LIDER!$H$15,"N")) -> 0
A53: 6 | B53: =LIDER!G56 -> 0 | C53: =C52 -> G07 | E53: =IF(B53=0,0,IF(D53="",$F$48*LIDER!$H$9+$G$48*LIDER!$H$10+$H$48*LIDER!$H$11+$I$48*LIDER!$H$12+$J$48*LIDER!$H$13+$K$48*LIDER!$H$14+$L$48*LIDER!$H$15,"N")) -> 0
B54: GRUPO#8 | C54: G08 | D54: =D47 -> LIST | E54: DEF | F54: =LIDER!$E$36 -> GRUPO#8 Análisis de los aspectos legales, tributarios, administrativos, macroeconómicos, aduaneros, tecnológicos e internacionales que definen el perfil de The Coca-Cola Company
A55: 1 | B55: =LIDER!H51 -> YURI MAR FUENMAYOR OSORIO | C55: =C54 -> G08 | E55: =IF(B55=0,0,IF(D55="",$F$55*LIDER!$H$9+$G$55*LIDER!$H$10+$H$55*LIDER!$H$11+$I$55*LIDER!$H$12+$J$55*LIDER!$H$13+$K$55*LIDER!$H$14+$L$55*LIDER!$H$15,"N")) -> 4.2 | F55: 4.2 | G55: 4.2 | H55: 4.2 | I55: 4.2 | J55: 4.2
A56: 2 | B56: =LIDER!H52 -> YULEIDIS PAOLA MORENO DIAZ | C56: =C55 -> G08 | E56: =IF(B56=0,0,IF(D56="",$F$55*LIDER!$H$9+$G$55*LIDER!$H$10+$H$55*LIDER!$H$11+$I$55*LIDER!$H$12+$J$55*LIDER!$H$13+$K$55*LIDER!$H$14+$L$55*LIDER!$H$15,"N")) -> 4.2
A57: 3 | B57: =LIDER!H53 -> SHARONE JANNINE ORDOÑEZ ESCUDERO | C57: =C56 -> G08 | E57: =IF(B57=0,0,IF(D57="",$F$55*LIDER!$H$9+$G$55*LIDER!$H$10+$H$55*LIDER!$H$11+$I$55*LIDER!$H$12+$J$55*LIDER!$H$13+$K$55*LIDER!$H$14+$L$55*LIDER!$H$15,"N")) -> 4.2
A58: 4 | B58: =LIDER!H54 -> 0 | C58: =C57 -> G08 | E58: =IF(B58=0,0,IF(D58="",$F$55*LIDER!$H$9+$G$55*LIDER!$H$10+$H$55*LIDER!$H$11+$I$55*LIDER!$H$12+$J$55*LIDER!$H$13+$K$55*LIDER!$H$14+$L$55*LIDER!$H$15,"N")) -> 0
A59: 5 | B59: =LIDER!H55 -> 0 | C59: =C58 -> G08 | E59: =IF(B59=0,0,IF(D59="",$F$55*LIDER!$H$9+$G$55*LIDER!$H$10+$H$55*LIDER!$H$11+$I$55*LIDER!$H$12+$J$55*LIDER!$H$13+$K$55*LIDER!$H$14+$L$55*LIDER!$H$15,"N")) -> 0
A60: 6 | B60: =LIDER!H56 -> 0 | C60: =C59 -> G08 | E60: =IF(B60=0,0,IF(D60="",$F$55*LIDER!$H$9+$G$55*LIDER!$H$10+$H$55*LIDER!$H$11+$I$55*LIDER!$H$12+$J$55*LIDER!$H$13+$K$55*LIDER!$H$14+$L$55*LIDER!$H$15,"N")) -> 0
B61: GRUPO#9 | C61: G09 | D61: =D54 -> LIST | E61: DEF | F61: =LIDER!$E$37 -> GRUPO#9
A62: 1 | B62: =LIDER!E59 -> ISSAC DAVID ANGULO ZABALETA | C62: =C61 -> G09 | E62: =IF(B62=0,0,IF(D62="",$F$62*LIDER!$H$9+$G$62*LIDER!$H$10+$H$62*LIDER!$H$11+$I$62*LIDER!$H$12+$J$62*LIDER!$H$13+$K$62*LIDER!$H$14+$L$62*LIDER!$H$15,"N")) -> 3.2 | F62: 3.2 | G62: 3.2 | H62: 3.2 | I62: 3.2 | J62: 3.2
A63: 2 | B63: =LIDER!E60 -> ANDRES FELIPE ARROYO PARRA | C63: =C62 -> G09 | E63: =IF(B63=0,0,IF(D63="",$F$62*LIDER!$H$9+$G$62*LIDER!$H$10+$H$62*LIDER!$H$11+$I$62*LIDER!$H$12+$J$62*LIDER!$H$13+$K$62*LIDER!$H$14+$L$62*LIDER!$H$15,"N")) -> 3.2
A64: 3 | B64: =LIDER!E61 -> DANNA ALEJANDRA CASTRO ESPINOSA | C64: =C63 -> G09 | E64: =IF(B64=0,0,IF(D64="",$F$62*LIDER!$H$9+$G$62*LIDER!$H$10+$H$62*LIDER!$H$11+$I$62*LIDER!$H$12+$J$62*LIDER!$H$13+$K$62*LIDER!$H$14+$L$62*LIDER!$H$15,"N")) -> 3.2
A65: 4 | B65: =LIDER!E62 -> JUAN DAVID LOPEZ VIDES | C65: =C64 -> G09 | E65: =IF(B65=0,0,IF(D65="",$F$62*LIDER!$H$9+$G$62*LIDER!$H$10+$H$62*LIDER!$H$11+$I$62*LIDER!$H$12+$J$62*LIDER!$H$13+$K$62*LIDER!$H$14+$L$62*LIDER!$H$15,"N")) -> 3.2
A66: 5 | B66: =LIDER!E63 -> ALEJANDRA MORENO VILLALOBO | C66: =C65 -> G09 | E66: =IF(B66=0,0,IF(D66="",$F$62*LIDER!$H$9+$G$62*LIDER!$H$10+$H$62*LIDER!$H$11+$I$62*LIDER!$H$12+$J$62*LIDER!$H$13+$K$62*LIDER!$H$14+$L$62*LIDER!$H$15,"N")) -> 3.2
A67: 6 | B67: =LIDER!E64 -> 0 | C67: =C66 -> G09 | E67: =IF(B67=0,0,IF(D67="",$F$62*LIDER!$H$9+$G$62*LIDER!$H$10+$H$62*LIDER!$H$11+$I$62*LIDER!$H$12+$J$62*LIDER!$H$13+$K$62*LIDER!$H$14+$L$62*LIDER!$H$15,"N")) -> 0
B68: GRUPO#10 | C68: G10 | D68: =D61 -> LIST | E68: DEF | F68: =LIDER!$E$38 -> GRUPO#10
A69: 1 | B69: =LIDER!F59 -> 0 | C69: =C68 -> G10 | E69: =IF(B69=0,0,IF(D69="",$F$69*LIDER!$H$9+$G$69*LIDER!$H$10+$H$69*LIDER!$H$11+$I$69*LIDER!$H$12+$J$69*LIDER!$H$13+$K$69*LIDER!$H$14+$L$69*LIDER!$H$15,"N")) -> 0
A70: 2 | B70: =LIDER!F60 -> 0 | C70: =C69 -> G10 | E70: =IF(B70=0,0,IF(D70="",$F$69*LIDER!$H$9+$G$69*LIDER!$H$10+$H$69*LIDER!$H$11+$I$69*LIDER!$H$12+$J$69*LIDER!$H$13+$K$69*LIDER!$H$14+$L$69*LIDER!$H$15,"N")) -> 0
A71: 3 | B71: =LIDER!F61 -> 0 | C71: =C70 -> G10 | E71: =IF(B71=0,0,IF(D71="",$F$69*LIDER!$H$9+$G$69*LIDER!$H$10+$H$69*LIDER!$H$11+$I$69*LIDER!$H$12+$J$69*LIDER!$H$13+$K$69*LIDER!$H$14+$L$69*LIDER!$H$15,"N")) -> 0
A72: 4 | B72: =LIDER!F62 -> 0 | C72: =C71 -> G10 | E72: =IF(B72=0,0,IF(D72="",$F$69*LIDER!$H$9+$G$69*LIDER!$H$10+$H$69*LIDER!$H$11+$I$69*LIDER!$H$12+$J$69*LIDER!$H$13+$K$69*LIDER!$H$14+$L$69*LIDER!$H$15,"N")) -> 0
A73: 5 | B73: =LIDER!F63 -> 0 | C73: =C72 -> G10 | E73: =IF(B73=0,0,IF(D73="",$F$69*LIDER!$H$9+$G$69*LIDER!$H$10+$H$69*LIDER!$H$11+$I$69*LIDER!$H$12+$J$69*LIDER!$H$13+$K$69*LIDER!$H$14+$L$69*LIDER!$H$15,"N")) -> 0
A74: 6 | B74: =LIDER!F64 -> 0 | C74: =C73 -> G10 | E74: =IF(B74=0,0,IF(D74="",$F$69*LIDER!$H$9+$G$69*LIDER!$H$10+$H$69*LIDER!$H$11+$I$69*LIDER!$H$12+$J$69*LIDER!$H$13+$K$69*LIDER!$H$14+$L$69*LIDER!$H$15,"N")) -> 0
B75: GRUPO#11 | C75: G11 | D75: =D68 -> LIST | E75: DEF | F75: =LIDER!$E$39 -> GRUPO#11
A76: 1 | B76: =LIDER!G59 -> 0 | C76: =C75 -> G11 | E76: =IF(B76=0,0,IF(D76="",$F$76*LIDER!$H$9+$G$76*LIDER!$H$10+$H$76*LIDER!$H$11+$I$76*LIDER!$H$12+$J$76*LIDER!$H$13+$K$76*LIDER!$H$14+$L$76*LIDER!$H$15,"N")) -> 0
A77: 2 | B77: =LIDER!G60 -> 0 | C77: =C76 -> G11 | E77: =IF(B77=0,0,IF(D77="",$F$76*LIDER!$H$9+$G$76*LIDER!$H$10+$H$76*LIDER!$H$11+$I$76*LIDER!$H$12+$J$76*LIDER!$H$13+$K$76*LIDER!$H$14+$L$76*LIDER!$H$15,"N")) -> 0
A78: 3 | B78: =LIDER!G61 -> 0 | C78: =C77 -> G11 | E78: =IF(B78=0,0,IF(D78="",$F$76*LIDER!$H$9+$G$76*LIDER!$H$10+$H$76*LIDER!$H$11+$I$76*LIDER!$H$12+$J$76*LIDER!$H$13+$K$76*LIDER!$H$14+$L$76*LIDER!$H$15,"N")) -> 0
A79: 4 | B79: =LIDER!G62 -> 0 | C79: =C78 -> G11 | E79: =IF(B79=0,0,IF(D79="",$F$76*LIDER!$H$9+$G$76*LIDER!$H$10+$H$76*LIDER!$H$11+$I$76*LIDER!$H$12+$J$76*LIDER!$H$13+$K$76*LIDER!$H$14+$L$76*LIDER!$H$15,"N")) -> 0
A80: 5 | B80: =LIDER!G63 -> 0 | C80: =C79 -> G11 | E80: =IF(B80=0,0,IF(D80="",$F$76*LIDER!$H$9+$G$76*LIDER!$H$10+$H$76*LIDER!$H$11+$I$76*LIDER!$H$12+$J$76*LIDER!$H$13+$K$76*LIDER!$H$14+$L$76*LIDER!$H$15,"N")) -> 0
A81: 6 | B81: =LIDER!G64 -> 0 | C81: =C80 -> G11 | E81: =IF(B81=0,0,IF(D81="",$F$76*LIDER!$H$9+$G$76*LIDER!$H$10+$H$76*LIDER!$H$11+$I$76*LIDER!$H$12+$J$76*LIDER!$H$13+$K$76*LIDER!$H$14+$L$76*LIDER!$H$15,"N")) -> 0
B82: GRUPO#12 | C82: G12 | D82: =D75 -> LIST | E82: DEF | F82: =LIDER!$E$40 -> GRUPO#12
A83: 1 | B83: =LIDER!H59 -> 0 | C83: =C82 -> G12 | E83: =IF(B83=0,0,IF(D83="",$F$83*LIDER!$H$9+$G$83*LIDER!$H$10+$H$83*LIDER!$H$11+$I$83*LIDER!$H$12+$J$83*LIDER!$H$13+$K$83*LIDER!$H$14+$L$83*LIDER!$H$15,"N")) -> 0
A84: 2 | B84: =LIDER!H60 -> 0 | C84: =C83 -> G12 | E84: =IF(B84=0,0,IF(D84="",$F$83*LIDER!$H$9+$G$83*LIDER!$H$10+$H$83*LIDER!$H$11+$I$83*LIDER!$H$12+$J$83*LIDER!$H$13+$K$83*LIDER!$H$14+$L$83*LIDER!$H$15,"N")) -> 0
A85: 3 | B85: =LIDER!H61 -> 0 | C85: =C84 -> G12 | E85: =IF(B85=0,0,IF(D85="",$F$83*LIDER!$H$9+$G$83*LIDER!$H$10+$H$83*LIDER!$H$11+$I$83*LIDER!$H$12+$J$83*LIDER!$H$13+$K$83*LIDER!$H$14+$L$83*LIDER!$H$15,"N")) -> 0
A86: 4 | B86: =LIDER!H62 -> 0 | C86: =C85 -> G12 | E86: =IF(B86=0,0,IF(D86="",$F$83*LIDER!$H$9+$G$83*LIDER!$H$10+$H$83*LIDER!$H$11+$I$83*LIDER!$H$12+$J$83*LIDER!$H$13+$K$83*LIDER!$H$14+$L$83*LIDER!$H$15,"N")) -> 0
A87: 5 | B87: =LIDER!H63 -> 0 | C87: =C86 -> G12 | E87: =IF(B87=0,0,IF(D87="",$F$83*LIDER!$H$9+$G$83*LIDER!$H$10+$H$83*LIDER!$H$11+$I$83*LIDER!$H$12+$J$83*LIDER!$H$13+$K$83*LIDER!$H$14+$L$83*LIDER!$H$15,"N")) -> 0
A88: 6 | B88: =LIDER!H64 -> 0 | C88: =C87 -> G12 | E88: =IF(B88=0,0,IF(D88="",$F$83*LIDER!$H$9+$G$83*LIDER!$H$10+$H$83*LIDER!$H$11+$I$83*LIDER!$H$12+$J$83*LIDER!$H$13+$K$83*LIDER!$H$14+$L$83*LIDER!$H$15,"N")) -> 0

Sheet S-ASIG-04
A1: =LIDER!B2 -> TECNOLOGÍA EN GESTIÓN DE NEGOCIOS INTERN | I1: =LIDER!E2 -> SEMESTRE: | J1: =LIDER!F2 -> SEM-03 | K1: =LIDER!G2 -> SECCIÓN: | L1: =LIDER!H2 -> 3
B2: =LIDER!F4 -> MACROECONOMÍA | F2: CRITERIOS DE EVALUACIÓN
B3: Estudiantes | F3: =LIDER!E9 -> PRESENTACIÓN GENERAL: Adopta la norma APA, tamaño de la hoja, margenes, titulo, portadas, numeración de paginas, tabla de contenido automatizada, ortografia, justificacion del texto, citas automatizadas, listas, figuras,etc. | G3: =LIDER!E10 -> ANTEPROYECTO: Portada, planteamiento del problema, justificacion del trabajo o proyecto de aula, objetivos, marco teorico, diseño metodologico. | H3: =LIDER!E11 -> RESULTADOS: Analiza, integra y aplica de manera coherente los aspectos legales-tributarios, administrativos y tecnológicos en el desarrollo de la propuesta investigativa, evidenciando capacidad para generar soluciones viables, pertinentes y sostenibles. | I3: =LIDER!E12 -> BILIOGRAFIA: Las referencias bibliograficas: adoptan las normas APA. El documento es producto de un rastreo bibliografico que muestra analisis y sistensis. | J3: =LIDER!E13 -> ASESORIAS: Anexó la hoja de tutoria firmada ( 3 fimas minmimo). | K3: =LIDER!E14 -> 0 | L3: =LIDER!E15 -> 0
F4: =CONCATENATE(LIDER!F4," - ",LIDER!F6," - ",LIDER!F5) -> MACROECONOMÍA - 1531 - ANDRES PAJARO CASTRO
B5: GRUPO#1 | C5: G01 | D5: LIST | E5: DEF | F5: =LIDER!$E$29 -> GRUPO#1 Descripción de los Aspectos Internacionales, Macroeconómicos, Legales, administrativos, aduaneros y tecnológicos de Progan del Caribe S.A.S
A6: 1 | B6: =LIDER!E43 -> EDINSON ANDRES CASTRO PADILLA | C6: =C5 -> G01 | E6: =IF(B6=0,0,IF(D6="",$F$6*LIDER!$H$9+$G$6*LIDER!$H$10+$H$6*LIDER!$H$11+$I$6*LIDER!$H$12+$J$6*LIDER!$H$13+$K$6*LIDER!$H$14+$L$6*LIDER!$H$15,"N")) -> 0
A7: 2 | B7: =LIDER!E44 -> MATEO ANDRÉS CUESTA DÍAZ | C7: =C6 -> G01 | E7: =IF(B7=0,0,IF(D7="",$F$6*LIDER!$H$9+$G$6*LIDER!$H$10+$H$6*LIDER!$H$11+$I$6*LIDER!$H$12+$J$6*LIDER!$H$13+$K$6*LIDER!$H$14+$L$6*LIDER!$H$15,"N")) -> 0
A8: 3 | B8: =LIDER!E45 -> LUKASS GIRALDO RAMIREZ | C8: =C7 -> G01 | E8: =IF(B8=0,0,IF(D8="",$F$6*LIDER!$H$9+$G$6*LIDER!$H$10+$H$6*LIDER!$H$11+$I$6*LIDER!$H$12+$J$6*LIDER!$H$13+$K$6*LIDER!$H$14+$L$6*LIDER!$H$15,"N")) -> 0
A9: 4 | B9: =LIDER!E46 -> LOREINES OSPINO HERNÁNDEZ | C9: =C8 -> G01 | E9: =IF(B9=0,0,IF(D9="",$F$6*LIDER!$H$9+$G$6*LIDER!$H$10+$H$6*LIDER!$H$11+$I$6*LIDER!$H$12+$J$6*LIDER!$H$13+$K$6*LIDER!$H$14+$L$6*LIDER!$H$15,"N")) -> 0
A10: 5 | B10: =LIDER!E47 -> LAURA SOFÍA PÉREZ ARÉVALO | C10: =C9 -> G01 | E10: =IF(B10=0,0,IF(D10="",$F$6*LIDER!$H$9+$G$6*LIDER!$H$10+$H$6*LIDER!$H$11+$I$6*LIDER!$H$12+$J$6*LIDER!$H$13+$K$6*LIDER!$H$14+$L$6*LIDER!$H$15,"N")) -> 0
A11: 6 | B11: =LIDER!E48 -> VALERY DANIELA SAENZ WATTS | C11: =C10 -> G01 | E11: =IF(B11=0,0,IF(D11="",$F$6*LIDER!$H$9+$G$6*LIDER!$H$10+$H$6*LIDER!$H$11+$I$6*LIDER!$H$12+$J$6*LIDER!$H$13+$K$6*LIDER!$H$14+$L$6*LIDER!$H$15,"N")) -> 0
B12: GRUPO#2 | C12: G02 | D12: =D5 -> LIST | E12: DEF | F12: =LIDER!$E$30 -> GRUPO#2 ¿CUALES SON LOS ASPECTOS LEGALES, TRIBUTARIOS, ADMINISTRATIVOS, MACROECONOMICOS, ADUANEROS, TECNOLOGICOS E INTERNACIONALES QUE DEFINEN EL PERFIL DE LAS EMPRESA CEMENTOS ARGOS S.A EN LOS NEGOCIOS INTERNACIONALES?
A13: 1 | B13: =LIDER!F43 -> MARIA CRISTINA CAÑATE MERCADO | C13: =C12 -> G02 | E13: =IF(B13=0,0,IF(D13="",$F$13*LIDER!$H$9+$G$13*LIDER!$H$10+$H$13*LIDER!$H$11+$I$13*LIDER!$H$12+$J$13*LIDER!$H$13+$K$13*LIDER!$H$14+$L$13*LIDER!$H$15,"N")) -> 0
A14: 2 | B14: =LIDER!F44 -> KARINA MARRUGO MEZA | C14: =C13 -> G02 | E14: =IF(B14=0,0,IF(D14="",$F$13*LIDER!$H$9+$G$13*LIDER!$H$10+$H$13*LIDER!$H$11+$I$13*LIDER!$H$12+$J$13*LIDER!$H$13+$K$13*LIDER!$H$14+$L$13*LIDER!$H$15,"N")) -> 0
A15: 3 | B15: =LIDER!F45 -> HILARYS CAROLINA PATERNINA DONADO | C15: =C14 -> G02 | E15: =IF(B15=0,0,IF(D15="",$F$13*LIDER!$H$9+$G$13*LIDER!$H$10+$H$13*LIDER!$H$11+$I$13*LIDER!$H$12+$J$13*LIDER!$H$13+$K$13*LIDER!$H$14+$L$13*LIDER!$H$15,"N")) -> 0
A16: 4 | B16: =LIDER!F46 -> MATEO QUINTANA SERNA | C16: =C15 -> G02 | E16: =IF(B16=0,0,IF(D16="",$F$13*LIDER!$H$9+$G$13*LIDER!$H$10+$H$13*LIDER!$H$11+$I$13*LIDER!$H$12+$J$13*LIDER!$H$13+$K$13*LIDER!$H$14+$L$13*LIDER!$H$15,"N")) -> 0
A17: 5 | B17: =LIDER!F47 -> 0 | C17: =C16 -> G02 | E17: =IF(B17=0,0,IF(D17="",$F$13*LIDER!$H$9+$G$13*LIDER!$H$10+$H$13*LIDER!$H$11+$I$13*LIDER!$H$12+$J$13*LIDER!$H$13+$K$13*LIDER!$H$14+$L$13*LIDER!$H$15,"N")) -> 0
A18: 6 | B18: =LIDER!F48 -> 0 | C18: =C17 -> G02 | E18: =IF(B18=0,0,IF(D18="",$F$13*LIDER!$H$9+$G$13*LIDER!$H$10+$H$13*LIDER!$H$11+$I$13*LIDER!$H$12+$J$13*LIDER!$H$13+$K$13*LIDER!$H$14+$L$13*LIDER!$H$15,"N")) -> 0
B19: GRUPO#3 | C19: G03 | D19: =D12 -> LIST | E19: DEF | F19: =LIDER!$E$31 -> GRUPO#3 ¿Cuáles son los aspectos legales, tributarios, administrativos, macroeconómicos, aduaneros, tecnológicos e internacionales que definen el perfil de expocafe en los negocios internacionales?
A20: 1 | B20: =LIDER!G43 -> YULEDIS BECERRA GOMEZ | C20: =C19 -> G03 | E20: =IF(B20=0,0,IF(D20="",$F$20*LIDER!$H$9+$G$20*LIDER!$H$10+$H$20*LIDER!$H$11+$I$20*LIDER!$H$12+$J$20*LIDER!$H$13+$K$20*LIDER!$H$14+$L$20*LIDER!$H$15,"N")) -> 0
A21: 2 | B21: =LIDER!G44 -> JULIO ALBERTO LANCHEROS PACHECO | C21: =C20 -> G03 | E21: =IF(B21=0,0,IF(D21="",$F$20*LIDER!$H$9+$G$20*LIDER!$H$10+$H$20*LIDER!$H$11+$I$20*LIDER!$H$12+$J$20*LIDER!$H$13+$K$20*LIDER!$H$14+$L$20*LIDER!$H$15,"N")) -> 0
A22: 3 | B22: =LIDER!G45 -> NELCY CAROLINA MEZA PÉREZ | C22: =C21 -> G03 | E22: =IF(B22=0,0,IF(D22="",$F$20*LIDER!$H$9+$G$20*LIDER!$H$10+$H$20*LIDER!$H$11+$I$20*LIDER!$H$12+$J$20*LIDER!$H$13+$K$20*LIDER!$H$14+$L$20*LIDER!$H$15,"N")) -> 0
A23: 4 | B23: =LIDER!G46 -> 0 | C23: =C22 -> G03 | E23: =IF(B23=0,0,IF(D23="",$F$20*LIDER!$H$9+$G$20*LIDER!$H$10+$H$20*LIDER!$H$11+$I$20*LIDER!$H$12+$J$20*LIDER!$H$13+$K$20*LIDER!$H$14+$L$20*LIDER!$H$15,"N")) -> 0
A24: 5 | B24: =LIDER!G47 -> 0 | C24: =C23 -> G03 | E24: =IF(B24=0,0,IF(D24="",$F$20*LIDER!$H$9+$G$20*LIDER!$H$10+$H$20*LIDER!$H$11+$I$20*LIDER!$H$12+$J$20*LIDER!$H$13+$K$20*LIDER!$H$14+$L$20*LIDER!$H$15,"N")) -> 0
A25: 6 | B25: =LIDER!G48 -> 0 | C25: =C24 -> G03 | E25: =IF(B25=0,0,IF(D25="",$F$20*LIDER!$H$9+$G$20*LIDER!$H$10+$H$20*LIDER!$H$11+$I$20*LIDER!$H$12+$J$20*LIDER!$H$13+$K$20*LIDER!$H$14+$L$20*LIDER!$H$15,"N")) -> 0
B26: GRUPO#4 | C26: G04 | D26: =D19 -> LIST | E26: DEF | F26: =LIDER!$E$32 -> GRUPO#4
A27: 1 | B27: =LIDER!H43 -> HELENA ISABEL ALVAREZ CORTINA | C27: =C26 -> G04 | E27: =IF(B27=0,0,IF(D27="",$F$27*LIDER!$H$9+$G$27*LIDER!$H$10+$H$27*LIDER!$H$11+$I$27*LIDER!$H$12+$J$27*LIDER!$H$13+$K$27*LIDER!$H$14+$L$27*LIDER!$H$15,"N")) -> 0
A28: 2 | B28: =LIDER!H44 -> ANDREA KAROLAY CARRILLO GOMEZ | C28: =C27 -> G04 | E28: =IF(B28=0,0,IF(D28="",$F$27*LIDER!$H$9+$G$27*LIDER!$H$10+$H$27*LIDER!$H$11+$I$27*LIDER!$H$12+$J$27*LIDER!$H$13+$K$27*LIDER!$H$14+$L$27*LIDER!$H$15,"N")) -> 0
A29: 3 | B29: =LIDER!H45 -> MELANY ANDREA FLÓREZ ALMANZA | C29: =C28 -> G04 | E29: =IF(B29=0,0,IF(D29="",$F$27*LIDER!$H$9+$G$27*LIDER!$H$10+$H$27*LIDER!$H$11+$I$27*LIDER!$H$12+$J$27*LIDER!$H$13+$K$27*LIDER!$H$14+$L$27*LIDER!$H$15,"N")) -> 0
A30: 4 | B30: =LIDER!H46 -> JUAN SEBASTIAN PRENS BOSSIO | C30: =C29 -> G04 | E30: =IF(B30=0,0,IF(D30="",$F$27*LIDER!$H$9+$G$27*LIDER!$H$10+$H$27*LIDER!$H$11+$I$27*LIDER!$H$12+$J$27*LIDER!$H$13+$K$27*LIDER!$H$14+$L$27*LIDER!$H$15,"N")) -> 0
A31: 5 | B31: =LIDER!H47 -> ALEXANDER DUBAN PROTZKAR DE LA HOZ | C31: =C30 -> G04 | E31: =IF(B31=0,0,IF(D31="",$F$27*LIDER!$H$9+$G$27*LIDER!$H$10+$H$27*LIDER!$H$11+$I$27*LIDER!$H$12+$J$27*LIDER!$H$13+$K$27*LIDER!$H$14+$L$27*LIDER!$H$15,"N")) -> 0
A32: 6 | B32: =LIDER!H48 -> 0 | C32: =C31 -> G04 | E32: =IF(B32=0,0,IF(D32="",$F$27*LIDER!$H$9+$G$27*LIDER!$H$10+$H$27*LIDER!$H$11+$I$27*LIDER!$H$12+$J$27*LIDER!$H$13+$K$27*LIDER!$H$14+$L$27*LIDER!$H$15,"N")) -> 0
B33: GRUPO#5 | C33: G05 | D33: =D26 -> LIST | E33: DEF | F33: =LIDER!$E$33 -> GRUPO#5 Cuáles son los aspectos legales, tributarios, administrativos, macroeconómicos, aduaneros, tecnológicos e internacionales que definen el perfil de la empresa Colombina S.A. en los negocios internacionales
A34: 1 | B34: =LIDER!E51 -> SIARA LUCIA CHAMS CARBALLO | C34: =C33 -> G05 | E34: =IF(B34=0,0,IF(D34="",$F$34*LIDER!$H$9+$G$34*LIDER!$H$10+$H$34*LIDER!$H$11+$I$34*LIDER!$H$12+$J$34*LIDER!$H$13+$K$34*LIDER!$H$14+$L$34*LIDER!$H$15,"N")) -> 0
A35: 2 | B35: =LIDER!E52 -> LUCINDA GARCIA CASTRO | C35: =C34 -> G05 | E35: =IF(B35=0,0,IF(D35="",$F$34*LIDER!$H$9+$G$34*LIDER!$H$10+$H$34*LIDER!$H$11+$I$34*LIDER!$H$12+$J$34*LIDER!$H$13+$K$34*LIDER!$H$14+$L$34*LIDER!$H$15,"N")) -> 0
A36: 3 | B36: =LIDER!E53 -> SAMUEL DVID JULIO BARRIOS | C36: =C35 -> G05 | E36: =IF(B36=0,0,IF(D36="",$F$34*LIDER!$H$9+$G$34*LIDER!$H$10+$H$34*LIDER!$H$11+$I$34*LIDER!$H$12+$J$34*LIDER!$H$13+$K$34*LIDER!$H$14+$L$34*LIDER!$H$15,"N")) -> 0
A37: 4 | B37: =LIDER!E54 -> LAUREN CAROLINA MARTINEZ LICONA | C37: =C36 -> G05 | E37: =IF(B37=0,0,IF(D37="",$F$34*LIDER!$H$9+$G$34*LIDER!$H$10+$H$34*LIDER!$H$11+$I$34*LIDER!$H$12+$J$34*LIDER!$H$13+$K$34*LIDER!$H$14+$L$34*LIDER!$H$15,"N")) -> 0
A38: 5 | B38: =LIDER!E55 -> ASLLY MARGARITA RINCON MATTOS | C38: =C37 -> G05 | E38: =IF(B38=0,0,IF(D38="",$F$34*LIDER!$H$9+$G$34*LIDER!$H$10+$H$34*LIDER!$H$11+$I$34*LIDER!$H$12+$J$34*LIDER!$H$13+$K$34*LIDER!$H$14+$L$34*LIDER!$H$15,"N")) -> 0
A39: 6 | B39: =LIDER!E56 -> 0 | C39: =C38 -> G05 | E39: =IF(B39=0,0,IF(D39="",$F$34*LIDER!$H$9+$G$34*LIDER!$H$10+$H$34*LIDER!$H$11+$I$34*LIDER!$H$12+$J$34*LIDER!$H$13+$K$34*LIDER!$H$14+$L$34*LIDER!$H$15,"N")) -> 0
B40: GRUPO#6 | C40: G06 | D40: =D33 -> LIST | E40: DEF | F40: =LIDER!$E$34 -> GRUPO#6
A41: 1 | B41: =LIDER!F51 -> YEIDER SANTIAGO BOHORQUEZ GONZALEZ | C41: =C40 -> G06 | E41: =IF(B41=0,0,IF(D41="",$F$41*LIDER!$H$9+$G$41*LIDER!$H$10+$H$41*LIDER!$H$11+$I$41*LIDER!$H$12+$J$41*LIDER!$H$13+$K$41*LIDER!$H$14+$L$41*LIDER!$H$15,"N")) -> 0
A42: 2 | B42: =LIDER!F52 -> ELIAN MANUEL PACHECO BELTRAN | C42: =C41 -> G06 | E42: =IF(B42=0,0,IF(D42="",$F$41*LIDER!$H$9+$G$41*LIDER!$H$10+$H$41*LIDER!$H$11+$I$41*LIDER!$H$12+$J$41*LIDER!$H$13+$K$41*LIDER!$H$14+$L$41*LIDER!$H$15,"N")) -> 0
A43: 3 | B43: =LIDER!F53 -> VALERIA PASTRANA ARRIETA | C43: =C42 -> G06 | E43: =IF(B43=0,0,IF(D43="",$F$41*LIDER!$H$9+$G$41*LIDER!$H$10+$H$41*LIDER!$H$11+$I$41*LIDER!$H$12+$J$41*LIDER!$H$13+$K$41*LIDER!$H$14+$L$41*LIDER!$H$15,"N")) -> 0
A44: 4 | B44: =LIDER!F54 -> JUAN PABLO QUIJANO GUEVARA | C44: =C43 -> G06 | E44: =IF(B44=0,0,IF(D44="",$F$41*LIDER!$H$9+$G$41*LIDER!$H$10+$H$41*LIDER!$H$11+$I$41*LIDER!$H$12+$J$41*LIDER!$H$13+$K$41*LIDER!$H$14+$L$41*LIDER!$H$15,"N")) -> 0
A45: 5 | B45: =LIDER!F55 -> JOSE ANGEL VALLEJO REALES | C45: =C44 -> G06 | E45: =IF(B45=0,0,IF(D45="",$F$41*LIDER!$H$9+$G$41*LIDER!$H$10+$H$41*LIDER!$H$11+$I$41*LIDER!$H$12+$J$41*LIDER!$H$13+$K$41*LIDER!$H$14+$L$41*LIDER!$H$15,"N")) -> 0
A46: 6 | B46: =LIDER!F56 -> HENRY WILCHES DE LA ROSA | C46: =C45 -> G06 | E46: =IF(B46=0,0,IF(D46="",$F$41*LIDER!$H$9+$G$41*LIDER!$H$10+$H$41*LIDER!$H$11+$I$41*LIDER!$H$12+$J$41*LIDER!$H$13+$K$41*LIDER!$H$14+$L$41*LIDER!$H$15,"N")) -> 0
B47: GRUPO#7 | C47: G07 | D47: =D40 -> LIST | E47: DEF | F47: =LIDER!$E$35 -> GRUPO#7 CÓMO ES EL PERFIL DE DRUMMOND EN LOS NEGOCIOS INTERNACIONALES TENIENDO EN CUENTA LOS ASPECTOS LEGALES, TRIBUTARIOS, ADMINISTRATIVOS, MACROECONÓMICOS, ADUANEROS, TECNOLÓGICOS E INTERNACIONALES
A48: 1 | B48: =LIDER!G51 -> CARLOS JULIO LOPEZ ALEMAN | C48: =C47 -> G07 | E48: =IF(B48=0,0,IF(D48="",$F$48*LIDER!$H$9+$G$48*LIDER!$H$10+$H$48*LIDER!$H$11+$I$48*LIDER!$H$12+$J$48*LIDER!$H$13+$K$48*LIDER!$H$14+$L$48*LIDER!$H$15,"N")) -> 0
A49: 2 | B49: =LIDER!G52 -> DYLAN ANDRES RANGEL LOPEZ | C49: =C48 -> G07 | E49: =IF(B49=0,0,IF(D49="",$F$48*LIDER!$H$9+$G$48*LIDER!$H$10+$H$48*LIDER!$H$11+$I$48*LIDER!$H$12+$J$48*LIDER!$H$13+$K$48*LIDER!$H$14+$L$48*LIDER!$H$15,"N")) -> 0
A50: 3 | B50: =LIDER!G53 -> SANTIAGO TANGARIFE PONCE | C50: =C49 -> G07 | E50: =IF(B50=0,0,IF(D50="",$F$48*LIDER!$H$9+$G$48*LIDER!$H$10+$H$48*LIDER!$H$11+$I$48*LIDER!$H$12+$J$48*LIDER!$H$13+$K$48*LIDER!$H$14+$L$48*LIDER!$H$15,"N")) -> 0
A51: 4 | B51: =LIDER!G54 -> 0 | C51: =C50 -> G07 | E51: =IF(B51=0,0,IF(D51="",$F$48*LIDER!$H$9+$G$48*LIDER!$H$10+$H$48*LIDER!$H$11+$I$48*LIDER!$H$12+$J$48*LIDER!$H$13+$K$48*LIDER!$H$14+$L$48*LIDER!$H$15,"N")) -> 0
A52: 5 | B52: =LIDER!G55 -> 0 | C52: =C51 -> G07 | E52: =IF(B52=0,0,IF(D52="",$F$48*LIDER!$H$9+$G$48*LIDER!$H$10+$H$48*LIDER!$H$11+$I$48*LIDER!$H$12+$J$48*LIDER!$H$13+$K$48*LIDER!$H$14+$L$48*LIDER!$H$15,"N")) -> 0
A53: 6 | B53: =LIDER!G56 -> 0 | C53: =C52 -> G07 | E53: =IF(B53=0,0,IF(D53="",$F$48*LIDER!$H$9+$G$48*LIDER!$H$10+$H$48*LIDER!$H$11+$I$48*LIDER!$H$12+$J$48*LIDER!$H$13+$K$48*LIDER!$H$14+$L$48*LIDER!$H$15,"N")) -> 0
B54: GRUPO#8 | C54: G08 | D54: =D47 -> LIST | E54: DEF | F54: =LIDER!$E$36 -> GRUPO#8 Análisis de los aspectos legales, tributarios, administrativos, macroeconómicos, aduaneros, tecnológicos e internacionales que definen el perfil de The Coca-Cola Company
A55: 1 | B55: =LIDER!H51 -> YURI MAR FUENMAYOR OSORIO | C55: =C54 -> G08 | E55: =IF(B55=0,0,IF(D55="",$F$55*LIDER!$H$9+$G$55*LIDER!$H$10+$H$55*LIDER!$H$11+$I$55*LIDER!$H$12+$J$55*LIDER!$H$13+$K$55*LIDER!$H$14+$L$55*LIDER!$H$15,"N")) -> 0
A56: 2 | B56: =LIDER!H52 -> YULEIDIS PAOLA MORENO DIAZ | C56: =C55 -> G08 | E56: =IF(B56=0,0,IF(D56="",$F$55*LIDER!$H$9+$G$55*LIDER!$H$10+$H$55*LIDER!$H$11+$I$55*LIDER!$H$12+$J$55*LIDER!$H$13+$K$55*LIDER!$H$14+$L$55*LIDER!$H$15,"N")) -> 0
A57: 3 | B57: =LIDER!H53 -> SHARONE JANNINE ORDOÑEZ ESCUDERO | C57: =C56 -> G08 | E57: =IF(B57=0,0,IF(D57="",$F$55*LIDER!$H$9+$G$55*LIDER!$H$10+$H$55*LIDER!$H$11+$I$55*LIDER!$H$12+$J$55*LIDER!$H$13+$K$55*LIDER!$H$14+$L$55*LIDER!$H$15,"N")) -> 0
A58: 4 | B58: =LIDER!H54 -> 0 | C58: =C57 -> G08 | E58: =IF(B58=0,0,IF(D58="",$F$55*LIDER!$H$9+$G$55*LIDER!$H$10+$H$55*LIDER!$H$11+$I$55*LIDER!$H$12+$J$55*LIDER!$H$13+$K$55*LIDER!$H$14+$L$55*LIDER!$H$15,"N")) -> 0
A59: 5 | B59: =LIDER!H55 -> 0 | C59: =C58 -> G08 | E59: =IF(B59=0,0,IF(D59="",$F$55*LIDER!$H$9+$G$55*LIDER!$H$10+$H$55*LIDER!$H$11+$I$55*LIDER!$H$12+$J$55*LIDER!$H$13+$K$55*LIDER!$H$14+$L$55*LIDER!$H$15,"N")) -> 0
A60: 6 | B60: =LIDER!H56 -> 0 | C60: =C59 -> G08 | E60: =IF(B60=0,0,IF(D60="",$F$55*LIDER!$H$9+$G$55*LIDER!$H$10+$H$55*LIDER!$H$11+$I$55*LIDER!$H$12+$J$55*LIDER!$H$13+$K$55*LIDER!$H$14+$L$55*LIDER!$H$15,"N")) -> 0
B61: GRUPO#9 | C61: G09 | D61: =D54 -> LIST | E61: DEF | F61: =LIDER!$E$37 -> GRUPO#9
A62: 1 | B62: =LIDER!E59 -> ISSAC DAVID ANGULO ZABALETA | C62: =C61 -> G09 | E62: =IF(B62=0,0,IF(D62="",$F$62*LIDER!$H$9+$G$62*LIDER!$H$10+$H$62*LIDER!$H$11+$I$62*LIDER!$H$12+$J$62*LIDER!$H$13+$K$62*LIDER!$H$14+$L$62*LIDER!$H$15,"N")) -> 0
A63: 2 | B63: =LIDER!E60 -> ANDRES FELIPE ARROYO PARRA | C63: =C62 -> G09 | E63: =IF(B63=0,0,IF(D63="",$F$62*LIDER!$H$9+$G$62*LIDER!$H$10+$H$62*LIDER!$H$11+$I$62*LIDER!$H$12+$J$62*LIDER!$H$13+$K$62*LIDER!$H$14+$L$62*LIDER!$H$15,"N")) -> 0
A64: 3 | B64: =LIDER!E61 -> DANNA ALEJANDRA CASTRO ESPINOSA | C64: =C63 -> G09 | E64: =IF(B64=0,0,IF(D64="",$F$62*LIDER!$H$9+$G$62*LIDER!$H$10+$H$62*LIDER!$H$11+$I$62*LIDER!$H$12+$J$62*LIDER!$H$13+$K$62*LIDER!$H$14+$L$62*LIDER!$H$15,"N")) -> 0
A65: 4 | B65: =LIDER!E62 -> JUAN DAVID LOPEZ VIDES | C65: =C64 -> G09 | E65: =IF(B65=0,0,IF(D65="",$F$62*LIDER!$H$9+$G$62*LIDER!$H$10+$H$62*LIDER!$H$11+$I$62*LIDER!$H$12+$J$62*LIDER!$H$13+$K$62*LIDER!$H$14+$L$62*LIDER!$H$15,"N")) -> 0
A66: 5 | B66: =LIDER!E63 -> ALEJANDRA MORENO VILLALOBO | C66: =C65 -> G09 | E66: =IF(B66=0,0,IF(D66="",$F$62*LIDER!$H$9+$G$62*LIDER!$H$10+$H$62*LIDER!$H$11+$I$62*LIDER!$H$12+$J$62*LIDER!$H$13+$K$62*LIDER!$H$14+$L$62*LIDER!$H$15,"N")) -> 0
A67: 6 | B67: =LIDER!E64 -> 0 | C67: =C66 -> G09 | E67: =IF(B67=0,0,IF(D67="",$F$62*LIDER!$H$9+$G$62*LIDER!$H$10+$H$62*LIDER!$H$11+$I$62*LIDER!$H$12+$J$62*LIDER!$H$13+$K$62*LIDER!$H$14+$L$62*LIDER!$H$15,"N")) -> 0
B68: GRUPO#10 | C68: G10 | D68: =D61 -> LIST | E68: DEF | F68: =LIDER!$E$38 -> GRUPO#10
A69: 1 | B69: =LIDER!F59 -> 0 | C69: =C68 -> G10 | E69: =IF(B69=0,0,IF(D69="",$F$69*LIDER!$H$9+$G$69*LIDER!$H$10+$H$69*LIDER!$H$11+$I$69*LIDER!$H$12+$J$69*LIDER!$H$13+$K$69*LIDER!$H$14+$L$69*LIDER!$H$15,"N")) -> 0
A70: 2 | B70: =LIDER!F60 -> 0 | C70: =C69 -> G10 | E70: =IF(B70=0,0,IF(D70="",$F$69*LIDER!$H$9+$G$69*LIDER!$H$10+$H$69*LIDER!$H$11+$I$69*LIDER!$H$12+$J$69*LIDER!$H$13+$K$69*LIDER!$H$14+$L$69*LIDER!$H$15,"N")) -> 0
A71: 3 | B71: =LIDER!F61 -> 0 | C71: =C70 -> G10 | E71: =IF(B71=0,0,IF(D71="",$F$69*LIDER!$H$9+$G$69*LIDER!$H$10+$H$69*LIDER!$H$11+$I$69*LIDER!$H$12+$J$69*LIDER!$H$13+$K$69*LIDER!$H$14+$L$69*LIDER!$H$15,"N")) -> 0
A72: 4 | B72: =LIDER!F62 -> 0 | C72: =C71 -> G10 | E72: =IF(B72=0,0,IF(D72="",$F$69*LIDER!$H$9+$G$69*LIDER!$H$10+$H$69*LIDER!$H$11+$I$69*LIDER!$H$12+$J$69*LIDER!$H$13+$K$69*LIDER!$H$14+$L$69*LIDER!$H$15,"N")) -> 0
A73: 5 | B73: =LIDER!F63 -> 0 | C73: =C72 -> G10 | E73: =IF(B73=0,0,IF(D73="",$F$69*LIDER!$H$9+$G$69*LIDER!$H$10+$H$69*LIDER!$H$11+$I$69*LIDER!$H$12+$J$69*LIDER!$H$13+$K$69*LIDER!$H$14+$L$69*LIDER!$H$15,"N")) -> 0
A74: 6 | B74: =LIDER!F64 -> 0 | C74: =C73 -> G10 | E74: =IF(B74=0,0,IF(D74="",$F$69*LIDER!$H$9+$G$69*LIDER!$H$10+$H$69*LIDER!$H$11+$I$69*LIDER!$H$12+$J$69*LIDER!$H$13+$K$69*LIDER!$H$14+$L$69*LIDER!$H$15,"N")) -> 0
B75: GRUPO#11 | C75: G11 | D75: =D68 -> LIST | E75: DEF | F75: =LIDER!$E$39 -> GRUPO#11
A76: 1 | B76: =LIDER!G59 -> 0 | C76: =C75 -> G11 | E76: =IF(B76=0,0,IF(D76="",$F$76*LIDER!$H$9+$G$76*LIDER!$H$10+$H$76*LIDER!$H$11+$I$76*LIDER!$H$12+$J$76*LIDER!$H$13+$K$76*LIDER!$H$14+$L$76*LIDER!$H$15,"N")) -> 0
A77: 2 | B77: =LIDER!G60 -> 0 | C77: =C76 -> G11 | E77: =IF(B77=0,0,IF(D77="",$F$76*LIDER!$H$9+$G$76*LIDER!$H$10+$H$76*LIDER!$H$11+$I$76*LIDER!$H$12+$J$76*LIDER!$H$13+$K$76*LIDER!$H$14+$L$76*LIDER!$H$15,"N")) -> 0
A78: 3 | B78: =LIDER!G61 -> 0 | C78: =C77 -> G11 | E78: =IF(B78=0,0,IF(D78="",$F$76*LIDER!$H$9+$G$76*LIDER!$H$10+$H$76*LIDER!$H$11+$I$76*LIDER!$H$12+$J$76*LIDER!$H$13+$K$76*LIDER!$H$14+$L$76*LIDER!$H$15,"N")) -> 0
A79: 4 | B79: =LIDER!G62 -> 0 | C79: =C78 -> G11 | E79: =IF(B79=0,0,IF(D79="",$F$76*LIDER!$H$9+$G$76*LIDER!$H$10+$H$76*LIDER!$H$11+$I$76*LIDER!$H$12+$J$76*LIDER!$H$13+$K$76*LIDER!$H$14+$L$76*LIDER!$H$15,"N")) -> 0
A80: 5 | B80: =LIDER!G63 -> 0 | C80: =C79 -> G11 | E80: =IF(B80=0,0,IF(D80="",$F$76*LIDER!$H$9+$G$76*LIDER!$H$10+$H$76*LIDER!$H$11+$I$76*LIDER!$H$12+$J$76*LIDER!$H$13+$K$76*LIDER!$H$14+$L$76*LIDER!$H$15,"N")) -> 0
A81: 6 | B81: =LIDER!G64 -> 0 | C81: =C80 -> G11 | E81: =IF(B81=0,0,IF(D81="",$F$76*LIDER!$H$9+$G$76*LIDER!$H$10+$H$76*LIDER!$H$11+$I$76*LIDER!$H$12+$J$76*LIDER!$H$13+$K$76*LIDER!$H$14+$L$76*LIDER!$H$15,"N")) -> 0
B82: GRUPO#12 | C82: G12 | D82: =D75 -> LIST | E82: DEF | F82: =LIDER!$E$40 -> GRUPO#12
A83: 1 | B83: =LIDER!H59 -> 0 | C83: =C82 -> G12 | E83: =IF(B83=0,0,IF(D83="",$F$83*LIDER!$H$9+$G$83*LIDER!$H$10+$H$83*LIDER!$H$11+$I$83*LIDER!$H$12+$J$83*LIDER!$H$13+$K$83*LIDER!$H$14+$L$83*LIDER!$H$15,"N")) -> 0
A84: 2 | B84: =LIDER!H60 -> 0 | C84: =C83 -> G12 | E84: =IF(B84=0,0,IF(D84="",$F$83*LIDER!$H$9+$G$83*LIDER!$H$10+$H$83*LIDER!$H$11+$I$83*LIDER!$H$12+$J$83*LIDER!$H$13+$K$83*LIDER!$H$14+$L$83*LIDER!$H$15,"N")) -> 0
A85: 3 | B85: =LIDER!H61 -> 0 | C85: =C84 -> G12 | E85: =IF(B85=0,0,IF(D85="",$F$83*LIDER!$H$9+$G$83*LIDER!$H$10+$H$83*LIDER!$H$11+$I$83*LIDER!$H$12+$J$83*LIDER!$H$13+$K$83*LIDER!$H$14+$L$83*LIDER!$H$15,"N")) -> 0
A86: 4 | B86: =LIDER!H62 -> 0 | C86: =C85 -> G12 | E86: =IF(B86=0,0,IF(D86="",$F$83*LIDER!$H$9+$G$83*LIDER!$H$10+$H$83*LIDER!$H$11+$I$83*LIDER!$H$12+$J$83*LIDER!$H$13+$K$83*LIDER!$H$14+$L$83*LIDER!$H$15,"N")) -> 0
A87: 5 | B87: =LIDER!H63 -> 0 | C87: =C86 -> G12 | E87: =IF(B87=0,0,IF(D87="",$F$83*LIDER!$H$9+$G$83*LIDER!$H$10+$H$83*LIDER!$H$11+$I$83*LIDER!$H$12+$J$83*LIDER!$H$13+$K$83*LIDER!$H$14+$L$83*LIDER!$H$15,"N")) -> 0
A88: 6 | B88: =LIDER!H64 -> 0 | C88: =C87 -> G12 | E88: =IF(B88=0,0,IF(D88="",$F$83*LIDER!$H$9+$G$83*LIDER!$H$10+$H$83*LIDER!$H$11+$I$83*LIDER!$H$12+$J$83*LIDER!$H$13+$K$83*LIDER!$H$14+$L$83*LIDER!$H$15,"N")) -> 0

Sheet S-ASIG-05
A1: =LIDER!B2 -> TECNOLOGÍA EN GESTIÓN DE NEGOCIOS INTERN | I1: =LIDER!E2 -> SEMESTRE: | J1: =LIDER!F2 -> SEM-03 | K1: =LIDER!G2 -> SECCIÓN: | L1: =LIDER!H2 -> 3
B2: =LIDER!G4 -> MATEMÁTICAS FINANCIERAS | F2: CRITERIOS DE EVALUACIÓN
B3: Estudiantes | F3: =LIDER!E9 -> PRESENTACIÓN GENERAL: Adopta la norma APA, tamaño de la hoja, margenes, titulo, portadas, numeración de paginas, tabla de contenido automatizada, ortografia, justificacion del texto, citas automatizadas, listas, figuras,etc. | G3: =LIDER!E10 -> ANTEPROYECTO: Portada, planteamiento del problema, justificacion del trabajo o proyecto de aula, objetivos, marco teorico, diseño metodologico. | H3: =LIDER!E11 -> RESULTADOS: Analiza, integra y aplica de manera coherente los aspectos legales-tributarios, administrativos y tecnológicos en el desarrollo de la propuesta investigativa, evidenciando capacidad para generar soluciones viables, pertinentes y sostenibles. | I3: =LIDER!E12 -> BILIOGRAFIA: Las referencias bibliograficas: adoptan las normas APA. El documento es producto de un rastreo bibliografico que muestra analisis y sistensis. | J3: =LIDER!E13 -> ASESORIAS: Anexó la hoja de tutoria firmada ( 3 fimas minmimo). | K3: =LIDER!E14 -> 0 | L3: =LIDER!E15 -> 0
F4: =CONCATENATE(LIDER!G4," - ",LIDER!G6," - ",LIDER!G5) -> MATEMÁTICAS FINANCIERAS - 1411 - JORGE LUIS PUERTA SALAS
B5: GRUPO#1 | C5: G01 | D5: LIST | E5: DEF | F5: =LIDER!$E$29 -> GRUPO#1 Descripción de los Aspectos Internacionales, Macroeconómicos, Legales, administrativos, aduaneros y tecnológicos de Progan del Caribe S.A.S
A6: 1 | B6: =LIDER!E43 -> EDINSON ANDRES CASTRO PADILLA | C6: =C5 -> G01 | E6: =IF(B6=0,0,IF(D6="",$F$6*LIDER!$H$9+$G$6*LIDER!$H$10+$H$6*LIDER!$H$11+$I$6*LIDER!$H$12+$J$6*LIDER!$H$13+$K$6*LIDER!$H$14+$L$6*LIDER!$H$15,"N")) -> 4.55 | F6: 4.6 | G6: 4.7 | H6: 4.2 | I6: 4.8 | J6: 4.7 | K6: 4.7
A7: 2 | B7: =LIDER!E44 -> MATEO ANDRÉS CUESTA DÍAZ | C7: =C6 -> G01 | E7: =IF(B7=0,0,IF(D7="",$F$6*LIDER!$H$9+$G$6*LIDER!$H$10+$H$6*LIDER!$H$11+$I$6*LIDER!$H$12+$J$6*LIDER!$H$13+$K$6*LIDER!$H$14+$L$6*LIDER!$H$15,"N")) -> 4.55
A8: 3 | B8: =LIDER!E45 -> LUKASS GIRALDO RAMIREZ | C8: =C7 -> G01 | E8: =IF(B8=0,0,IF(D8="",$F$6*LIDER!$H$9+$G$6*LIDER!$H$10+$H$6*LIDER!$H$11+$I$6*LIDER!$H$12+$J$6*LIDER!$H$13+$K$6*LIDER!$H$14+$L$6*LIDER!$H$15,"N")) -> 4.55
A9: 4 | B9: =LIDER!E46 -> LOREINES OSPINO HERNÁNDEZ | C9: =C8 -> G01 | E9: =IF(B9=0,0,IF(D9="",$F$6*LIDER!$H$9+$G$6*LIDER!$H$10+$H$6*LIDER!$H$11+$I$6*LIDER!$H$12+$J$6*LIDER!$H$13+$K$6*LIDER!$H$14+$L$6*LIDER!$H$15,"N")) -> 4.55
A10: 5 | B10: =LIDER!E47 -> LAURA SOFÍA PÉREZ ARÉVALO | C10: =C9 -> G01 | E10: =IF(B10=0,0,IF(D10="",$F$6*LIDER!$H$9+$G$6*LIDER!$H$10+$H$6*LIDER!$H$11+$I$6*LIDER!$H$12+$J$6*LIDER!$H$13+$K$6*LIDER!$H$14+$L$6*LIDER!$H$15,"N")) -> 4.55
A11: 6 | B11: =LIDER!E48 -> VALERY DANIELA SAENZ WATTS | C11: =C10 -> G01 | E11: =IF(B11=0,0,IF(D11="",$F$6*LIDER!$H$9+$G$6*LIDER!$H$10+$H$6*LIDER!$H$11+$I$6*LIDER!$H$12+$J$6*LIDER!$H$13+$K$6*LIDER!$H$14+$L$6*LIDER!$H$15,"N")) -> 4.55
B12: GRUPO#2 | C12: G02 | D12: =D5 -> LIST | E12: DEF | F12: =LIDER!$E$30 -> GRUPO#2 ¿CUALES SON LOS ASPECTOS LEGALES, TRIBUTARIOS, ADMINISTRATIVOS, MACROECONOMICOS, ADUANEROS, TECNOLOGICOS E INTERNACIONALES QUE DEFINEN EL PERFIL DE LAS EMPRESA CEMENTOS ARGOS S.A EN LOS NEGOCIOS INTERNACIONALES?
A13: 1 | B13: =LIDER!F43 -> MARIA CRISTINA CAÑATE MERCADO | C13: =C12 -> G02 | E13: =IF(B13=0,0,IF(D13="",$F$13*LIDER!$H$9+$G$13*LIDER!$H$10+$H$13*LIDER!$H$11+$I$13*LIDER!$H$12+$J$13*LIDER!$H$13+$K$13*LIDER!$H$14+$L$13*LIDER!$H$15,"N")) -> 3.71 | F13: 4 | G13: 3.5 | H13: 3.6 | I13: 3.8 | J13: 3.7
A14: 2 | B14: =LIDER!F44 -> KARINA MARRUGO MEZA | C14: =C13 -> G02 | E14: =IF(B14=0,0,IF(D14="",$F$13*LIDER!$H$9+$G$13*LIDER!$H$10+$H$13*LIDER!$H$11+$I$13*LIDER!$H$12+$J$13*LIDER!$H$13+$K$13*LIDER!$H$14+$L$13*LIDER!$H$15,"N")) -> 3.71
A15: 3 | B15: =LIDER!F45 -> HILARYS CAROLINA PATERNINA DONADO | C15: =C14 -> G02 | E15: =IF(B15=0,0,IF(D15="",$F$13*LIDER!$H$9+$G$13*LIDER!$H$10+$H$13*LIDER!$H$11+$I$13*LIDER!$H$12+$J$13*LIDER!$H$13+$K$13*LIDER!$H$14+$L$13*LIDER!$H$15,"N")) -> 3.71
A16: 4 | B16: =LIDER!F46 -> MATEO QUINTANA SERNA | C16: =C15 -> G02 | E16: =IF(B16=0,0,IF(D16="",$F$13*LIDER!$H$9+$G$13*LIDER!$H$10+$H$13*LIDER!$H$11+$I$13*LIDER!$H$12+$J$13*LIDER!$H$13+$K$13*LIDER!$H$14+$L$13*LIDER!$H$15,"N")) -> 3.71
A17: 5 | B17: =LIDER!F47 -> 0 | C17: =C16 -> G02 | E17: =IF(B17=0,0,IF(D17="",$F$13*LIDER!$H$9+$G$13*LIDER!$H$10+$H$13*LIDER!$H$11+$I$13*LIDER!$H$12+$J$13*LIDER!$H$13+$K$13*LIDER!$H$14+$L$13*LIDER!$H$15,"N")) -> 0
A18: 6 | B18: =LIDER!F48 -> 0 | C18: =C17 -> G02 | E18: =IF(B18=0,0,IF(D18="",$F$13*LIDER!$H$9+$G$13*LIDER!$H$10+$H$13*LIDER!$H$11+$I$13*LIDER!$H$12+$J$13*LIDER!$H$13+$K$13*LIDER!$H$14+$L$13*LIDER!$H$15,"N")) -> 0
B19: GRUPO#3 | C19: G03 | D19: =D12 -> LIST | E19: DEF | F19: =LIDER!$E$31 -> GRUPO#3 ¿Cuáles son los aspectos legales, tributarios, administrativos, macroeconómicos, aduaneros, tecnológicos e internacionales que definen el perfil de expocafe en los negocios internacionales?
A20: 1 | B20: =LIDER!G43 -> YULEDIS BECERRA GOMEZ | C20: =C19 -> G03 | E20: =IF(B20=0,0,IF(D20="",$F$20*LIDER!$H$9+$G$20*LIDER!$H$10+$H$20*LIDER!$H$11+$I$20*LIDER!$H$12+$J$20*LIDER!$H$13+$K$20*LIDER!$H$14+$L$20*LIDER!$H$15,"N")) -> 2.54 | F20: 2 | G20: 2.5 | H20: 2.8 | I20: 2.6 | J20: 2.8
A21: 2 | B21: =LIDER!G44 -> JULIO ALBERTO LANCHEROS PACHECO | C21: =C20 -> G03 | E21: =IF(B21=0,0,IF(D21="",$F$20*LIDER!$H$9+$G$20*LIDER!$H$10+$H$20*LIDER!$H$11+$I$20*LIDER!$H$12+$J$20*LIDER!$H$13+$K$20*LIDER!$H$14+$L$20*LIDER!$H$15,"N")) -> 2.54
A22: 3 | B22: =LIDER!G45 -> NELCY CAROLINA MEZA PÉREZ | C22: =C21 -> G03 | E22: =IF(B22=0,0,IF(D22="",$F$20*LIDER!$H$9+$G$20*LIDER!$H$10+$H$20*LIDER!$H$11+$I$20*LIDER!$H$12+$J$20*LIDER!$H$13+$K$20*LIDER!$H$14+$L$20*LIDER!$H$15,"N")) -> 2.54
A23: 4 | B23: =LIDER!G46 -> 0 | C23: =C22 -> G03 | E23: =IF(B23=0,0,IF(D23="",$F$20*LIDER!$H$9+$G$20*LIDER!$H$10+$H$20*LIDER!$H$11+$I$20*LIDER!$H$12+$J$20*LIDER!$H$13+$K$20*LIDER!$H$14+$L$20*LIDER!$H$15,"N")) -> 0
A24: 5 | B24: =LIDER!G47 -> 0 | C24: =C23 -> G03 | E24: =IF(B24=0,0,IF(D24="",$F$20*LIDER!$H$9+$G$20*LIDER!$H$10+$H$20*LIDER!$H$11+$I$20*LIDER!$H$12+$J$20*LIDER!$H$13+$K$20*LIDER!$H$14+$L$20*LIDER!$H$15,"N")) -> 0
A25: 6 | B25: =LIDER!G48 -> 0 | C25: =C24 -> G03 | E25: =IF(B25=0,0,IF(D25="",$F$20*LIDER!$H$9+$G$20*LIDER!$H$10+$H$20*LIDER!$H$11+$I$20*LIDER!$H$12+$J$20*LIDER!$H$13+$K$20*LIDER!$H$14+$L$20*LIDER!$H$15,"N")) -> 0
B26: GRUPO#4 | C26: G04 | D26: =D19 -> LIST | E26: DEF | F26: =LIDER!$E$32 -> GRUPO#4
A27: 1 | B27: =LIDER!H43 -> HELENA ISABEL ALVAREZ CORTINA | C27: =C26 -> G04 | E27: =IF(B27=0,0,IF(D27="",$F$27*LIDER!$H$9+$G$27*LIDER!$H$10+$H$27*LIDER!$H$11+$I$27*LIDER!$H$12+$J$27*LIDER!$H$13+$K$27*LIDER!$H$14+$L$27*LIDER!$H$15,"N")) -> 3.48 | F27: 3.4 | G27: 3.5 | H27: 3.4 | I27: 3.6 | J27: 3.6 | K27: 3.3
A28: 2 | B28: =LIDER!H44 -> ANDREA KAROLAY CARRILLO GOMEZ | C28: =C27 -> G04 | E28: =IF(B28=0,0,IF(D28="",$F$27*LIDER!$H$9+$G$27*LIDER!$H$10+$H$27*LIDER!$H$11+$I$27*LIDER!$H$12+$J$27*LIDER!$H$13+$K$27*LIDER!$H$14+$L$27*LIDER!$H$15,"N")) -> 3.48
A29: 3 | B29: =LIDER!H45 -> MELANY ANDREA FLÓREZ ALMANZA | C29: =C28 -> G04 | E29: =IF(B29=0,0,IF(D29="",$F$27*LIDER!$H$9+$G$27*LIDER!$H$10+$H$27*LIDER!$H$11+$I$27*LIDER!$H$12+$J$27*LIDER!$H$13+$K$27*LIDER!$H$14+$L$27*LIDER!$H$15,"N")) -> 3.48
A30: 4 | B30: =LIDER!H46 -> JUAN SEBASTIAN PRENS BOSSIO | C30: =C29 -> G04 | E30: =IF(B30=0,0,IF(D30="",$F$27*LIDER!$H$9+$G$27*LIDER!$H$10+$H$27*LIDER!$H$11+$I$27*LIDER!$H$12+$J$27*LIDER!$H$13+$K$27*LIDER!$H$14+$L$27*LIDER!$H$15,"N")) -> 3.48
A31: 5 | B31: =LIDER!H47 -> ALEXANDER DUBAN PROTZKAR DE LA HOZ | C31: =C30 -> G04 | E31: =IF(B31=0,0,IF(D31="",$F$27*LIDER!$H$9+$G$27*LIDER!$H$10+$H$27*LIDER!$H$11+$I$27*LIDER!$H$12+$J$27*LIDER!$H$13+$K$27*LIDER!$H$14+$L$27*LIDER!$H$15,"N")) -> 3.48
A32: 6 | B32: =LIDER!H48 -> 0 | C32: =C31 -> G04 | E32: =IF(B32=0,0,IF(D32="",$F$27*LIDER!$H$9+$G$27*LIDER!$H$10+$H$27*LIDER!$H$11+$I$27*LIDER!$H$12+$J$27*LIDER!$H$13+$K$27*LIDER!$H$14+$L$27*LIDER!$H$15,"N")) -> 0
B33: GRUPO#5 | C33: G05 | D33: =D26 -> LIST | E33: DEF | F33: =LIDER!$E$33 -> GRUPO#5 Cuáles son los aspectos legales, tributarios, administrativos, macroeconómicos, aduaneros, tecnológicos e internacionales que definen el perfil de la empresa Colombina S.A. en los negocios internacionales
A34: 1 | B34: =LIDER!E51 -> SIARA LUCIA CHAMS CARBALLO | C34: =C33 -> G05 | E34: =IF(B34=0,0,IF(D34="",$F$34*LIDER!$H$9+$G$34*LIDER!$H$10+$H$34*LIDER!$H$11+$I$34*LIDER!$H$12+$J$34*LIDER!$H$13+$K$34*LIDER!$H$14+$L$34*LIDER!$H$15,"N")) -> 3.76 | F34: 4 | G34: 4 | H34: 3.6 | I34: 3.6 | J34: 3.6
A35: 2 | B35: =LIDER!E52 -> LUCINDA GARCIA CASTRO | C35: =C34 -> G05 | E35: =IF(B35=0,0,IF(D35="",$F$34*LIDER!$H$9+$G$34*LIDER!$H$10+$H$34*LIDER!$H$11+$I$34*LIDER!$H$12+$J$34*LIDER!$H$13+$K$34*LIDER!$H$14+$L$34*LIDER!$H$15,"N")) -> 3.76
A36: 3 | B36: =LIDER!E53 -> SAMUEL DVID JULIO BARRIOS | C36: =C35 -> G05 | E36: =IF(B36=0,0,IF(D36="",$F$34*LIDER!$H$9+$G$34*LIDER!$H$10+$H$34*LIDER!$H$11+$I$34*LIDER!$H$12+$J$34*LIDER!$H$13+$K$34*LIDER!$H$14+$L$34*LIDER!$H$15,"N")) -> 3.76
A37: 4 | B37: =LIDER!E54 -> LAUREN CAROLINA MARTINEZ LICONA | C37: =C36 -> G05 | E37: =IF(B37=0,0,IF(D37="",$F$34*LIDER!$H$9+$G$34*LIDER!$H$10+$H$34*LIDER!$H$11+$I$34*LIDER!$H$12+$J$34*LIDER!$H$13+$K$34*LIDER!$H$14+$L$34*LIDER!$H$15,"N")) -> 3.76
A38: 5 | B38: =LIDER!E55 -> ASLLY MARGARITA RINCON MATTOS | C38: =C37 -> G05 | E38: =IF(B38=0,0,IF(D38="",$F$34*LIDER!$H$9+$G$34*LIDER!$H$10+$H$34*LIDER!$H$11+$I$34*LIDER!$H$12+$J$34*LIDER!$H$13+$K$34*LIDER!$H$14+$L$34*LIDER!$H$15,"N")) -> 3.76
A39: 6 | B39: =LIDER!E56 -> 0 | C39: =C38 -> G05 | E39: =IF(B39=0,0,IF(D39="",$F$34*LIDER!$H$9+$G$34*LIDER!$H$10+$H$34*LIDER!$H$11+$I$34*LIDER!$H$12+$J$34*LIDER!$H$13+$K$34*LIDER!$H$14+$L$34*LIDER!$H$15,"N")) -> 0
B40: GRUPO#6 | C40: G06 | D40: =D33 -> LIST | E40: DEF | F40: =LIDER!$E$34 -> GRUPO#6
A41: 1 | B41: =LIDER!F51 -> YEIDER SANTIAGO BOHORQUEZ GONZALEZ | C41: =C40 -> G06 | E41: =IF(B41=0,0,IF(D41="",$F$41*LIDER!$H$9+$G$41*LIDER!$H$10+$H$41*LIDER!$H$11+$I$41*LIDER!$H$12+$J$41*LIDER!$H$13+$K$41*LIDER!$H$14+$L$41*LIDER!$H$15,"N")) -> 3.41 | F41: 3.4 | G41: 3.5 | H41: 3.5 | I41: 3.3 | J41: 3.2
A42: 2 | B42: =LIDER!F52 -> ELIAN MANUEL PACHECO BELTRAN | C42: =C41 -> G06 | E42: =IF(B42=0,0,IF(D42="",$F$41*LIDER!$H$9+$G$41*LIDER!$H$10+$H$41*LIDER!$H$11+$I$41*LIDER!$H$12+$J$41*LIDER!$H$13+$K$41*LIDER!$H$14+$L$41*LIDER!$H$15,"N")) -> 3.41
A43: 3 | B43: =LIDER!F53 -> VALERIA PASTRANA ARRIETA | C43: =C42 -> G06 | E43: =IF(B43=0,0,IF(D43="",$F$41*LIDER!$H$9+$G$41*LIDER!$H$10+$H$41*LIDER!$H$11+$I$41*LIDER!$H$12+$J$41*LIDER!$H$13+$K$41*LIDER!$H$14+$L$41*LIDER!$H$15,"N")) -> 3.41
A44: 4 | B44: =LIDER!F54 -> JUAN PABLO QUIJANO GUEVARA | C44: =C43 -> G06 | E44: =IF(B44=0,0,IF(D44="",$F$41*LIDER!$H$9+$G$41*LIDER!$H$10+$H$41*LIDER!$H$11+$I$41*LIDER!$H$12+$J$41*LIDER!$H$13+$K$41*LIDER!$H$14+$L$41*LIDER!$H$15,"N")) -> 3.41
A45: 5 | B45: =LIDER!F55 -> JOSE ANGEL VALLEJO REALES | C45: =C44 -> G06 | E45: =IF(B45=0,0,IF(D45="",$F$41*LIDER!$H$9+$G$41*LIDER!$H$10+$H$41*LIDER!$H$11+$I$41*LIDER!$H$12+$J$41*LIDER!$H$13+$K$41*LIDER!$H$14+$L$41*LIDER!$H$15,"N")) -> 3.41
A46: 6 | B46: =LIDER!F56 -> HENRY WILCHES DE LA ROSA | C46: =C45 -> G06 | E46: =IF(B46=0,0,IF(D46="",$F$41*LIDER!$H$9+$G$41*LIDER!$H$10+$H$41*LIDER!$H$11+$I$41*LIDER!$H$12+$J$41*LIDER!$H$13+$K$41*LIDER!$H$14+$L$41*LIDER!$H$15,"N")) -> 3.41
B47: GRUPO#7 | C47: G07 | D47: =D40 -> LIST | E47: DEF | F47: =LIDER!$E$35 -> GRUPO#7 CÓMO ES EL PERFIL DE DRUMMOND EN LOS NEGOCIOS INTERNACIONALES TENIENDO EN CUENTA LOS ASPECTOS LEGALES, TRIBUTARIOS, ADMINISTRATIVOS, MACROECONÓMICOS, ADUANEROS, TECNOLÓGICOS E INTERNACIONALES
A48: 1 | B48: =LIDER!G51 -> CARLOS JULIO LOPEZ ALEMAN | C48: =C47 -> G07 | E48: =IF(B48=0,0,IF(D48="",$F$48*LIDER!$H$9+$G$48*LIDER!$H$10+$H$48*LIDER!$H$11+$I$48*LIDER!$H$12+$J$48*LIDER!$H$13+$K$48*LIDER!$H$14+$L$48*LIDER!$H$15,"N")) -> 3.53 | F48: 3.4 | G48: 3.6 | H48: 3.5 | I48: 3.7 | J48: 3.4
A49: 2 | B49: =LIDER!G52 -> DYLAN ANDRES RANGEL LOPEZ | C49: =C48 -> G07 | E49: =IF(B49=0,0,IF(D49="",$F$48*LIDER!$H$9+$G$48*LIDER!$H$10+$H$48*LIDER!$H$11+$I$48*LIDER!$H$12+$J$48*LIDER!$H$13+$K$48*LIDER!$H$14+$L$48*LIDER!$H$15,"N")) -> 3.53
A50: 3 | B50: =LIDER!G53 -> SANTIAGO TANGARIFE PONCE | C50: =C49 -> G07 | E50: =IF(B50=0,0,IF(D50="",$F$48*LIDER!$H$9+$G$48*LIDER!$H$10+$H$48*LIDER!$H$11+$I$48*LIDER!$H$12+$J$48*LIDER!$H$13+$K$48*LIDER!$H$14+$L$48*LIDER!$H$15,"N")) -> 3.53
A51: 4 | B51: =LIDER!G54 -> 0 | C51: =C50 -> G07 | E51: =IF(B51=0,0,IF(D51="",$F$48*LIDER!$H$9+$G$48*LIDER!$H$10+$H$48*LIDER!$H$11+$I$48*LIDER!$H$12+$J$48*LIDER!$H$13+$K$48*LIDER!$H$14+$L$48*LIDER!$H$15,"N")) -> 0
A52: 5 | B52: =LIDER!G55 -> 0 | C52: =C51 -> G07 | E52: =IF(B52=0,0,IF(D52="",$F$48*LIDER!$H$9+$G$48*LIDER!$H$10+$H$48*LIDER!$H$11+$I$48*LIDER!$H$12+$J$48*LIDER!$H$13+$K$48*LIDER!$H$14+$L$48*LIDER!$H$15,"N")) -> 0
A53: 6 | B53: =LIDER!G56 -> 0 | C53: =C52 -> G07 | E53: =IF(B53=0,0,IF(D53="",$F$48*LIDER!$H$9+$G$48*LIDER!$H$10+$H$48*LIDER!$H$11+$I$48*LIDER!$H$12+$J$48*LIDER!$H$13+$K$48*LIDER!$H$14+$L$48*LIDER!$H$15,"N")) -> 0
B54: GRUPO#8 | C54: G08 | D54: =D47 -> LIST | E54: DEF | F54: =LIDER!$E$36 -> GRUPO#8 Análisis de los aspectos legales, tributarios, administrativos, macroeconómicos, aduaneros, tecnológicos e internacionales que definen el perfil de The Coca-Cola Company
A55: 1 | B55: =LIDER!H51 -> YURI MAR FUENMAYOR OSORIO | C55: =C54 -> G08 | E55: =IF(B55=0,0,IF(D55="",$F$55*LIDER!$H$9+$G$55*LIDER!$H$10+$H$55*LIDER!$H$11+$I$55*LIDER!$H$12+$J$55*LIDER!$H$13+$K$55*LIDER!$H$14+$L$55*LIDER!$H$15,"N")) -> 4.28 | F55: 4.2 | G55: 4.1 | H55: 4.5 | I55: 4.2 | J55: 4.3
A56: 2 | B56: =LIDER!H52 -> YULEIDIS PAOLA MORENO DIAZ | C56: =C55 -> G08 | E56: =IF(B56=0,0,IF(D56="",$F$55*LIDER!$H$9+$G$55*LIDER!$H$10+$H$55*LIDER!$H$11+$I$55*LIDER!$H$12+$J$55*LIDER!$H$13+$K$55*LIDER!$H$14+$L$55*LIDER!$H$15,"N")) -> 4.28
A57: 3 | B57: =LIDER!H53 -> SHARONE JANNINE ORDOÑEZ ESCUDERO | C57: =C56 -> G08 | E57: =IF(B57=0,0,IF(D57="",$F$55*LIDER!$H$9+$G$55*LIDER!$H$10+$H$55*LIDER!$H$11+$I$55*LIDER!$H$12+$J$55*LIDER!$H$13+$K$55*LIDER!$H$14+$L$55*LIDER!$H$15,"N")) -> 4.28
A58: 4 | B58: =LIDER!H54 -> 0 | C58: =C57 -> G08 | E58: =IF(B58=0,0,IF(D58="",$F$55*LIDER!$H$9+$G$55*LIDER!$H$10+$H$55*LIDER!$H$11+$I$55*LIDER!$H$12+$J$55*LIDER!$H$13+$K$55*LIDER!$H$14+$L$55*LIDER!$H$15,"N")) -> 0
A59: 5 | B59: =LIDER!H55 -> 0 | C59: =C58 -> G08 | E59: =IF(B59=0,0,IF(D59="",$F$55*LIDER!$H$9+$G$55*LIDER!$H$10+$H$55*LIDER!$H$11+$I$55*LIDER!$H$12+$J$55*LIDER!$H$13+$K$55*LIDER!$H$14+$L$55*LIDER!$H$15,"N")) -> 0
A60: 6 | B60: =LIDER!H56 -> 0 | C60: =C59 -> G08 | E60: =IF(B60=0,0,IF(D60="",$F$55*LIDER!$H$9+$G$55*LIDER!$H$10+$H$55*LIDER!$H$11+$I$55*LIDER!$H$12+$J$55*LIDER!$H$13+$K$55*LIDER!$H$14+$L$55*LIDER!$H$15,"N")) -> 0
B61: GRUPO#9 | C61: G09 | D61: =D54 -> LIST | E61: DEF | F61: =LIDER!$E$37 -> GRUPO#9
A62: 1 | B62: =LIDER!E59 -> ISSAC DAVID ANGULO ZABALETA | C62: =C61 -> G09 | E62: =IF(B62=0,0,IF(D62="",$F$62*LIDER!$H$9+$G$62*LIDER!$H$10+$H$62*LIDER!$H$11+$I$62*LIDER!$H$12+$J$62*LIDER!$H$13+$K$62*LIDER!$H$14+$L$62*LIDER!$H$15,"N")) -> 3.39 | F62: 3.4 | G62: 3.6 | H62: 3.2 | I62: 3.4 | J62: 3.5
A63: 2 | B63: =LIDER!E60 -> ANDRES FELIPE ARROYO PARRA | C63: =C62 -> G09 | E63: =IF(B63=0,0,IF(D63="",$F$62*LIDER!$H$9+$G$62*LIDER!$H$10+$H$62*LIDER!$H$11+$I$62*LIDER!$H$12+$J$62*LIDER!$H$13+$K$62*LIDER!$H$14+$L$62*LIDER!$H$15,"N")) -> 3.39
A64: 3 | B64: =LIDER!E61 -> DANNA ALEJANDRA CASTRO ESPINOSA | C64: =C63 -> G09 | E64: =IF(B64=0,0,IF(D64="",$F$62*LIDER!$H$9+$G$62*LIDER!$H$10+$H$62*LIDER!$H$11+$I$62*LIDER!$H$12+$J$62*LIDER!$H$13+$K$62*LIDER!$H$14+$L$62*LIDER!$H$15,"N")) -> 3.39
A65: 4 | B65: =LIDER!E62 -> JUAN DAVID LOPEZ VIDES | C65: =C64 -> G09 | E65: =IF(B65=0,0,IF(D65="",$F$62*LIDER!$H$9+$G$62*LIDER!$H$10+$H$62*LIDER!$H$11+$I$62*LIDER!$H$12+$J$62*LIDER!$H$13+$K$62*LIDER!$H$14+$L$62*LIDER!$H$15,"N")) -> 3.39
A66: 5 | B66: =LIDER!E63 -> ALEJANDRA MORENO VILLALOBO | C66: =C65 -> G09 | E66: =IF(B66=0,0,IF(D66="",$F$62*LIDER!$H$9+$G$62*LIDER!$H$10+$H$62*LIDER!$H$11+$I$62*LIDER!$H$12+$J$62*LIDER!$H$13+$K$62*LIDER!$H$14+$L$62*LIDER!$H$15,"N")) -> 3.39
A67: 6 | B67: =LIDER!E64 -> 0 | C67: =C66 -> G09 | E67: =IF(B67=0,0,IF(D67="",$F$62*LIDER!$H$9+$G$62*LIDER!$H$10+$H$62*LIDER!$H$11+$I$62*LIDER!$H$12+$J$62*LIDER!$H$13+$K$62*LIDER!$H$14+$L$62*LIDER!$H$15,"N")) -> 0
B68: GRUPO#10 | C68: G10 | D68: =D61 -> LIST | E68: DEF | F68: =LIDER!$E$38 -> GRUPO#10
A69: 1 | B69: =LIDER!F59 -> 0 | C69: =C68 -> G10 | E69: =IF(B69=0,0,IF(D69="",$F$69*LIDER!$H$9+$G$69*LIDER!$H$10+$H$69*LIDER!$H$11+$I$69*LIDER!$H$12+$J$69*LIDER!$H$13+$K$69*LIDER!$H$14+$L$69*LIDER!$H$15,"N")) -> 0
A70: 2 | B70: =LIDER!F60 -> 0 | C70: =C69 -> G10 | E70: =IF(B70=0,0,IF(D70="",$F$69*LIDER!$H$9+$G$69*LIDER!$H$10+$H$69*LIDER!$H$11+$I$69*LIDER!$H$12+$J$69*LIDER!$H$13+$K$69*LIDER!$H$14+$L$69*LIDER!$H$15,"N")) -> 0
A71: 3 | B71: =LIDER!F61 -> 0 | C71: =C70 -> G10 | E71: =IF(B71=0,0,IF(D71="",$F$69*LIDER!$H$9+$G$69*LIDER!$H$10+$H$69*LIDER!$H$11+$I$69*LIDER!$H$12+$J$69*LIDER!$H$13+$K$69*LIDER!$H$14+$L$69*LIDER!$H$15,"N")) -> 0
A72: 4 | B72: =LIDER!F62 -> 0 | C72: =C71 -> G10 | E72: =IF(B72=0,0,IF(D72="",$F$69*LIDER!$H$9+$G$69*LIDER!$H$10+$H$69*LIDER!$H$11+$I$69*LIDER!$H$12+$J$69*LIDER!$H$13+$K$69*LIDER!$H$14+$L$69*LIDER!$H$15,"N")) -> 0
A73: 5 | B73: =LIDER!F63 -> 0 | C73: =C72 -> G10 | E73: =IF(B73=0,0,IF(D73="",$F$69*LIDER!$H$9+$G$69*LIDER!$H$10+$H$69*LIDER!$H$11+$I$69*LIDER!$H$12+$J$69*LIDER!$H$13+$K$69*LIDER!$H$14+$L$69*LIDER!$H$15,"N")) -> 0
A74: 6 | B74: =LIDER!F64 -> 0 | C74: =C73 -> G10 | E74: =IF(B74=0,0,IF(D74="",$F$69*LIDER!$H$9+$G$69*LIDER!$H$10+$H$69*LIDER!$H$11+$I$69*LIDER!$H$12+$J$69*LIDER!$H$13+$K$69*LIDER!$H$14+$L$69*LIDER!$H$15,"N")) -> 0
B75: GRUPO#11 | C75: G11 | D75: =D68 -> LIST | E75: DEF | F75: =LIDER!$E$39 -> GRUPO#11
A76: 1 | B76: =LIDER!G59 -> 0 | C76: =C75 -> G11 | E76: =IF(B76=0,0,IF(D76="",$F$76*LIDER!$H$9+$G$76*LIDER!$H$10+$H$76*LIDER!$H$11+$I$76*LIDER!$H$12+$J$76*LIDER!$H$13+$K$76*LIDER!$H$14+$L$76*LIDER!$H$15,"N")) -> 0
A77: 2 | B77: =LIDER!G60 -> 0 | C77: =C76 -> G11 | E77: =IF(B77=0,0,IF(D77="",$F$76*LIDER!$H$9+$G$76*LIDER!$H$10+$H$76*LIDER!$H$11+$I$76*LIDER!$H$12+$J$76*LIDER!$H$13+$K$76*LIDER!$H$14+$L$76*LIDER!$H$15,"N")) -> 0
A78: 3 | B78: =LIDER!G61 -> 0 | C78: =C77 -> G11 | E78: =IF(B78=0,0,IF(D78="",$F$76*LIDER!$H$9+$G$76*LIDER!$H$10+$H$76*LIDER!$H$11+$I$76*LIDER!$H$12+$J$76*LIDER!$H$13+$K$76*LIDER!$H$14+$L$76*LIDER!$H$15,"N")) -> 0
A79: 4 | B79: =LIDER!G62 -> 0 | C79: =C78 -> G11 | E79: =IF(B79=0,0,IF(D79="",$F$76*LIDER!$H$9+$G$76*LIDER!$H$10+$H$76*LIDER!$H$11+$I$76*LIDER!$H$12+$J$76*LIDER!$H$13+$K$76*LIDER!$H$14+$L$76*LIDER!$H$15,"N")) -> 0
A80: 5 | B80: =LIDER!G63 -> 0 | C80: =C79 -> G11 | E80: =IF(B80=0,0,IF(D80="",$F$76*LIDER!$H$9+$G$76*LIDER!$H$10+$H$76*LIDER!$H$11+$I$76*LIDER!$H$12+$J$76*LIDER!$H$13+$K$76*LIDER!$H$14+$L$76*LIDER!$H$15,"N")) -> 0
A81: 6 | B81: =LIDER!G64 -> 0 | C81: =C80 -> G11 | E81: =IF(B81=0,0,IF(D81="",$F$76*LIDER!$H$9+$G$76*LIDER!$H$10+$H$76*LIDER!$H$11+$I$76*LIDER!$H$12+$J$76*LIDER!$H$13+$K$76*LIDER!$H$14+$L$76*LIDER!$H$15,"N")) -> 0
B82: GRUPO#12 | C82: G12 | D82: =D75 -> LIST | E82: DEF | F82: =LIDER!$E$40 -> GRUPO#12
A83: 1 | B83: =LIDER!H59 -> 0 | C83: =C82 -> G12 | E83: =IF(B83=0,0,IF(D83="",$F$83*LIDER!$H$9+$G$83*LIDER!$H$10+$H$83*LIDER!$H$11+$I$83*LIDER!$H$12+$J$83*LIDER!$H$13+$K$83*LIDER!$H$14+$L$83*LIDER!$H$15,"N")) -> 0
A84: 2 | B84: =LIDER!H60 -> 0 | C84: =C83 -> G12 | E84: =IF(B84=0,0,IF(D84="",$F$83*LIDER!$H$9+$G$83*LIDER!$H$10+$H$83*LIDER!$H$11+$I$83*LIDER!$H$12+$J$83*LIDER!$H$13+$K$83*LIDER!$H$14+$L$83*LIDER!$H$15,"N")) -> 0
A85: 3 | B85: =LIDER!H61 -> 0 | C85: =C84 -> G12 | E85: =IF(B85=0,0,IF(D85="",$F$83*LIDER!$H$9+$G$83*LIDER!$H$10+$H$83*LIDER!$H$11+$I$83*LIDER!$H$12+$J$83*LIDER!$H$13+$K$83*LIDER!$H$14+$L$83*LIDER!$H$15,"N")) -> 0
A86: 4 | B86: =LIDER!H62 -> 0 | C86: =C85 -> G12 | E86: =IF(B86=0,0,IF(D86="",$F$83*LIDER!$H$9+$G$83*LIDER!$H$10+$H$83*LIDER!$H$11+$I$83*LIDER!$H$12+$J$83*LIDER!$H$13+$K$83*LIDER!$H$14+$L$83*LIDER!$H$15,"N")) -> 0
A87: 5 | B87: =LIDER!H63 -> 0 | C87: =C86 -> G12 | E87: =IF(B87=0,0,IF(D87="",$F$83*LIDER!$H$9+$G$83*LIDER!$H$10+$H$83*LIDER!$H$11+$I$83*LIDER!$H$12+$J$83*LIDER!$H$13+$K$83*LIDER!$H$14+$L$83*LIDER!$H$15,"N")) -> 0
A88: 6 | B88: =LIDER!H64 -> 0 | C88: =C87 -> G12 | E88: =IF(B88=0,0,IF(D88="",$F$83*LIDER!$H$9+$G$83*LIDER!$H$10+$H$83*LIDER!$H$11+$I$83*LIDER!$H$12+$J$83*LIDER!$H$13+$K$83*LIDER!$H$14+$L$83*LIDER!$H$15,"N")) -> 0

Sheet S-ASIG-06
A1: =LIDER!B2 -> TECNOLOGÍA EN GESTIÓN DE NEGOCIOS INTERN | I1: =LIDER!E2 -> SEMESTRE: | J1: =LIDER!F2 -> SEM-03 | K1: =LIDER!G2 -> SECCIÓN: | L1: =LIDER!H2 -> 3
B2: =LIDER!H4 -> 0 | F2: CRITERIOS DE EVALUACIÓN
B3: Estudiantes | F3: =LIDER!E9 -> PRESENTACIÓN GENERAL: Adopta la norma APA, tamaño de la hoja, margenes, titulo, portadas, numeración de paginas, tabla de contenido automatizada, ortografia, justificacion del texto, citas automatizadas, listas, figuras,etc. | G3: =LIDER!E10 -> ANTEPROYECTO: Portada, planteamiento del problema, justificacion del trabajo o proyecto de aula, objetivos, marco teorico, diseño metodologico. | H3: =LIDER!E11 -> RESULTADOS: Analiza, integra y aplica de manera coherente los aspectos legales-tributarios, administrativos y tecnológicos en el desarrollo de la propuesta investigativa, evidenciando capacidad para generar soluciones viables, pertinentes y sostenibles. | I3: =LIDER!E12 -> BILIOGRAFIA: Las referencias bibliograficas: adoptan las normas APA. El documento es producto de un rastreo bibliografico que muestra analisis y sistensis. | J3: =LIDER!E13 -> ASESORIAS: Anexó la hoja de tutoria firmada ( 3 fimas minmimo). | K3: =LIDER!E14 -> 0 | L3: =LIDER!E15 -> 0
F4: =CONCATENATE(LIDER!H4," - ",LIDER!H6," - ",LIDER!H5) -> - -
B5: GRUPO#1 | C5: G01 | D5: LIST | E5: DEF | F5: =LIDER!$E$29 -> GRUPO#1 Descripción de los Aspectos Internacionales, Macroeconómicos, Legales, administrativos, aduaneros y tecnológicos de Progan del Caribe S.A.S
A6: 1 | B6: =LIDER!E43 -> EDINSON ANDRES CASTRO PADILLA | C6: =C5 -> G01 | E6: =IF(B6=0,0,IF(D6="",$F$6*LIDER!$H$9+$G$6*LIDER!$H$10+$H$6*LIDER!$H$11+$I$6*LIDER!$H$12+$J$6*LIDER!$H$13+$K$6*LIDER!$H$14+$L$6*LIDER!$H$15,"N")) -> 0
A7: 2 | B7: =LIDER!E44 -> MATEO ANDRÉS CUESTA DÍAZ | C7: =C6 -> G01 | E7: =IF(B7=0,0,IF(D7="",$F$6*LIDER!$H$9+$G$6*LIDER!$H$10+$H$6*LIDER!$H$11+$I$6*LIDER!$H$12+$J$6*LIDER!$H$13+$K$6*LIDER!$H$14+$L$6*LIDER!$H$15,"N")) -> 0
A8: 3 | B8: =LIDER!E45 -> LUKASS GIRALDO RAMIREZ | C8: =C7 -> G01 | E8: =IF(B8=0,0,IF(D8="",$F$6*LIDER!$H$9+$G$6*LIDER!$H$10+$H$6*LIDER!$H$11+$I$6*LIDER!$H$12+$J$6*LIDER!$H$13+$K$6*LIDER!$H$14+$L$6*LIDER!$H$15,"N")) -> 0
A9: 4 | B9: =LIDER!E46 -> LOREINES OSPINO HERNÁNDEZ | C9: =C8 -> G01 | E9: =IF(B9=0,0,IF(D9="",$F$6*LIDER!$H$9+$G$6*LIDER!$H$10+$H$6*LIDER!$H$11+$I$6*LIDER!$H$12+$J$6*LIDER!$H$13+$K$6*LIDER!$H$14+$L$6*LIDER!$H$15,"N")) -> 0
A10: 5 | B10: =LIDER!E47 -> LAURA SOFÍA PÉREZ ARÉVALO | C10: =C9 -> G01 | E10: =IF(B10=0,0,IF(D10="",$F$6*LIDER!$H$9+$G$6*LIDER!$H$10+$H$6*LIDER!$H$11+$I$6*LIDER!$H$12+$J$6*LIDER!$H$13+$K$6*LIDER!$H$14+$L$6*LIDER!$H$15,"N")) -> 0
A11: 6 | B11: =LIDER!E48 -> VALERY DANIELA SAENZ WATTS | C11: =C10 -> G01 | E11: =IF(B11=0,0,IF(D11="",$F$6*LIDER!$H$9+$G$6*LIDER!$H$10+$H$6*LIDER!$H$11+$I$6*LIDER!$H$12+$J$6*LIDER!$H$13+$K$6*LIDER!$H$14+$L$6*LIDER!$H$15,"N")) -> 0
B12: GRUPO#2 | C12: G02 | D12: =D5 -> LIST | E12: DEF | F12: =LIDER!$E$30 -> GRUPO#2 ¿CUALES SON LOS ASPECTOS LEGALES, TRIBUTARIOS, ADMINISTRATIVOS, MACROECONOMICOS, ADUANEROS, TECNOLOGICOS E INTERNACIONALES QUE DEFINEN EL PERFIL DE LAS EMPRESA CEMENTOS ARGOS S.A EN LOS NEGOCIOS INTERNACIONALES?
A13: 1 | B13: =LIDER!F43 -> MARIA CRISTINA CAÑATE MERCADO | C13: =C12 -> G02 | E13: =IF(B13=0,0,IF(D13="",$F$13*LIDER!$H$9+$G$13*LIDER!$H$10+$H$13*LIDER!$H$11+$I$13*LIDER!$H$12+$J$13*LIDER!$H$13+$K$13*LIDER!$H$14+$L$13*LIDER!$H$15,"N")) -> 0
A14: 2 | B14: =LIDER!F44 -> KARINA MARRUGO MEZA | C14: =C13 -> G02 | E14: =IF(B14=0,0,IF(D14="",$F$13*LIDER!$H$9+$G$13*LIDER!$H$10+$H$13*LIDER!$H$11+$I$13*LIDER!$H$12+$J$13*LIDER!$H$13+$K$13*LIDER!$H$14+$L$13*LIDER!$H$15,"N")) -> 0
A15: 3 | B15: =LIDER!F45 -> HILARYS CAROLINA PATERNINA DONADO | C15: =C14 -> G02 | E15: =IF(B15=0,0,IF(D15="",$F$13*LIDER!$H$9+$G$13*LIDER!$H$10+$H$13*LIDER!$H$11+$I$13*LIDER!$H$12+$J$13*LIDER!$H$13+$K$13*LIDER!$H$14+$L$13*LIDER!$H$15,"N")) -> 0
A16: 4 | B16: =LIDER!F46 -> MATEO QUINTANA SERNA | C16: =C15 -> G02 | E16: =IF(B16=0,0,IF(D16="",$F$13*LIDER!$H$9+$G$13*LIDER!$H$10+$H$13*LIDER!$H$11+$I$13*LIDER!$H$12+$J$13*LIDER!$H$13+$K$13*LIDER!$H$14+$L$13*LIDER!$H$15,"N")) -> 0
A17: 5 | B17: =LIDER!F47 -> 0 | C17: =C16 -> G02 | E17: =IF(B17=0,0,IF(D17="",$F$13*LIDER!$H$9+$G$13*LIDER!$H$10+$H$13*LIDER!$H$11+$I$13*LIDER!$H$12+$J$13*LIDER!$H$13+$K$13*LIDER!$H$14+$L$13*LIDER!$H$15,"N")) -> 0
A18: 6 | B18: =LIDER!F48 -> 0 | C18: =C17 -> G02 | E18: =IF(B18=0,0,IF(D18="",$F$13*LIDER!$H$9+$G$13*LIDER!$H$10+$H$13*LIDER!$H$11+$I$13*LIDER!$H$12+$J$13*LIDER!$H$13+$K$13*LIDER!$H$14+$L$13*LIDER!$H$15,"N")) -> 0
B19: GRUPO#3 | C19: G03 | D19: =D12 -> LIST | E19: DEF | F19: =LIDER!$E$31 -> GRUPO#3 ¿Cuáles son los aspectos legales, tributarios, administrativos, macroeconómicos, aduaneros, tecnológicos e internacionales que definen el perfil de expocafe en los negocios internacionales?
A20: 1 | B20: =LIDER!G43 -> YULEDIS BECERRA GOMEZ | C20: =C19 -> G03 | E20: =IF(B20=0,0,IF(D20="",$F$20*LIDER!$H$9+$G$20*LIDER!$H$10+$H$20*LIDER!$H$11+$I$20*LIDER!$H$12+$J$20*LIDER!$H$13+$K$20*LIDER!$H$14+$L$20*LIDER!$H$15,"N")) -> 0
A21: 2 | B21: =LIDER!G44 -> JULIO ALBERTO LANCHEROS PACHECO | C21: =C20 -> G03 | E21: =IF(B21=0,0,IF(D21="",$F$20*LIDER!$H$9+$G$20*LIDER!$H$10+$H$20*LIDER!$H$11+$I$20*LIDER!$H$12+$J$20*LIDER!$H$13+$K$20*LIDER!$H$14+$L$20*LIDER!$H$15,"N")) -> 0
A22: 3 | B22: =LIDER!G45 -> NELCY CAROLINA MEZA PÉREZ | C22: =C21 -> G03 | E22: =IF(B22=0,0,IF(D22="",$F$20*LIDER!$H$9+$G$20*LIDER!$H$10+$H$20*LIDER!$H$11+$I$20*LIDER!$H$12+$J$20*LIDER!$H$13+$K$20*LIDER!$H$14+$L$20*LIDER!$H$15,"N")) -> 0
A23: 4 | B23: =LIDER!G46 -> 0 | C23: =C22 -> G03 | E23: =IF(B23=0,0,IF(D23="",$F$20*LIDER!$H$9+$G$20*LIDER!$H$10+$H$20*LIDER!$H$11+$I$20*LIDER!$H$12+$J$20*LIDER!$H$13+$K$20*LIDER!$H$14+$L$20*LIDER!$H$15,"N")) -> 0
A24: 5 | B24: =LIDER!G47 -> 0 | C24: =C23 -> G03 | E24: =IF(B24=0,0,IF(D24="",$F$20*LIDER!$H$9+$G$20*LIDER!$H$10+$H$20*LIDER!$H$11+$I$20*LIDER!$H$12+$J$20*LIDER!$H$13+$K$20*LIDER!$H$14+$L$20*LIDER!$H$15,"N")) -> 0
A25: 6 | B25: =LIDER!G48 -> 0 | C25: =C24 -> G03 | E25: =IF(B25=0,0,IF(D25="",$F$20*LIDER!$H$9+$G$20*LIDER!$H$10+$H$20*LIDER!$H$11+$I$20*LIDER!$H$12+$J$20*LIDER!$H$13+$K$20*LIDER!$H$14+$L$20*LIDER!$H$15,"N")) -> 0
B26: GRUPO#4 | C26: G04 | D26: =D19 -> LIST | E26: DEF | F26: =LIDER!$E$32 -> GRUPO#4
A27: 1 | B27: =LIDER!H43 -> HELENA ISABEL ALVAREZ CORTINA | C27: =C26 -> G04 | E27: =IF(B27=0,0,IF(D27="",$F$27*LIDER!$H$9+$G$27*LIDER!$H$10+$H$27*LIDER!$H$11+$I$27*LIDER!$H$12+$J$27*LIDER!$H$13+$K$27*LIDER!$H$14+$L$27*LIDER!$H$15,"N")) -> 0
A28: 2 | B28: =LIDER!H44 -> ANDREA KAROLAY CARRILLO GOMEZ | C28: =C27 -> G04 | E28: =IF(B28=0,0,IF(D28="",$F$27*LIDER!$H$9+$G$27*LIDER!$H$10+$H$27*LIDER!$H$11+$I$27*LIDER!$H$12+$J$27*LIDER!$H$13+$K$27*LIDER!$H$14+$L$27*LIDER!$H$15,"N")) -> 0
A29: 3 | B29: =LIDER!H45 -> MELANY ANDREA FLÓREZ ALMANZA | C29: =C28 -> G04 | E29: =IF(B29=0,0,IF(D29="",$F$27*LIDER!$H$9+$G$27*LIDER!$H$10+$H$27*LIDER!$H$11+$I$27*LIDER!$H$12+$J$27*LIDER!$H$13+$K$27*LIDER!$H$14+$L$27*LIDER!$H$15,"N")) -> 0
A30: 4 | B30: =LIDER!H46 -> JUAN SEBASTIAN PRENS BOSSIO | C30: =C29 -> G04 | E30: =IF(B30=0,0,IF(D30="",$F$27*LIDER!$H$9+$G$27*LIDER!$H$10+$H$27*LIDER!$H$11+$I$27*LIDER!$H$12+$J$27*LIDER!$H$13+$K$27*LIDER!$H$14+$L$27*LIDER!$H$15,"N")) -> 0
A31: 5 | B31: =LIDER!H47 -> ALEXANDER DUBAN PROTZKAR DE LA HOZ | C31: =C30 -> G04 | E31: =IF(B31=0,0,IF(D31="",$F$27*LIDER!$H$9+$G$27*LIDER!$H$10+$H$27*LIDER!$H$11+$I$27*LIDER!$H$12+$J$27*LIDER!$H$13+$K$27*LIDER!$H$14+$L$27*LIDER!$H$15,"N")) -> 0
A32: 6 | B32: =LIDER!H48 -> 0 | C32: =C31 -> G04 | E32: =IF(B32=0,0,IF(D32="",$F$27*LIDER!$H$9+$G$27*LIDER!$H$10+$H$27*LIDER!$H$11+$I$27*LIDER!$H$12+$J$27*LIDER!$H$13+$K$27*LIDER!$H$14+$L$27*LIDER!$H$15,"N")) -> 0
B33: GRUPO#5 | C33: G05 | D33: =D26 -> LIST | E33: DEF | F33: =LIDER!$E$33 -> GRUPO#5 Cuáles son los aspectos legales, tributarios, administrativos, macroeconómicos, aduaneros, tecnológicos e internacionales que definen el perfil de la empresa Colombina S.A. en los negocios internacionales
A34: 1 | B34: =LIDER!E51 -> SIARA LUCIA CHAMS CARBALLO | C34: =C33 -> G05 | E34: =IF(B34=0,0,IF(D34="",$F$34*LIDER!$H$9+$G$34*LIDER!$H$10+$H$34*LIDER!$H$11+$I$34*LIDER!$H$12+$J$34*LIDER!$H$13+$K$34*LIDER!$H$14+$L$34*LIDER!$H$15,"N")) -> 0
A35: 2 | B35: =LIDER!E52 -> LUCINDA GARCIA CASTRO | C35: =C34 -> G05 | E35: =IF(B35=0,0,IF(D35="",$F$34*LIDER!$H$9+$G$34*LIDER!$H$10+$H$34*LIDER!$H$11+$I$34*LIDER!$H$12+$J$34*LIDER!$H$13+$K$34*LIDER!$H$14+$L$34*LIDER!$H$15,"N")) -> 0
A36: 3 | B36: =LIDER!E53 -> SAMUEL DVID JULIO BARRIOS | C36: =C35 -> G05 | E36: =IF(B36=0,0,IF(D36="",$F$34*LIDER!$H$9+$G$34*LIDER!$H$10+$H$34*LIDER!$H$11+$I$34*LIDER!$H$12+$J$34*LIDER!$H$13+$K$34*LIDER!$H$14+$L$34*LIDER!$H$15,"N")) -> 0
A37: 4 | B37: =LIDER!E54 -> LAUREN CAROLINA MARTINEZ LICONA | C37: =C36 -> G05 | E37: =IF(B37=0,0,IF(D37="",$F$34*LIDER!$H$9+$G$34*LIDER!$H$10+$H$34*LIDER!$H$11+$I$34*LIDER!$H$12+$J$34*LIDER!$H$13+$K$34*LIDER!$H$14+$L$34*LIDER!$H$15,"N")) -> 0
A38: 5 | B38: =LIDER!E55 -> ASLLY MARGARITA RINCON MATTOS | C38: =C37 -> G05 | E38: =IF(B38=0,0,IF(D38="",$F$34*LIDER!$H$9+$G$34*LIDER!$H$10+$H$34*LIDER!$H$11+$I$34*LIDER!$H$12+$J$34*LIDER!$H$13+$K$34*LIDER!$H$14+$L$34*LIDER!$H$15,"N")) -> 0
A39: 6 | B39: =LIDER!E56 -> 0 | C39: =C38 -> G05 | E39: =IF(B39=0,0,IF(D39="",$F$34*LIDER!$H$9+$G$34*LIDER!$H$10+$H$34*LIDER!$H$11+$I$34*LIDER!$H$12+$J$34*LIDER!$H$13+$K$34*LIDER!$H$14+$L$34*LIDER!$H$15,"N")) -> 0
B40: GRUPO#6 | C40: G06 | D40: =D33 -> LIST | E40: DEF | F40: =LIDER!$E$34 -> GRUPO#6
A41: 1 | B41: =LIDER!F51 -> YEIDER SANTIAGO BOHORQUEZ GONZALEZ | C41: =C40 -> G06 | E41: =IF(B41=0,0,IF(D41="",$F$41*LIDER!$H$9+$G$41*LIDER!$H$10+$H$41*LIDER!$H$11+$I$41*LIDER!$H$12+$J$41*LIDER!$H$13+$K$41*LIDER!$H$14+$L$41*LIDER!$H$15,"N")) -> 0
A42: 2 | B42: =LIDER!F52 -> ELIAN MANUEL PACHECO BELTRAN | C42: =C41 -> G06 | E42: =IF(B42=0,0,IF(D42="",$F$41*LIDER!$H$9+$G$41*LIDER!$H$10+$H$41*LIDER!$H$11+$I$41*LIDER!$H$12+$J$41*LIDER!$H$13+$K$41*LIDER!$H$14+$L$41*LIDER!$H$15,"N")) -> 0
A43: 3 | B43: =LIDER!F53 -> VALERIA PASTRANA ARRIETA | C43: =C42 -> G06 | E43: =IF(B43=0,0,IF(D43="",$F$41*LIDER!$H$9+$G$41*LIDER!$H$10+$H$41*LIDER!$H$11+$I$41*LIDER!$H$12+$J$41*LIDER!$H$13+$K$41*LIDER!$H$14+$L$41*LIDER!$H$15,"N")) -> 0
A44: 4 | B44: =LIDER!F54 -> JUAN PABLO QUIJANO GUEVARA | C44: =C43 -> G06 | E44: =IF(B44=0,0,IF(D44="",$F$41*LIDER!$H$9+$G$41*LIDER!$H$10+$H$41*LIDER!$H$11+$I$41*LIDER!$H$12+$J$41*LIDER!$H$13+$K$41*LIDER!$H$14+$L$41*LIDER!$H$15,"N")) -> 0
A45: 5 | B45: =LIDER!F55 -> JOSE ANGEL VALLEJO REALES | C45: =C44 -> G06 | E45: =IF(B45=0,0,IF(D45="",$F$41*LIDER!$H$9+$G$41*LIDER!$H$10+$H$41*LIDER!$H$11+$I$41*LIDER!$H$12+$J$41*LIDER!$H$13+$K$41*LIDER!$H$14+$L$41*LIDER!$H$15,"N")) -> 0
A46: 6 | B46: =LIDER!F56 -> HENRY WILCHES DE LA ROSA | C46: =C45 -> G06 | E46: =IF(B46=0,0,IF(D46="",$F$41*LIDER!$H$9+$G$41*LIDER!$H$10+$H$41*LIDER!$H$11+$I$41*LIDER!$H$12+$J$41*LIDER!$H$13+$K$41*LIDER!$H$14+$L$41*LIDER!$H$15,"N")) -> 0
B47: GRUPO#7 | C47: G07 | D47: =D40 -> LIST | E47: DEF | F47: =LIDER!$E$35 -> GRUPO#7 CÓMO ES EL PERFIL DE DRUMMOND EN LOS NEGOCIOS INTERNACIONALES TENIENDO EN CUENTA LOS ASPECTOS LEGALES, TRIBUTARIOS, ADMINISTRATIVOS, MACROECONÓMICOS, ADUANEROS, TECNOLÓGICOS E INTERNACIONALES
A48: 1 | B48: =LIDER!G51 -> CARLOS JULIO LOPEZ ALEMAN | C48: =C47 -> G07 | E48: =IF(B48=0,0,IF(D48="",$F$48*LIDER!$H$9+$G$48*LIDER!$H$10+$H$48*LIDER!$H$11+$I$48*LIDER!$H$12+$J$48*LIDER!$H$13+$K$48*LIDER!$H$14+$L$48*LIDER!$H$15,"N")) -> 0
A49: 2 | B49: =LIDER!G52 -> DYLAN ANDRES RANGEL LOPEZ | C49: =C48 -> G07 | E49: =IF(B49=0,0,IF(D49="",$F$48*LIDER!$H$9+$G$48*LIDER!$H$10+$H$48*LIDER!$H$11+$I$48*LIDER!$H$12+$J$48*LIDER!$H$13+$K$48*LIDER!$H$14+$L$48*LIDER!$H$15,"N")) -> 0
A50: 3 | B50: =LIDER!G53 -> SANTIAGO TANGARIFE PONCE | C50: =C49 -> G07 | E50: =IF(B50=0,0,IF(D50="",$F$48*LIDER!$H$9+$G$48*LIDER!$H$10+$H$48*LIDER!$H$11+$I$48*LIDER!$H$12+$J$48*LIDER!$H$13+$K$48*LIDER!$H$14+$L$48*LIDER!$H$15,"N")) -> 0
A51: 4 | B51: =LIDER!G54 -> 0 | C51: =C50 -> G07 | E51: =IF(B51=0,0,IF(D51="",$F$48*LIDER!$H$9+$G$48*LIDER!$H$10+$H$48*LIDER!$H$11+$I$48*LIDER!$H$12+$J$48*LIDER!$H$13+$K$48*LIDER!$H$14+$L$48*LIDER!$H$15,"N")) -> 0
A52: 5 | B52: =LIDER!G55 -> 0 | C52: =C51 -> G07 | E52: =IF(B52=0,0,IF(D52="",$F$48*LIDER!$H$9+$G$48*LIDER!$H$10+$H$48*LIDER!$H$11+$I$48*LIDER!$H$12+$J$48*LIDER!$H$13+$K$48*LIDER!$H$14+$L$48*LIDER!$H$15,"N")) -> 0
A53: 6 | B53: =LIDER!G56 -> 0 | C53: =C52 -> G07 | E53: =IF(B53=0,0,IF(D53="",$F$48*LIDER!$H$9+$G$48*LIDER!$H$10+$H$48*LIDER!$H$11+$I$48*LIDER!$H$12+$J$48*LIDER!$H$13+$K$48*LIDER!$H$14+$L$48*LIDER!$H$15,"N")) -> 0
B54: GRUPO#8 | C54: G08 | D54: =D47 -> LIST | E54: DEF | F54: =LIDER!$E$36 -> GRUPO#8 Análisis de los aspectos legales, tributarios, administrativos, macroeconómicos, aduaneros, tecnológicos e internacionales que definen el perfil de The Coca-Cola Company
A55: 1 | B55: =LIDER!H51 -> YURI MAR FUENMAYOR OSORIO | C55: =C54 -> G08 | E55: =IF(B55=0,0,IF(D55="",$F$55*LIDER!$H$9+$G$55*LIDER!$H$10+$H$55*LIDER!$H$11+$I$55*LIDER!$H$12+$J$55*LIDER!$H$13+$K$55*LIDER!$H$14+$L$55*LIDER!$H$15,"N")) -> 0
A56: 2 | B56: =LIDER!H52 -> YULEIDIS PAOLA MORENO DIAZ | C56: =C55 -> G08 | E56: =IF(B56=0,0,IF(D56="",$F$55*LIDER!$H$9+$G$55*LIDER!$H$10+$H$55*LIDER!$H$11+$I$55*LIDER!$H$12+$J$55*LIDER!$H$13+$K$55*LIDER!$H$14+$L$55*LIDER!$H$15,"N")) -> 0
A57: 3 | B57: =LIDER!H53 -> SHARONE JANNINE ORDOÑEZ ESCUDERO | C57: =C56 -> G08 | E57: =IF(B57=0,0,IF(D57="",$F$55*LIDER!$H$9+$G$55*LIDER!$H$10+$H$55*LIDER!$H$11+$I$55*LIDER!$H$12+$J$55*LIDER!$H$13+$K$55*LIDER!$H$14+$L$55*LIDER!$H$15,"N")) -> 0
A58: 4 | B58: =LIDER!H54 -> 0 | C58: =C57 -> G08 | E58: =IF(B58=0,0,IF(D58="",$F$55*LIDER!$H$9+$G$55*LIDER!$H$10+$H$55*LIDER!$H$11+$I$55*LIDER!$H$12+$J$55*LIDER!$H$13+$K$55*LIDER!$H$14+$L$55*LIDER!$H$15,"N")) -> 0
A59: 5 | B59: =LIDER!H55 -> 0 | C59: =C58 -> G08 | E59: =IF(B59=0,0,IF(D59="",$F$55*LIDER!$H$9+$G$55*LIDER!$H$10+$H$55*LIDER!$H$11+$I$55*LIDER!$H$12+$J$55*LIDER!$H$13+$K$55*LIDER!$H$14+$L$55*LIDER!$H$15,"N")) -> 0
A60: 6 | B60: =LIDER!H56 -> 0 | C60: =C59 -> G08 | E60: =IF(B60=0,0,IF(D60="",$F$55*LIDER!$H$9+$G$55*LIDER!$H$10+$H$55*LIDER!$H$11+$I$55*LIDER!$H$12+$J$55*LIDER!$H$13+$K$55*LIDER!$H$14+$L$55*LIDER!$H$15,"N")) -> 0
B61: GRUPO#9 | C61: G09 | D61: =D54 -> LIST | E61: DEF | F61: =LIDER!$E$37 -> GRUPO#9
A62: 1 | B62: =LIDER!E59 -> ISSAC DAVID ANGULO ZABALETA | C62: =C61 -> G09 | E62: =IF(B62=0,0,IF(D62="",$F$62*LIDER!$H$9+$G$62*LIDER!$H$10+$H$62*LIDER!$H$11+$I$62*LIDER!$H$12+$J$62*LIDER!$H$13+$K$62*LIDER!$H$14+$L$62*LIDER!$H$15,"N")) -> 0
A63: 2 | B63: =LIDER!E60 -> ANDRES FELIPE ARROYO PARRA | C63: =C62 -> G09 | E63: =IF(B63=0,0,IF(D63="",$F$62*LIDER!$H$9+$G$62*LIDER!$H$10+$H$62*LIDER!$H$11+$I$62*LIDER!$H$12+$J$62*LIDER!$H$13+$K$62*LIDER!$H$14+$L$62*LIDER!$H$15,"N")) -> 0
A64: 3 | B64: =LIDER!E61 -> DANNA ALEJANDRA CASTRO ESPINOSA | C64: =C63 -> G09 | E64: =IF(B64=0,0,IF(D64="",$F$62*LIDER!$H$9+$G$62*LIDER!$H$10+$H$62*LIDER!$H$11+$I$62*LIDER!$H$12+$J$62*LIDER!$H$13+$K$62*LIDER!$H$14+$L$62*LIDER!$H$15,"N")) -> 0
A65: 4 | B65: =LIDER!E62 -> JUAN DAVID LOPEZ VIDES | C65: =C64 -> G09 | E65: =IF(B65=0,0,IF(D65="",$F$62*LIDER!$H$9+$G$62*LIDER!$H$10+$H$62*LIDER!$H$11+$I$62*LIDER!$H$12+$J$62*LIDER!$H$13+$K$62*LIDER!$H$14+$L$62*LIDER!$H$15,"N")) -> 0
A66: 5 | B66: =LIDER!E63 -> ALEJANDRA MORENO VILLALOBO | C66: =C65 -> G09 | E66: =IF(B66=0,0,IF(D66="",$F$62*LIDER!$H$9+$G$62*LIDER!$H$10+$H$62*LIDER!$H$11+$I$62*LIDER!$H$12+$J$62*LIDER!$H$13+$K$62*LIDER!$H$14+$L$62*LIDER!$H$15,"N")) -> 0
A67: 6 | B67: =LIDER!E64 -> 0 | C67: =C66 -> G09 | E67: =IF(B67=0,0,IF(D67="",$F$62*LIDER!$H$9+$G$62*LIDER!$H$10+$H$62*LIDER!$H$11+$I$62*LIDER!$H$12+$J$62*LIDER!$H$13+$K$62*LIDER!$H$14+$L$62*LIDER!$H$15,"N")) -> 0
B68: GRUPO#10 | C68: G10 | D68: =D61 -> LIST | E68: DEF | F68: =LIDER!$E$38 -> GRUPO#10
A69: 1 | B69: =LIDER!F59 -> 0 | C69: =C68 -> G10 | E69: =IF(B69=0,0,IF(D69="",$F$69*LIDER!$H$9+$G$69*LIDER!$H$10+$H$69*LIDER!$H$11+$I$69*LIDER!$H$12+$J$69*LIDER!$H$13+$K$69*LIDER!$H$14+$L$69*LIDER!$H$15,"N")) -> 0
A70: 2 | B70: =LIDER!F60 -> 0 | C70: =C69 -> G10 | E70: =IF(B70=0,0,IF(D70="",$F$69*LIDER!$H$9+$G$69*LIDER!$H$10+$H$69*LIDER!$H$11+$I$69*LIDER!$H$12+$J$69*LIDER!$H$13+$K$69*LIDER!$H$14+$L$69*LIDER!$H$15,"N")) -> 0
A71: 3 | B71: =LIDER!F61 -> 0 | C71: =C70 -> G10 | E71: =IF(B71=0,0,IF(D71="",$F$69*LIDER!$H$9+$G$69*LIDER!$H$10+$H$69*LIDER!$H$11+$I$69*LIDER!$H$12+$J$69*LIDER!$H$13+$K$69*LIDER!$H$14+$L$69*LIDER!$H$15,"N")) -> 0
A72: 4 | B72: =LIDER!F62 -> 0 | C72: =C71 -> G10 | E72: =IF(B72=0,0,IF(D72="",$F$69*LIDER!$H$9+$G$69*LIDER!$H$10+$H$69*LIDER!$H$11+$I$69*LIDER!$H$12+$J$69*LIDER!$H$13+$K$69*LIDER!$H$14+$L$69*LIDER!$H$15,"N")) -> 0
A73: 5 | B73: =LIDER!F63 -> 0 | C73: =C72 -> G10 | E73: =IF(B73=0,0,IF(D73="",$F$69*LIDER!$H$9+$G$69*LIDER!$H$10+$H$69*LIDER!$H$11+$I$69*LIDER!$H$12+$J$69*LIDER!$H$13+$K$69*LIDER!$H$14+$L$69*LIDER!$H$15,"N")) -> 0
A74: 6 | B74: =LIDER!F64 -> 0 | C74: =C73 -> G10 | E74: =IF(B74=0,0,IF(D74="",$F$69*LIDER!$H$9+$G$69*LIDER!$H$10+$H$69*LIDER!$H$11+$I$69*LIDER!$H$12+$J$69*LIDER!$H$13+$K$69*LIDER!$H$14+$L$69*LIDER!$H$15,"N")) -> 0
B75: GRUPO#11 | C75: G11 | D75: =D68 -> LIST | E75: DEF | F75: =LIDER!$E$39 -> GRUPO#11
A76: 1 | B76: =LIDER!G59 -> 0 | C76: =C75 -> G11 | E76: =IF(B76=0,0,IF(D76="",$F$76*LIDER!$H$9+$G$76*LIDER!$H$10+$H$76*LIDER!$H$11+$I$76*LIDER!$H$12+$J$76*LIDER!$H$13+$K$76*LIDER!$H$14+$L$76*LIDER!$H$15,"N")) -> 0
A77: 2 | B77: =LIDER!G60 -> 0 | C77: =C76 -> G11 | E77: =IF(B77=0,0,IF(D77="",$F$76*LIDER!$H$9+$G$76*LIDER!$H$10+$H$76*LIDER!$H$11+$I$76*LIDER!$H$12+$J$76*LIDER!$H$13+$K$76*LIDER!$H$14+$L$76*LIDER!$H$15,"N")) -> 0
A78: 3 | B78: =LIDER!G61 -> 0 | C78: =C77 -> G11 | E78: =IF(B78=0,0,IF(D78="",$F$76*LIDER!$H$9+$G$76*LIDER!$H$10+$H$76*LIDER!$H$11+$I$76*LIDER!$H$12+$J$76*LIDER!$H$13+$K$76*LIDER!$H$14+$L$76*LIDER!$H$15,"N")) -> 0
A79: 4 | B79: =LIDER!G62 -> 0 | C79: =C78 -> G11 | E79: =IF(B79=0,0,IF(D79="",$F$76*LIDER!$H$9+$G$76*LIDER!$H$10+$H$76*LIDER!$H$11+$I$76*LIDER!$H$12+$J$76*LIDER!$H$13+$K$76*LIDER!$H$14+$L$76*LIDER!$H$15,"N")) -> 0
A80: 5 | B80: =LIDER!G63 -> 0 | C80: =C79 -> G11 | E80: =IF(B80=0,0,IF(D80="",$F$76*LIDER!$H$9+$G$76*LIDER!$H$10+$H$76*LIDER!$H$11+$I$76*LIDER!$H$12+$J$76*LIDER!$H$13+$K$76*LIDER!$H$14+$L$76*LIDER!$H$15,"N")) -> 0
A81: 6 | B81: =LIDER!G64 -> 0 | C81: =C80 -> G11 | E81: =IF(B81=0,0,IF(D81="",$F$76*LIDER!$H$9+$G$76*LIDER!$H$10+$H$76*LIDER!$H$11+$I$76*LIDER!$H$12+$J$76*LIDER!$H$13+$K$76*LIDER!$H$14+$L$76*LIDER!$H$15,"N")) -> 0
B82: GRUPO#12 | C82: G12 | D82: =D75 -> LIST | E82: DEF | F82: =LIDER!$E$40 -> GRUPO#12
A83: 1 | B83: =LIDER!H59 -> 0 | C83: =C82 -> G12 | E83: =IF(B83=0,0,IF(D83="",$F$83*LIDER!$H$9+$G$83*LIDER!$H$10+$H$83*LIDER!$H$11+$I$83*LIDER!$H$12+$J$83*LIDER!$H$13+$K$83*LIDER!$H$14+$L$83*LIDER!$H$15,"N")) -> 0
A84: 2 | B84: =LIDER!H60 -> 0 | C84: =C83 -> G12 | E84: =IF(B84=0,0,IF(D84="",$F$83*LIDER!$H$9+$G$83*LIDER!$H$10+$H$83*LIDER!$H$11+$I$83*LIDER!$H$12+$J$83*LIDER!$H$13+$K$83*LIDER!$H$14+$L$83*LIDER!$H$15,"N")) -> 0
A85: 3 | B85: =LIDER!H61 -> 0 | C85: =C84 -> G12 | E85: =IF(B85=0,0,IF(D85="",$F$83*LIDER!$H$9+$G$83*LIDER!$H$10+$H$83*LIDER!$H$11+$I$83*LIDER!$H$12+$J$83*LIDER!$H$13+$K$83*LIDER!$H$14+$L$83*LIDER!$H$15,"N")) -> 0
A86: 4 | B86: =LIDER!H62 -> 0 | C86: =C85 -> G12 | E86: =IF(B86=0,0,IF(D86="",$F$83*LIDER!$H$9+$G$83*LIDER!$H$10+$H$83*LIDER!$H$11+$I$83*LIDER!$H$12+$J$83*LIDER!$H$13+$K$83*LIDER!$H$14+$L$83*LIDER!$H$15,"N")) -> 0
A87: 5 | B87: =LIDER!H63 -> 0 | C87: =C86 -> G12 | E87: =IF(B87=0,0,IF(D87="",$F$83*LIDER!$H$9+$G$83*LIDER!$H$10+$H$83*LIDER!$H$11+$I$83*LIDER!$H$12+$J$83*LIDER!$H$13+$K$83*LIDER!$H$14+$L$83*LIDER!$H$15,"N")) -> 0
A88: 6 | B88: =LIDER!H64 -> 0 | C88: =C87 -> G12 | E88: =IF(B88=0,0,IF(D88="",$F$83*LIDER!$H$9+$G$83*LIDER!$H$10+$H$83*LIDER!$H$11+$I$83*LIDER!$H$12+$J$83*LIDER!$H$13+$K$83*LIDER!$H$14+$L$83*LIDER!$H$15,"N")) -> 0

Sheet S-ASIG-07
A1: =LIDER!B2 -> TECNOLOGÍA EN GESTIÓN DE NEGOCIOS INTERN | I1: =LIDER!E2 -> SEMESTRE: | J1: =LIDER!F2 -> SEM-03 | K1: =LIDER!G2 -> SECCIÓN: | L1: =LIDER!H2 -> 3
B2: =LIDER!I4 -> 0 | F2: CRITERIOS DE EVALUACIÓN
B3: Estudiantes | F3: =LIDER!E9 -> PRESENTACIÓN GENERAL: Adopta la norma APA, tamaño de la hoja, margenes, titulo, portadas, numeración de paginas, tabla de contenido automatizada, ortografia, justificacion del texto, citas automatizadas, listas, figuras,etc. | G3: =LIDER!E10 -> ANTEPROYECTO: Portada, planteamiento del problema, justificacion del trabajo o proyecto de aula, objetivos, marco teorico, diseño metodologico. | H3: =LIDER!E11 -> RESULTADOS: Analiza, integra y aplica de manera coherente los aspectos legales-tributarios, administrativos y tecnológicos en el desarrollo de la propuesta investigativa, evidenciando capacidad para generar soluciones viables, pertinentes y sostenibles. | I3: =LIDER!E12 -> BILIOGRAFIA: Las referencias bibliograficas: adoptan las normas APA. El documento es producto de un rastreo bibliografico que muestra analisis y sistensis. | J3: =LIDER!E13 -> ASESORIAS: Anexó la hoja de tutoria firmada ( 3 fimas minmimo). | K3: =LIDER!E14 -> 0 | L3: =LIDER!E15 -> 0
F4: =CONCATENATE(LIDER!I4," - ",LIDER!I6," - ",LIDER!I5) -> - -
B5: GRUPO#1 | C5: G01 | D5: LIST | E5: DEF | F5: =LIDER!$E$29 -> GRUPO#1 Descripción de los Aspectos Internacionales, Macroeconómicos, Legales, administrativos, aduaneros y tecnológicos de Progan del Caribe S.A.S
A6: 1 | B6: =LIDER!E43 -> EDINSON ANDRES CASTRO PADILLA | C6: =C5 -> G01 | E6: =IF(B6=0,0,IF(D6="",$F$6*LIDER!$H$9+$G$6*LIDER!$H$10+$H$6*LIDER!$H$11+$I$6*LIDER!$H$12+$J$6*LIDER!$H$13+$K$6*LIDER!$H$14+$L$6*LIDER!$H$15,"N")) -> 0
A7: 2 | B7: =LIDER!E44 -> MATEO ANDRÉS CUESTA DÍAZ | C7: =C6 -> G01 | E7: =IF(B7=0,0,IF(D7="",$F$6*LIDER!$H$9+$G$6*LIDER!$H$10+$H$6*LIDER!$H$11+$I$6*LIDER!$H$12+$J$6*LIDER!$H$13+$K$6*LIDER!$H$14+$L$6*LIDER!$H$15,"N")) -> 0
A8: 3 | B8: =LIDER!E45 -> LUKASS GIRALDO RAMIREZ | C8: =C7 -> G01 | E8: =IF(B8=0,0,IF(D8="",$F$6*LIDER!$H$9+$G$6*LIDER!$H$10+$H$6*LIDER!$H$11+$I$6*LIDER!$H$12+$J$6*LIDER!$H$13+$K$6*LIDER!$H$14+$L$6*LIDER!$H$15,"N")) -> 0
A9: 4 | B9: =LIDER!E46 -> LOREINES OSPINO HERNÁNDEZ | C9: =C8 -> G01 | E9: =IF(B9=0,0,IF(D9="",$F$6*LIDER!$H$9+$G$6*LIDER!$H$10+$H$6*LIDER!$H$11+$I$6*LIDER!$H$12+$J$6*LIDER!$H$13+$K$6*LIDER!$H$14+$L$6*LIDER!$H$15,"N")) -> 0
A10: 5 | B10: =LIDER!E47 -> LAURA SOFÍA PÉREZ ARÉVALO | C10: =C9 -> G01 | E10: =IF(B10=0,0,IF(D10="",$F$6*LIDER!$H$9+$G$6*LIDER!$H$10+$H$6*LIDER!$H$11+$I$6*LIDER!$H$12+$J$6*LIDER!$H$13+$K$6*LIDER!$H$14+$L$6*LIDER!$H$15,"N")) -> 0
A11: 6 | B11: =LIDER!E48 -> VALERY DANIELA SAENZ WATTS | C11: =C10 -> G01 | E11: =IF(B11=0,0,IF(D11="",$F$6*LIDER!$H$9+$G$6*LIDER!$H$10+$H$6*LIDER!$H$11+$I$6*LIDER!$H$12+$J$6*LIDER!$H$13+$K$6*LIDER!$H$14+$L$6*LIDER!$H$15,"N")) -> 0
B12: GRUPO#2 | C12: G02 | D12: =D5 -> LIST | E12: DEF | F12: =LIDER!$E$30 -> GRUPO#2 ¿CUALES SON LOS ASPECTOS LEGALES, TRIBUTARIOS, ADMINISTRATIVOS, MACROECONOMICOS, ADUANEROS, TECNOLOGICOS E INTERNACIONALES QUE DEFINEN EL PERFIL DE LAS EMPRESA CEMENTOS ARGOS S.A EN LOS NEGOCIOS INTERNACIONALES?
A13: 1 | B13: =LIDER!F43 -> MARIA CRISTINA CAÑATE MERCADO | C13: =C12 -> G02 | E13: =IF(B13=0,0,IF(D13="",$F$13*LIDER!$H$9+$G$13*LIDER!$H$10+$H$13*LIDER!$H$11+$I$13*LIDER!$H$12+$J$13*LIDER!$H$13+$K$13*LIDER!$H$14+$L$13*LIDER!$H$15,"N")) -> 0
A14: 2 | B14: =LIDER!F44 -> KARINA MARRUGO MEZA | C14: =C13 -> G02 | E14: =IF(B14=0,0,IF(D14="",$F$13*LIDER!$H$9+$G$13*LIDER!$H$10+$H$13*LIDER!$H$11+$I$13*LIDER!$H$12+$J$13*LIDER!$H$13+$K$13*LIDER!$H$14+$L$13*LIDER!$H$15,"N")) -> 0
A15: 3 | B15: =LIDER!F45 -> HILARYS CAROLINA PATERNINA DONADO | C15: =C14 -> G02 | E15: =IF(B15=0,0,IF(D15="",$F$13*LIDER!$H$9+$G$13*LIDER!$H$10+$H$13*LIDER!$H$11+$I$13*LIDER!$H$12+$J$13*LIDER!$H$13+$K$13*LIDER!$H$14+$L$13*LIDER!$H$15,"N")) -> 0
A16: 4 | B16: =LIDER!F46 -> MATEO QUINTANA SERNA | C16: =C15 -> G02 | E16: =IF(B16=0,0,IF(D16="",$F$13*LIDER!$H$9+$G$13*LIDER!$H$10+$H$13*LIDER!$H$11+$I$13*LIDER!$H$12+$J$13*LIDER!$H$13+$K$13*LIDER!$H$14+$L$13*LIDER!$H$15,"N")) -> 0
A17: 5 | B17: =LIDER!F47 -> 0 | C17: =C16 -> G02 | E17: =IF(B17=0,0,IF(D17="",$F$13*LIDER!$H$9+$G$13*LIDER!$H$10+$H$13*LIDER!$H$11+$I$13*LIDER!$H$12+$J$13*LIDER!$H$13+$K$13*LIDER!$H$14+$L$13*LIDER!$H$15,"N")) -> 0
A18: 6 | B18: =LIDER!F48 -> 0 | C18: =C17 -> G02 | E18: =IF(B18=0,0,IF(D18="",$F$13*LIDER!$H$9+$G$13*LIDER!$H$10+$H$13*LIDER!$H$11+$I$13*LIDER!$H$12+$J$13*LIDER!$H$13+$K$13*LIDER!$H$14+$L$13*LIDER!$H$15,"N")) -> 0
B19: GRUPO#3 | C19: G03 | D19: =D12 -> LIST | E19: DEF | F19: =LIDER!$E$31 -> GRUPO#3 ¿Cuáles son los aspectos legales, tributarios, administrativos, macroeconómicos, aduaneros, tecnológicos e internacionales que definen el perfil de expocafe en los negocios internacionales?
A20: 1 | B20: =LIDER!G43 -> YULEDIS BECERRA GOMEZ | C20: =C19 -> G03 | E20: =IF(B20=0,0,IF(D20="",$F$20*LIDER!$H$9+$G$20*LIDER!$H$10+$H$20*LIDER!$H$11+$I$20*LIDER!$H$12+$J$20*LIDER!$H$13+$K$20*LIDER!$H$14+$L$20*LIDER!$H$15,"N")) -> 0
A21: 2 | B21: =LIDER!G44 -> JULIO ALBERTO LANCHEROS PACHECO | C21: =C20 -> G03 | E21: =IF(B21=0,0,IF(D21="",$F$20*LIDER!$H$9+$G$20*LIDER!$H$10+$H$20*LIDER!$H$11+$I$20*LIDER!$H$12+$J$20*LIDER!$H$13+$K$20*LIDER!$H$14+$L$20*LIDER!$H$15,"N")) -> 0
A22: 3 | B22: =LIDER!G45 -> NELCY CAROLINA MEZA PÉREZ | C22: =C21 -> G03 | E22: =IF(B22=0,0,IF(D22="",$F$20*LIDER!$H$9+$G$20*LIDER!$H$10+$H$20*LIDER!$H$11+$I$20*LIDER!$H$12+$J$20*LIDER!$H$13+$K$20*LIDER!$H$14+$L$20*LIDER!$H$15,"N")) -> 0
A23: 4 | B23: =LIDER!G46 -> 0 | C23: =C22 -> G03 | E23: =IF(B23=0,0,IF(D23="",$F$20*LIDER!$H$9+$G$20*LIDER!$H$10+$H$20*LIDER!$H$11+$I$20*LIDER!$H$12+$J$20*LIDER!$H$13+$K$20*LIDER!$H$14+$L$20*LIDER!$H$15,"N")) -> 0
A24: 5 | B24: =LIDER!G47 -> 0 | C24: =C23 -> G03 | E24: =IF(B24=0,0,IF(D24="",$F$20*LIDER!$H$9+$G$20*LIDER!$H$10+$H$20*LIDER!$H$11+$I$20*LIDER!$H$12+$J$20*LIDER!$H$13+$K$20*LIDER!$H$14+$L$20*LIDER!$H$15,"N")) -> 0
A25: 6 | B25: =LIDER!G48 -> 0 | C25: =C24 -> G03 | E25: =IF(B25=0,0,IF(D25="",$F$20*LIDER!$H$9+$G$20*LIDER!$H$10+$H$20*LIDER!$H$11+$I$20*LIDER!$H$12+$J$20*LIDER!$H$13+$K$20*LIDER!$H$14+$L$20*LIDER!$H$15,"N")) -> 0
B26: GRUPO#4 | C26: G04 | D26: =D19 -> LIST | E26: DEF | F26: =LIDER!$E$32 -> GRUPO#4
A27: 1 | B27: =LIDER!H43 -> HELENA ISABEL ALVAREZ CORTINA | C27: =C26 -> G04 | E27: =IF(B27=0,0,IF(D27="",$F$27*LIDER!$H$9+$G$27*LIDER!$H$10+$H$27*LIDER!$H$11+$I$27*LIDER!$H$12+$J$27*LIDER!$H$13+$K$27*LIDER!$H$14+$L$27*LIDER!$H$15,"N")) -> 0
A28: 2 | B28: =LIDER!H44 -> ANDREA KAROLAY CARRILLO GOMEZ | C28: =C27 -> G04 | E28: =IF(B28=0,0,IF(D28="",$F$27*LIDER!$H$9+$G$27*LIDER!$H$10+$H$27*LIDER!$H$11+$I$27*LIDER!$H$12+$J$27*LIDER!$H$13+$K$27*LIDER!$H$14+$L$27*LIDER!$H$15,"N")) -> 0
A29: 3 | B29: =LIDER!H45 -> MELANY ANDREA FLÓREZ ALMANZA | C29: =C28 -> G04 | E29: =IF(B29=0,0,IF(D29="",$F$27*LIDER!$H$9+$G$27*LIDER!$H$10+$H$27*LIDER!$H$11+$I$27*LIDER!$H$12+$J$27*LIDER!$H$13+$K$27*LIDER!$H$14+$L$27*LIDER!$H$15,"N")) -> 0
A30: 4 | B30: =LIDER!H46 -> JUAN SEBASTIAN PRENS BOSSIO | C30: =C29 -> G04 | E30: =IF(B30=0,0,IF(D30="",$F$27*LIDER!$H$9+$G$27*LIDER!$H$10+$H$27*LIDER!$H$11+$I$27*LIDER!$H$12+$J$27*LIDER!$H$13+$K$27*LIDER!$H$14+$L$27*LIDER!$H$15,"N")) -> 0
A31: 5 | B31: =LIDER!H47 -> ALEXANDER DUBAN PROTZKAR DE LA HOZ | C31: =C30 -> G04 | E31: =IF(B31=0,0,IF(D31="",$F$27*LIDER!$H$9+$G$27*LIDER!$H$10+$H$27*LIDER!$H$11+$I$27*LIDER!$H$12+$J$27*LIDER!$H$13+$K$27*LIDER!$H$14+$L$27*LIDER!$H$15,"N")) -> 0
A32: 6 | B32: =LIDER!H48 -> 0 | C32: =C31 -> G04 | E32: =IF(B32=0,0,IF(D32="",$F$27*LIDER!$H$9+$G$27*LIDER!$H$10+$H$27*LIDER!$H$11+$I$27*LIDER!$H$12+$J$27*LIDER!$H$13+$K$27*LIDER!$H$14+$L$27*LIDER!$H$15,"N")) -> 0
B33: GRUPO#5 | C33: G05 | D33: =D26 -> LIST | E33: DEF | F33: =LIDER!$E$33 -> GRUPO#5 Cuáles son los aspectos legales, tributarios, administrativos, macroeconómicos, aduaneros, tecnológicos e internacionales que definen el perfil de la empresa Colombina S.A. en los negocios internacionales
A34: 1 | B34: =LIDER!E51 -> SIARA LUCIA CHAMS CARBALLO | C34: =C33 -> G05 | E34: =IF(B34=0,0,IF(D34="",$F$34*LIDER!$H$9+$G$34*LIDER!$H$10+$H$34*LIDER!$H$11+$I$34*LIDER!$H$12+$J$34*LIDER!$H$13+$K$34*LIDER!$H$14+$L$34*LIDER!$H$15,"N")) -> 0
A35: 2 | B35: =LIDER!E52 -> LUCINDA GARCIA CASTRO | C35: =C34 -> G05 | E35: =IF(B35=0,0,IF(D35="",$F$34*LIDER!$H$9+$G$34*LIDER!$H$10+$H$34*LIDER!$H$11+$I$34*LIDER!$H$12+$J$34*LIDER!$H$13+$K$34*LIDER!$H$14+$L$34*LIDER!$H$15,"N")) -> 0
A36: 3 | B36: =LIDER!E53 -> SAMUEL DVID JULIO BARRIOS | C36: =C35 -> G05 | E36: =IF(B36=0,0,IF(D36="",$F$34*LIDER!$H$9+$G$34*LIDER!$H$10+$H$34*LIDER!$H$11+$I$34*LIDER!$H$12+$J$34*LIDER!$H$13+$K$34*LIDER!$H$14+$L$34*LIDER!$H$15,"N")) -> 0
A37: 4 | B37: =LIDER!E54 -> LAUREN CAROLINA MARTINEZ LICONA | C37: =C36 -> G05 | E37: =IF(B37=0,0,IF(D37="",$F$34*LIDER!$H$9+$G$34*LIDER!$H$10+$H$34*LIDER!$H$11+$I$34*LIDER!$H$12+$J$34*LIDER!$H$13+$K$34*LIDER!$H$14+$L$34*LIDER!$H$15,"N")) -> 0
A38: 5 | B38: =LIDER!E55 -> ASLLY MARGARITA RINCON MATTOS | C38: =C37 -> G05 | E38: =IF(B38=0,0,IF(D38="",$F$34*LIDER!$H$9+$G$34*LIDER!$H$10+$H$34*LIDER!$H$11+$I$34*LIDER!$H$12+$J$34*LIDER!$H$13+$K$34*LIDER!$H$14+$L$34*LIDER!$H$15,"N")) -> 0
A39: 6 | B39: =LIDER!E56 -> 0 | C39: =C38 -> G05 | E39: =IF(B39=0,0,IF(D39="",$F$34*LIDER!$H$9+$G$34*LIDER!$H$10+$H$34*LIDER!$H$11+$I$34*LIDER!$H$12+$J$34*LIDER!$H$13+$K$34*LIDER!$H$14+$L$34*LIDER!$H$15,"N")) -> 0
B40: GRUPO#6 | C40: G06 | D40: =D33 -> LIST | E40: DEF | F40: =LIDER!$E$34 -> GRUPO#6
A41: 1 | B41: =LIDER!F51 -> YEIDER SANTIAGO BOHORQUEZ GONZALEZ | C41: =C40 -> G06 | E41: =IF(B41=0,0,IF(D41="",$F$41*LIDER!$H$9+$G$41*LIDER!$H$10+$H$41*LIDER!$H$11+$I$41*LIDER!$H$12+$J$41*LIDER!$H$13+$K$41*LIDER!$H$14+$L$41*LIDER!$H$15,"N")) -> 0
A42: 2 | B42: =LIDER!F52 -> ELIAN MANUEL PACHECO BELTRAN | C42: =C41 -> G06 | E42: =IF(B42=0,0,IF(D42="",$F$41*LIDER!$H$9+$G$41*LIDER!$H$10+$H$41*LIDER!$H$11+$I$41*LIDER!$H$12+$J$41*LIDER!$H$13+$K$41*LIDER!$H$14+$L$41*LIDER!$H$15,"N")) -> 0
A43: 3 | B43: =LIDER!F53 -> VALERIA PASTRANA ARRIETA | C43: =C42 -> G06 | E43: =IF(B43=0,0,IF(D43="",$F$41*LIDER!$H$9+$G$41*LIDER!$H$10+$H$41*LIDER!$H$11+$I$41*LIDER!$H$12+$J$41*LIDER!$H$13+$K$41*LIDER!$H$14+$L$41*LIDER!$H$15,"N")) -> 0
A44: 4 | B44: =LIDER!F54 -> JUAN PABLO QUIJANO GUEVARA | C44: =C43 -> G06 | E44: =IF(B44=0,0,IF(D44="",$F$41*LIDER!$H$9+$G$41*LIDER!$H$10+$H$41*LIDER!$H$11+$I$41*LIDER!$H$12+$J$41*LIDER!$H$13+$K$41*LIDER!$H$14+$L$41*LIDER!$H$15,"N")) -> 0
A45: 5 | B45: =LIDER!F55 -> JOSE ANGEL VALLEJO REALES | C45: =C44 -> G06 | E45: =IF(B45=0,0,IF(D45="",$F$41*LIDER!$H$9+$G$41*LIDER!$H$10+$H$41*LIDER!$H$11+$I$41*LIDER!$H$12+$J$41*LIDER!$H$13+$K$41*LIDER!$H$14+$L$41*LIDER!$H$15,"N")) -> 0
A46: 6 | B46: =LIDER!F56 -> HENRY WILCHES DE LA ROSA | C46: =C45 -> G06 | E46: =IF(B46=0,0,IF(D46="",$F$41*LIDER!$H$9+$G$41*LIDER!$H$10+$H$41*LIDER!$H$11+$I$41*LIDER!$H$12+$J$41*LIDER!$H$13+$K$41*LIDER!$H$14+$L$41*LIDER!$H$15,"N")) -> 0
B47: GRUPO#7 | C47: G07 | D47: =D40 -> LIST | E47: DEF | F47: =LIDER!$E$35 -> GRUPO#7 CÓMO ES EL PERFIL DE DRUMMOND EN LOS NEGOCIOS INTERNACIONALES TENIENDO EN CUENTA LOS ASPECTOS LEGALES, TRIBUTARIOS, ADMINISTRATIVOS, MACROECONÓMICOS, ADUANEROS, TECNOLÓGICOS E INTERNACIONALES
A48: 1 | B48: =LIDER!G51 -> CARLOS JULIO LOPEZ ALEMAN | C48: =C47 -> G07 | E48: =IF(B48=0,0,IF(D48="",$F$48*LIDER!$H$9+$G$48*LIDER!$H$10+$H$48*LIDER!$H$11+$I$48*LIDER!$H$12+$J$48*LIDER!$H$13+$K$48*LIDER!$H$14+$L$48*LIDER!$H$15,"N")) -> 0
A49: 2 | B49: =LIDER!G52 -> DYLAN ANDRES RANGEL LOPEZ | C49: =C48 -> G07 | E49: =IF(B49=0,0,IF(D49="",$F$48*LIDER!$H$9+$G$48*LIDER!$H$10+$H$48*LIDER!$H$11+$I$48*LIDER!$H$12+$J$48*LIDER!$H$13+$K$48*LIDER!$H$14+$L$48*LIDER!$H$15,"N")) -> 0
A50: 3 | B50: =LIDER!G53 -> SANTIAGO TANGARIFE PONCE | C50: =C49 -> G07 | E50: =IF(B50=0,0,IF(D50="",$F$48*LIDER!$H$9+$G$48*LIDER!$H$10+$H$48*LIDER!$H$11+$I$48*LIDER!$H$12+$J$48*LIDER!$H$13+$K$48*LIDER!$H$14+$L$48*LIDER!$H$15,"N")) -> 0
A51: 4 | B51: =LIDER!G54 -> 0 | C51: =C50 -> G07 | E51: =IF(B51=0,0,IF(D51="",$F$48*LIDER!$H$9+$G$48*LIDER!$H$10+$H$48*LIDER!$H$11+$I$48*LIDER!$H$12+$J$48*LIDER!$H$13+$K$48*LIDER!$H$14+$L$48*LIDER!$H$15,"N")) -> 0
A52: 5 | B52: =LIDER!G55 -> 0 | C52: =C51 -> G07 | E52: =IF(B52=0,0,IF(D52="",$F$48*LIDER!$H$9+$G$48*LIDER!$H$10+$H$48*LIDER!$H$11+$I$48*LIDER!$H$12+$J$48*LIDER!$H$13+$K$48*LIDER!$H$14+$L$48*LIDER!$H$15,"N")) -> 0
A53: 6 | B53: =LIDER!G56 -> 0 | C53: =C52 -> G07 | E53: =IF(B53=0,0,IF(D53="",$F$48*LIDER!$H$9+$G$48*LIDER!$H$10+$H$48*LIDER!$H$11+$I$48*LIDER!$H$12+$J$48*LIDER!$H$13+$K$48*LIDER!$H$14+$L$48*LIDER!$H$15,"N")) -> 0
B54: GRUPO#8 | C54: G08 | D54: =D47 -> LIST | E54: DEF | F54: =LIDER!$E$36 -> GRUPO#8 Análisis de los aspectos legales, tributarios, administrativos, macroeconómicos, aduaneros, tecnológicos e internacionales que definen el perfil de The Coca-Cola Company
A55: 1 | B55: =LIDER!H51 -> YURI MAR FUENMAYOR OSORIO | C55: =C54 -> G08 | E55: =IF(B55=0,0,IF(D55="",$F$55*LIDER!$H$9+$G$55*LIDER!$H$10+$H$55*LIDER!$H$11+$I$55*LIDER!$H$12+$J$55*LIDER!$H$13+$K$55*LIDER!$H$14+$L$55*LIDER!$H$15,"N")) -> 0
A56: 2 | B56: =LIDER!H52 -> YULEIDIS PAOLA MORENO DIAZ | C56: =C55 -> G08 | E56: =IF(B56=0,0,IF(D56="",$F$55*LIDER!$H$9+$G$55*LIDER!$H$10+$H$55*LIDER!$H$11+$I$55*LIDER!$H$12+$J$55*LIDER!$H$13+$K$55*LIDER!$H$14+$L$55*LIDER!$H$15,"N")) -> 0
A57: 3 | B57: =LIDER!H53 -> SHARONE JANNINE ORDOÑEZ ESCUDERO | C57: =C56 -> G08 | E57: =IF(B57=0,0,IF(D57="",$F$55*LIDER!$H$9+$G$55*LIDER!$H$10+$H$55*LIDER!$H$11+$I$55*LIDER!$H$12+$J$55*LIDER!$H$13+$K$55*LIDER!$H$14+$L$55*LIDER!$H$15,"N")) -> 0
A58: 4 | B58: =LIDER!H54 -> 0 | C58: =C57 -> G08 | E58: =IF(B58=0,0,IF(D58="",$F$55*LIDER!$H$9+$G$55*LIDER!$H$10+$H$55*LIDER!$H$11+$I$55*LIDER!$H$12+$J$55*LIDER!$H$13+$K$55*LIDER!$H$14+$L$55*LIDER!$H$15,"N")) -> 0
A59: 5 | B59: =LIDER!H55 -> 0 | C59: =C58 -> G08 | E59: =IF(B59=0,0,IF(D59="",$F$55*LIDER!$H$9+$G$55*LIDER!$H$10+$H$55*LIDER!$H$11+$I$55*LIDER!$H$12+$J$55*LIDER!$H$13+$K$55*LIDER!$H$14+$L$55*LIDER!$H$15,"N")) -> 0
A60: 6 | B60: =LIDER!H56 -> 0 | C60: =C59 -> G08 | E60: =IF(B60=0,0,IF(D60="",$F$55*LIDER!$H$9+$G$55*LIDER!$H$10+$H$55*LIDER!$H$11+$I$55*LIDER!$H$12+$J$55*LIDER!$H$13+$K$55*LIDER!$H$14+$L$55*LIDER!$H$15,"N")) -> 0
B61: GRUPO#9 | C61: G09 | D61: =D54 -> LIST | E61: DEF | F61: =LIDER!$E$37 -> GRUPO#9
A62: 1 | B62: =LIDER!E59 -> ISSAC DAVID ANGULO ZABALETA | C62: =C61 -> G09 | E62: =IF(B62=0,0,IF(D62="",$F$62*LIDER!$H$9+$G$62*LIDER!$H$10+$H$62*LIDER!$H$11+$I$62*LIDER!$H$12+$J$62*LIDER!$H$13+$K$62*LIDER!$H$14+$L$62*LIDER!$H$15,"N")) -> 0
A63: 2 | B63: =LIDER!E60 -> ANDRES FELIPE ARROYO PARRA | C63: =C62 -> G09 | E63: =IF(B63=0,0,IF(D63="",$F$62*LIDER!$H$9+$G$62*LIDER!$H$10+$H$62*LIDER!$H$11+$I$62*LIDER!$H$12+$J$62*LIDER!$H$13+$K$62*LIDER!$H$14+$L$62*LIDER!$H$15,"N")) -> 0
A64: 3 | B64: =LIDER!E61 -> DANNA ALEJANDRA CASTRO ESPINOSA | C64: =C63 -> G09 | E64: =IF(B64=0,0,IF(D64="",$F$62*LIDER!$H$9+$G$62*LIDER!$H$10+$H$62*LIDER!$H$11+$I$62*LIDER!$H$12+$J$62*LIDER!$H$13+$K$62*LIDER!$H$14+$L$62*LIDER!$H$15,"N")) -> 0
A65: 4 | B65: =LIDER!E62 -> JUAN DAVID LOPEZ VIDES | C65: =C64 -> G09 | E65: =IF(B65=0,0,IF(D65="",$F$62*LIDER!$H$9+$G$62*LIDER!$H$10+$H$62*LIDER!$H$11+$I$62*LIDER!$H$12+$J$62*LIDER!$H$13+$K$62*LIDER!$H$14+$L$62*LIDER!$H$15,"N")) -> 0
A66: 5 | B66: =LIDER!E63 -> ALEJANDRA MORENO VILLALOBO | C66: =C65 -> G09 | E66: =IF(B66=0,0,IF(D66="",$F$62*LIDER!$H$9+$G$62*LIDER!$H$10+$H$62*LIDER!$H$11+$I$62*LIDER!$H$12+$J$62*LIDER!$H$13+$K$62*LIDER!$H$14+$L$62*LIDER!$H$15,"N")) -> 0
A67: 6 | B67: =LIDER!E64 -> 0 | C67: =C66 -> G09 | E67: =IF(B67=0,0,IF(D67="",$F$62*LIDER!$H$9+$G$62*LIDER!$H$10+$H$62*LIDER!$H$11+$I$62*LIDER!$H$12+$J$62*LIDER!$H$13+$K$62*LIDER!$H$14+$L$62*LIDER!$H$15,"N")) -> 0
B68: GRUPO#10 | C68: G10 | D68: =D61 -> LIST | E68: DEF | F68: =LIDER!$E$38 -> GRUPO#10
A69: 1 | B69: =LIDER!F59 -> 0 | C69: =C68 -> G10 | E69: =IF(B69=0,0,IF(D69="",$F$69*LIDER!$H$9+$G$69*LIDER!$H$10+$H$69*LIDER!$H$11+$I$69*LIDER!$H$12+$J$69*LIDER!$H$13+$K$69*LIDER!$H$14+$L$69*LIDER!$H$15,"N")) -> 0
A70: 2 | B70: =LIDER!F60 -> 0 | C70: =C69 -> G10 | E70: =IF(B70=0,0,IF(D70="",$F$69*LIDER!$H$9+$G$69*LIDER!$H$10+$H$69*LIDER!$H$11+$I$69*LIDER!$H$12+$J$69*LIDER!$H$13+$K$69*LIDER!$H$14+$L$69*LIDER!$H$15,"N")) -> 0
A71: 3 | B71: =LIDER!F61 -> 0 | C71: =C70 -> G10 | E71: =IF(B71=0,0,IF(D71="",$F$69*LIDER!$H$9+$G$69*LIDER!$H$10+$H$69*LIDER!$H$11+$I$69*LIDER!$H$12+$J$69*LIDER!$H$13+$K$69*LIDER!$H$14+$L$69*LIDER!$H$15,"N")) -> 0
A72: 4 | B72: =LIDER!F62 -> 0 | C72: =C71 -> G10 | E72: =IF(B72=0,0,IF(D72="",$F$69*LIDER!$H$9+$G$69*LIDER!$H$10+$H$69*LIDER!$H$11+$I$69*LIDER!$H$12+$J$69*LIDER!$H$13+$K$69*LIDER!$H$14+$L$69*LIDER!$H$15,"N")) -> 0
A73: 5 | B73: =LIDER!F63 -> 0 | C73: =C72 -> G10 | E73: =IF(B73=0,0,IF(D73="",$F$69*LIDER!$H$9+$G$69*LIDER!$H$10+$H$69*LIDER!$H$11+$I$69*LIDER!$H$12+$J$69*LIDER!$H$13+$K$69*LIDER!$H$14+$L$69*LIDER!$H$15,"N")) -> 0
A74: 6 | B74: =LIDER!F64 -> 0 | C74: =C73 -> G10 | E74: =IF(B74=0,0,IF(D74="",$F$69*LIDER!$H$9+$G$69*LIDER!$H$10+$H$69*LIDER!$H$11+$I$69*LIDER!$H$12+$J$69*LIDER!$H$13+$K$69*LIDER!$H$14+$L$69*LIDER!$H$15,"N")) -> 0
B75: GRUPO#11 | C75: G11 | D75: =D68 -> LIST | E75: DEF | F75: =LIDER!$E$39 -> GRUPO#11
A76: 1 | B76: =LIDER!G59 -> 0 | C76: =C75 -> G11 | E76: =IF(B76=0,0,IF(D76="",$F$76*LIDER!$H$9+$G$76*LIDER!$H$10+$H$76*LIDER!$H$11+$I$76*LIDER!$H$12+$J$76*LIDER!$H$13+$K$76*LIDER!$H$14+$L$76*LIDER!$H$15,"N")) -> 0
A77: 2 | B77: =LIDER!G60 -> 0 | C77: =C76 -> G11 | E77: =IF(B77=0,0,IF(D77="",$F$76*LIDER!$H$9+$G$76*LIDER!$H$10+$H$76*LIDER!$H$11+$I$76*LIDER!$H$12+$J$76*LIDER!$H$13+$K$76*LIDER!$H$14+$L$76*LIDER!$H$15,"N")) -> 0
A78: 3 | B78: =LIDER!G61 -> 0 | C78: =C77 -> G11 | E78: =IF(B78=0,0,IF(D78="",$F$76*LIDER!$H$9+$G$76*LIDER!$H$10+$H$76*LIDER!$H$11+$I$76*LIDER!$H$12+$J$76*LIDER!$H$13+$K$76*LIDER!$H$14+$L$76*LIDER!$H$15,"N")) -> 0
A79: 4 | B79: =LIDER!G62 -> 0 | C79: =C78 -> G11 | E79: =IF(B79=0,0,IF(D79="",$F$76*LIDER!$H$9+$G$76*LIDER!$H$10+$H$76*LIDER!$H$11+$I$76*LIDER!$H$12+$J$76*LIDER!$H$13+$K$76*LIDER!$H$14+$L$76*LIDER!$H$15,"N")) -> 0
A80: 5 | B80: =LIDER!G63 -> 0 | C80: =C79 -> G11 | E80: =IF(B80=0,0,IF(D80="",$F$76*LIDER!$H$9+$G$76*LIDER!$H$10+$H$76*LIDER!$H$11+$I$76*LIDER!$H$12+$J$76*LIDER!$H$13+$K$76*LIDER!$H$14+$L$76*LIDER!$H$15,"N")) -> 0
A81: 6 | B81: =LIDER!G64 -> 0 | C81: =C80 -> G11 | E81: =IF(B81=0,0,IF(D81="",$F$76*LIDER!$H$9+$G$76*LIDER!$H$10+$H$76*LIDER!$H$11+$I$76*LIDER!$H$12+$J$76*LIDER!$H$13+$K$76*LIDER!$H$14+$L$76*LIDER!$H$15,"N")) -> 0
B82: GRUPO#12 | C82: G12 | D82: =D75 -> LIST | E82: DEF | F82: =LIDER!$E$40 -> GRUPO#12
A83: 1 | B83: =LIDER!H59 -> 0 | C83: =C82 -> G12 | E83: =IF(B83=0,0,IF(D83="",$F$83*LIDER!$H$9+$G$83*LIDER!$H$10+$H$83*LIDER!$H$11+$I$83*LIDER!$H$12+$J$83*LIDER!$H$13+$K$83*LIDER!$H$14+$L$83*LIDER!$H$15,"N")) -> 0
A84: 2 | B84: =LIDER!H60 -> 0 | C84: =C83 -> G12 | E84: =IF(B84=0,0,IF(D84="",$F$83*LIDER!$H$9+$G$83*LIDER!$H$10+$H$83*LIDER!$H$11+$I$83*LIDER!$H$12+$J$83*LIDER!$H$13+$K$83*LIDER!$H$14+$L$83*LIDER!$H$15,"N")) -> 0
A85: 3 | B85: =LIDER!H61 -> 0 | C85: =C84 -> G12 | E85: =IF(B85=0,0,IF(D85="",$F$83*LIDER!$H$9+$G$83*LIDER!$H$10+$H$83*LIDER!$H$11+$I$83*LIDER!$H$12+$J$83*LIDER!$H$13+$K$83*LIDER!$H$14+$L$83*LIDER!$H$15,"N")) -> 0
A86: 4 | B86: =LIDER!H62 -> 0 | C86: =C85 -> G12 | E86: =IF(B86=0,0,IF(D86="",$F$83*LIDER!$H$9+$G$83*LIDER!$H$10+$H$83*LIDER!$H$11+$I$83*LIDER!$H$12+$J$83*LIDER!$H$13+$K$83*LIDER!$H$14+$L$83*LIDER!$H$15,"N")) -> 0
A87: 5 | B87: =LIDER!H63 -> 0 | C87: =C86 -> G12 | E87: =IF(B87=0,0,IF(D87="",$F$83*LIDER!$H$9+$G$83*LIDER!$H$10+$H$83*LIDER!$H$11+$I$83*LIDER!$H$12+$J$83*LIDER!$H$13+$K$83*LIDER!$H$14+$L$83*LIDER!$H$15,"N")) -> 0
A88: 6 | B88: =LIDER!H64 -> 0 | C88: =C87 -> G12 | E88: =IF(B88=0,0,IF(D88="",$F$83*LIDER!$H$9+$G$83*LIDER!$H$10+$H$83*LIDER!$H$11+$I$83*LIDER!$H$12+$J$83*LIDER!$H$13+$K$83*LIDER!$H$14+$L$83*LIDER!$H$15,"N")) -> 0

Sheet T-ASIG-01
A1: =LIDER!B2 -> TECNOLOGÍA EN GESTIÓN DE NEGOCIOS INTERN | H1: =LIDER!E2 -> SEMESTRE: | I1: =LIDER!F2 -> SEM-03 | J1: =LIDER!G2 -> SECCIÓN: | K1: =LIDER!H2 -> 3
B2: =LIDER!C4 -> LEGISLACION PARA EL COMERCIO | E2: CRITERIOS DE EVALUACIÓN
B3: Estudiantes | E3: =LIDER!E19 -> Evaluación del Documento Final | F3: =LIDER!E20 -> Sustentación de los Resultados: Se refleja un dominio del tema, la información está delimitada y es clara. Hay una jerarquía y fluidez en las ideas que presenta. | G3: =LIDER!E21 -> Expresión Oral: Se oberva buena vocalización y buen tono de voz durante toda la presentación empleando un lenguaje técnico pertinente con su nivel academico. Su discurso es adecuado en la presentacion de la sustentación de los resultados | H3: =LIDER!E22 -> Lenguaje no verbal: Tiene una adecuada presentación personal para la ocación, opta por una buena postura y demuestra seguridad en sí mismo(a) durante la sustentación de los resultados. Además, demuestra asertividad y seguridad en las orientaciones o preguntas que hace el colectivo docente | I3: =LIDER!E23 -> Tiempo: El uso del tiempo fue apropiado, se ajusta al previsto. Ofrece una conclusión donde condensa las ideas principales del objetivo general y los específicos. | J3: =LIDER!E24 -> Uso de Recursos Audiovisuales Tecnológicos: La sustentación se acompaña de recursos visuales pertinentes, atractivos y de gran calidad | K3: =LIDER!E25 -> 0
E4: =CONCATENATE(LIDER!C4," - ",LIDER!C6," - ",LIDER!C5) -> LEGISLACION PARA EL COMERCIO - 2489 - HAROLD ANTONIO CUADRO VELASQUEZ
B5: GRUPO#1 | C5: =IF('S-ASIG-01'!D5="","",'S-ASIG-01'!D5) -> LIST | D5: DEF | E5: =LIDER!$E$29 -> GRUPO#1 Descripción de los Aspectos Internacionales, Macroeconómicos, Legales, administrativos, aduaneros y tecnológicos de Progan del Caribe S.A.S
A6: 1 | B6: =LIDER!E43 -> EDINSON ANDRES CASTRO PADILLA | C6: =IF('S-ASIG-01'!D6="","",'S-ASIG-01'!D6) | D6: =IF(B6=0,"",IF(C6="",$E$6*LIDER!$H$19+F6*LIDER!$H$20+G6*LIDER!$H$21+H6*LIDER!$H$22+I6*LIDER!$H$23+J6*LIDER!$H$24+K6*LIDER!$H$25,"N")) -> 4.35 | E6: 4.2 | F6: 4.5 | G6: 4.5 | H6: 4.5 | I6: 4.5 | J6: 4.5
A7: 2 | B7: =LIDER!E44 -> MATEO ANDRÉS CUESTA DÍAZ | C7: =IF('S-ASIG-01'!D7="","",'S-ASIG-01'!D7) | D7: =IF(B7=0,"",IF(C7="",$E$6*LIDER!$H$19+F7*LIDER!$H$20+G7*LIDER!$H$21+H7*LIDER!$H$22+I7*LIDER!$H$23+J7*LIDER!$H$24+K7*LIDER!$H$25,"N")) -> 4.35 | F7: 4.5 | G7: 4.5 | H7: 4.5 | I7: 4.5 | J7: 4.5
A8: 3 | B8: =LIDER!E45 -> LUKASS GIRALDO RAMIREZ | C8: =IF('S-ASIG-01'!D8="","",'S-ASIG-01'!D8) | D8: =IF(B8=0,"",IF(C8="",$E$6*LIDER!$H$19+F8*LIDER!$H$20+G8*LIDER!$H$21+H8*LIDER!$H$22+I8*LIDER!$H$23+J8*LIDER!$H$24+K8*LIDER!$H$25,"N")) -> 4.35 | F8: 4.5 | G8: 4.5 | H8: 4.5 | I8: 4.5 | J8: 4.5
A9: 4 | B9: =LIDER!E46 -> LOREINES OSPINO HERNÁNDEZ | C9: =IF('S-ASIG-01'!D9="","",'S-ASIG-01'!D9) | D9: =IF(B9=0,"",IF(C9="",$E$6*LIDER!$H$19+F9*LIDER!$H$20+G9*LIDER!$H$21+H9*LIDER!$H$22+I9*LIDER!$H$23+J9*LIDER!$H$24+K9*LIDER!$H$25,"N")) -> 4.35 | F9: 4.5 | G9: 4.5 | H9: 4.5 | I9: 4.5 | J9: 4.5
A10: 5 | B10: =LIDER!E47 -> LAURA SOFÍA PÉREZ ARÉVALO | C10: =IF('S-ASIG-01'!D10="","",'S-ASIG-01'!D10) | D10: =IF(B10=0,"",IF(C10="",$E$6*LIDER!$H$19+F10*LIDER!$H$20+G10*LIDER!$H$21+H10*LIDER!$H$22+I10*LIDER!$H$23+J10*LIDER!$H$24+K10*LIDER!$H$25,"N")) -> 4.35 | F10: 4.5 | G10: 4.5 | H10: 4.5 | I10: 4.5 | J10: 4.5
A11: 6 | B11: =LIDER!E48 -> VALERY DANIELA SAENZ WATTS | C11: =IF('S-ASIG-01'!D11="","",'S-ASIG-01'!D11) | D11: =IF(B11=0,"",IF(C11="",$E$6*LIDER!$H$19+F11*LIDER!$H$20+G11*LIDER!$H$21+H11*LIDER!$H$22+I11*LIDER!$H$23+J11*LIDER!$H$24+K11*LIDER!$H$25,"N")) -> 4.35 | F11: 4.5 | G11: 4.5 | H11: 4.5 | I11: 4.5 | J11: 4.5
B12: GRUPO#2 | C12: =IF('S-ASIG-01'!D12="","",'S-ASIG-01'!D12) -> LIST | D12: DEF | E12: =LIDER!$E$30 -> GRUPO#2 ¿CUALES SON LOS ASPECTOS LEGALES, TRIBUTARIOS, ADMINISTRATIVOS, MACROECONOMICOS, ADUANEROS, TECNOLOGICOS E INTERNACIONALES QUE DEFINEN EL PERFIL DE LAS EMPRESA CEMENTOS ARGOS S.A EN LOS NEGOCIOS INTERNACIONALES?
A13: 1 | B13: =LIDER!F43 -> MARIA CRISTINA CAÑATE MERCADO | C13: =IF('S-ASIG-01'!D13="","",'S-ASIG-01'!D13) | D13: =IF(B13=0,"",IF(C13="",$E$13*LIDER!$H$19+F13*LIDER!$H$20+G13*LIDER!$H$21+H13*LIDER!$H$22+I13*LIDER!$H$23+J13*LIDER!$H$24+K13*LIDER!$H$25,"N")) -> 4 | E13: 4 | F13: 4 | G13: 4 | H13: 4 | I13: 4 | J13: 4
A14: 2 | B14: =LIDER!F44 -> KARINA MARRUGO MEZA | C14: =IF('S-ASIG-01'!D14="","",'S-ASIG-01'!D14) | D14: =IF(B14=0,"",IF(C14="",$E$13*LIDER!$H$19+F14*LIDER!$H$20+G14*LIDER!$H$21+H14*LIDER!$H$22+I14*LIDER!$H$23+J14*LIDER!$H$24+K14*LIDER!$H$25,"N")) -> 4 | F14: 4 | G14: 4 | H14: 4 | I14: 4 | J14: 4
A15: 3 | B15: =LIDER!F45 -> HILARYS CAROLINA PATERNINA DONADO | C15: =IF('S-ASIG-01'!D15="","",'S-ASIG-01'!D15) | D15: =IF(B15=0,"",IF(C15="",$E$13*LIDER!$H$19+F15*LIDER!$H$20+G15*LIDER!$H$21+H15*LIDER!$H$22+I15*LIDER!$H$23+J15*LIDER!$H$24+K15*LIDER!$H$25,"N")) -> 4 | F15: 4 | G15: 4 | H15: 4 | I15: 4 | J15: 4
A16: 4 | B16: =LIDER!F46 -> MATEO QUINTANA SERNA | C16: =IF('S-ASIG-01'!D16="","",'S-ASIG-01'!D16) | D16: =IF(B16=0,"",IF(C16="",$E$13*LIDER!$H$19+F16*LIDER!$H$20+G16*LIDER!$H$21+H16*LIDER!$H$22+I16*LIDER!$H$23+J16*LIDER!$H$24+K16*LIDER!$H$25,"N")) -> 4 | F16: 4 | G16: 4 | H16: 4 | I16: 4 | J16: 4
A17: 5 | B17: =LIDER!F47 -> 0 | C17: =IF('S-ASIG-01'!D17="","",'S-ASIG-01'!D17) | D17: =IF(B17=0,"",IF(C17="",$E$13*LIDER!$H$19+F17*LIDER!$H$20+G17*LIDER!$H$21+H17*LIDER!$H$22+I17*LIDER!$H$23+J17*LIDER!$H$24+K17*LIDER!$H$25,"N"))
A18: 6 | B18: =LIDER!F48 -> 0 | C18: =IF('S-ASIG-01'!D18="","",'S-ASIG-01'!D18) | D18: =IF(B18=0,"",IF(C18="",$E$13*LIDER!$H$19+F18*LIDER!$H$20+G18*LIDER!$H$21+H18*LIDER!$H$22+I18*LIDER!$H$23+J18*LIDER!$H$24+K18*LIDER!$H$25,"N"))
B19: GRUPO#3 | C19: =IF('S-ASIG-01'!D19="","",'S-ASIG-01'!D19) -> LIST | D19: DEF | E19: =LIDER!$E$31 -> GRUPO#3 ¿Cuáles son los aspectos legales, tributarios, administrativos, macroeconómicos, aduaneros, tecnológicos e internacionales que definen el perfil de expocafe en los negocios internacionales?
A20: 1 | B20: =LIDER!G43 -> YULEDIS BECERRA GOMEZ | C20: =IF('S-ASIG-01'!D20="","",'S-ASIG-01'!D20) | D20: =IF(B20=0,"",IF(C20="",$E$20*LIDER!$H$19+F20*LIDER!$H$20+G20*LIDER!$H$21+H20*LIDER!$H$22+I20*LIDER!$H$23+J20*LIDER!$H$24+K20*LIDER!$H$25,"N")) -> #VALUE! | E20: 3.5 | F20: N | G20: N | H20: N | I20: N | J20: N
A21: 2 | B21: =LIDER!G44 -> JULIO ALBERTO LANCHEROS PACHECO | C21: =IF('S-ASIG-01'!D21="","",'S-ASIG-01'!D21) | D21: =IF(B21=0,"",IF(C21="",$E$20*LIDER!$H$19+F21*LIDER!$H$20+G21*LIDER!$H$21+H21*LIDER!$H$22+I21*LIDER!$H$23+J21*LIDER!$H$24+K21*LIDER!$H$25,"N")) -> #VALUE! | F21: N | G21: N | H21: N | I21: N | J21: N
A22: 3 | B22: =LIDER!G45 -> NELCY CAROLINA MEZA PÉREZ | C22: =IF('S-ASIG-01'!D22="","",'S-ASIG-01'!D22) | D22: =IF(B22=0,"",IF(C22="",$E$20*LIDER!$H$19+F22*LIDER!$H$20+G22*LIDER!$H$21+H22*LIDER!$H$22+I22*LIDER!$H$23+J22*LIDER!$H$24+K22*LIDER!$H$25,"N")) -> 3.5 | F22: 3.5 | G22: 3.5 | H22: 3.5 | I22: 3.5 | J22: 3.5
A23: 4 | B23: =LIDER!G46 -> 0 | C23: =IF('S-ASIG-01'!D23="","",'S-ASIG-01'!D23) | D23: =IF(B23=0,"",IF(C23="",$E$20*LIDER!$H$19+F23*LIDER!$H$20+G23*LIDER!$H$21+H23*LIDER!$H$22+I23*LIDER!$H$23+J23*LIDER!$H$24+K23*LIDER!$H$25,"N"))
A24: 5 | B24: =LIDER!G47 -> 0 | C24: =IF('S-ASIG-01'!D24="","",'S-ASIG-01'!D24) | D24: =IF(B24=0,"",IF(C24="",$E$20*LIDER!$H$19+F24*LIDER!$H$20+G24*LIDER!$H$21+H24*LIDER!$H$22+I24*LIDER!$H$23+J24*LIDER!$H$24+K24*LIDER!$H$25,"N"))
A25: 6 | B25: =LIDER!G48 -> 0 | C25: =IF('S-ASIG-01'!D25="","",'S-ASIG-01'!D25) | D25: =IF(B25=0,"",IF(C25="",$E$20*LIDER!$H$19+F25*LIDER!$H$20+G25*LIDER!$H$21+H25*LIDER!$H$22+I25*LIDER!$H$23+J25*LIDER!$H$24+K25*LIDER!$H$25,"N"))
B26: GRUPO#4 | C26: =IF('S-ASIG-01'!D26="","",'S-ASIG-01'!D26) -> LIST | D26: DEF | E26: =LIDER!$E$32 -> GRUPO#4
A27: 1 | B27: =LIDER!H43 -> HELENA ISABEL ALVAREZ CORTINA | C27: =IF('S-ASIG-01'!D27="","",'S-ASIG-01'!D27) | D27: =IF(B27=0,"",IF(C27="",$E$27*LIDER!$H$19+F27*LIDER!$H$20+G27*LIDER!$H$21+H27*LIDER!$H$22+I27*LIDER!$H$23+J27*LIDER!$H$24+K27*LIDER!$H$25,"N")) -> 3.35 | E27: 3.2 | F27: 3.5 | G27: 3.5 | H27: 3.5 | I27: 3.5 | J27: 3.5
A28: 2 | B28: =LIDER!H44 -> ANDREA KAROLAY CARRILLO GOMEZ | C28: =IF('S-ASIG-01'!D28="","",'S-ASIG-01'!D28) | D28: =IF(B28=0,"",IF(C28="",$E$27*LIDER!$H$19+F28*LIDER!$H$20+G28*LIDER!$H$21+H28*LIDER!$H$22+I28*LIDER!$H$23+J28*LIDER!$H$24+K28*LIDER!$H$25,"N")) -> 3.35 | F28: 3.5 | G28: 3.5 | H28: 3.5 | I28: 3.5 | J28: 3.5
A29: 3 | B29: =LIDER!H45 -> MELANY ANDREA FLÓREZ ALMANZA | C29: =IF('S-ASIG-01'!D29="","",'S-ASIG-01'!D29) | D29: =IF(B29=0,"",IF(C29="",$E$27*LIDER!$H$19+F29*LIDER!$H$20+G29*LIDER!$H$21+H29*LIDER!$H$22+I29*LIDER!$H$23+J29*LIDER!$H$24+K29*LIDER!$H$25,"N")) -> 3.35 | F29: 3.5 | G29: 3.5 | H29: 3.5 | I29: 3.5 | J29: 3.5
A30: 4 | B30: =LIDER!H46 -> JUAN SEBASTIAN PRENS BOSSIO | C30: =IF('S-ASIG-01'!D30="","",'S-ASIG-01'!D30) | D30: =IF(B30=0,"",IF(C30="",$E$27*LIDER!$H$19+F30*LIDER!$H$20+G30*LIDER!$H$21+H30*LIDER!$H$22+I30*LIDER!$H$23+J30*LIDER!$H$24+K30*LIDER!$H$25,"N")) -> 3.35 | F30: 3.5 | G30: 3.5 | H30: 3.5 | I30: 3.5 | J30: 3.5
A31: 5 | B31: =LIDER!H47 -> ALEXANDER DUBAN PROTZKAR DE LA HOZ | C31: =IF('S-ASIG-01'!D31="","",'S-ASIG-01'!D31) | D31: =IF(B31=0,"",IF(C31="",$E$27*LIDER!$H$19+F31*LIDER!$H$20+G31*LIDER!$H$21+H31*LIDER!$H$22+I31*LIDER!$H$23+J31*LIDER!$H$24+K31*LIDER!$H$25,"N")) -> 3.35 | F31: 3.5 | G31: 3.5 | H31: 3.5 | I31: 3.5 | J31: 3.5
A32: 6 | B32: =LIDER!H48 -> 0 | C32: =IF('S-ASIG-01'!D32="","",'S-ASIG-01'!D32) | D32: =IF(B32=0,"",IF(C32="",$E$27*LIDER!$H$19+F32*LIDER!$H$20+G32*LIDER!$H$21+H32*LIDER!$H$22+I32*LIDER!$H$23+J32*LIDER!$H$24+K32*LIDER!$H$25,"N"))
B33: GRUPO#5 | C33: =IF('S-ASIG-01'!D33="","",'S-ASIG-01'!D33) -> LIST | D33: DEF | E33: =LIDER!$E$33 -> GRUPO#5 Cuáles son los aspectos legales, tributarios, administrativos, macroeconómicos, aduaneros, tecnológicos e internacionales que definen el perfil de la empresa Colombina S.A. en los negocios internacionales
A34: 1 | B34: =LIDER!E51 -> SIARA LUCIA CHAMS CARBALLO | C34: =IF('S-ASIG-01'!D34="","",'S-ASIG-01'!D34) | D34: =IF(B34=0,"",IF(C34="",$E$34*LIDER!$H$19+F34*LIDER!$H$20+G34*LIDER!$H$21+H34*LIDER!$H$22+I34*LIDER!$H$23+J34*LIDER!$H$24+K34*LIDER!$H$25,"N")) -> 4.25 | E34: 4 | F34: 4.5 | G34: 4.5 | H34: 4.5 | I34: 4.5 | J34: 4.5
A35: 2 | B35: =LIDER!E52 -> LUCINDA GARCIA CASTRO | C35: =IF('S-ASIG-01'!D35="","",'S-ASIG-01'!D35) | D35: =IF(B35=0,"",IF(C35="",$E$34*LIDER!$H$19+F35*LIDER!$H$20+G35*LIDER!$H$21+H35*LIDER!$H$22+I35*LIDER!$H$23+J35*LIDER!$H$24+K35*LIDER!$H$25,"N")) -> 4.25 | F35: 4.5 | G35: 4.5 | H35: 4.5 | I35: 4.5 | J35: 4.5
A36: 3 | B36: =LIDER!E53 -> SAMUEL DVID JULIO BARRIOS | C36: =IF('S-ASIG-01'!D36="","",'S-ASIG-01'!D36) | D36: =IF(B36=0,"",IF(C36="",$E$34*LIDER!$H$19+F36*LIDER!$H$20+G36*LIDER!$H$21+H36*LIDER!$H$22+I36*LIDER!$H$23+J36*LIDER!$H$24+K36*LIDER!$H$25,"N")) -> 4.25 | F36: 4.5 | G36: 4.5 | H36: 4.5 | I36: 4.5 | J36: 4.5
A37: 4 | B37: =LIDER!E54 -> LAUREN CAROLINA MARTINEZ LICONA | C37: =IF('S-ASIG-01'!D37="","",'S-ASIG-01'!D37) | D37: =IF(B37=0,"",IF(C37="",$E$34*LIDER!$H$19+F37*LIDER!$H$20+G37*LIDER!$H$21+H37*LIDER!$H$22+I37*LIDER!$H$23+J37*LIDER!$H$24+K37*LIDER!$H$25,"N")) -> 4.25 | F37: 4.5 | G37: 4.5 | H37: 4.5 | I37: 4.5 | J37: 4.5
A38: 5 | B38: =LIDER!E55 -> ASLLY MARGARITA RINCON MATTOS | C38: =IF('S-ASIG-01'!D38="","",'S-ASIG-01'!D38) | D38: =IF(B38=0,"",IF(C38="",$E$34*LIDER!$H$19+F38*LIDER!$H$20+G38*LIDER!$H$21+H38*LIDER!$H$22+I38*LIDER!$H$23+J38*LIDER!$H$24+K38*LIDER!$H$25,"N")) -> 4.25 | F38: 4.5 | G38: 4.5 | H38: 4.5 | I38: 4.5 | J38: 4.5
A39: 6 | B39: =LIDER!E56 -> 0 | C39: =IF('S-ASIG-01'!D39="","",'S-ASIG-01'!D39) | D39: =IF(B39=0,"",IF(C39="",$E$34*LIDER!$H$19+F39*LIDER!$H$20+G39*LIDER!$H$21+H39*LIDER!$H$22+I39*LIDER!$H$23+J39*LIDER!$H$24+K39*LIDER!$H$25,"N"))
B40: GRUPO#6 | C40: =IF('S-ASIG-01'!D40="","",'S-ASIG-01'!D40) -> LIST | D40: DEF | E40: =LIDER!$E$34 -> GRUPO#6
A41: 1 | B41: =LIDER!F51 -> YEIDER SANTIAGO BOHORQUEZ GONZALEZ | C41: =IF('S-ASIG-01'!D41="","",'S-ASIG-01'!D41) | D41: =IF(B41=0,"",IF(C41="",$E$41*LIDER!$H$19+F41*LIDER!$H$20+G41*LIDER!$H$21+H41*LIDER!$H$22+I41*LIDER!$H$23+J41*LIDER!$H$24+K41*LIDER!$H$25,"N")) -> 2.6 | E41: 2 | F41: 3.2 | G41: 3.2 | H41: 3.2 | I41: 3.2 | J41: 3.2
A42: 2 | B42: =LIDER!F52 -> ELIAN MANUEL PACHECO BELTRAN | C42: =IF('S-ASIG-01'!D42="","",'S-ASIG-01'!D42) | D42: =IF(B42=0,"",IF(C42="",$E$41*LIDER!$H$19+F42*LIDER!$H$20+G42*LIDER!$H$21+H42*LIDER!$H$22+I42*LIDER!$H$23+J42*LIDER!$H$24+K42*LIDER!$H$25,"N")) -> 2.6 | F42: 3.2 | G42: 3.2 | H42: 3.2 | I42: 3.2 | J42: 3.2
A43: 3 | B43: =LIDER!F53 -> VALERIA PASTRANA ARRIETA | C43: =IF('S-ASIG-01'!D43="","",'S-ASIG-01'!D43) | D43: =IF(B43=0,"",IF(C43="",$E$41*LIDER!$H$19+F43*LIDER!$H$20+G43*LIDER!$H$21+H43*LIDER!$H$22+I43*LIDER!$H$23+J43*LIDER!$H$24+K43*LIDER!$H$25,"N")) -> 2.6 | F43: 3.2 | G43: 3.2 | H43: 3.2 | I43: 3.2 | J43: 3.2
A44: 4 | B44: =LIDER!F54 -> JUAN PABLO QUIJANO GUEVARA | C44: =IF('S-ASIG-01'!D44="","",'S-ASIG-01'!D44) | D44: =IF(B44=0,"",IF(C44="",$E$41*LIDER!$H$19+F44*LIDER!$H$20+G44*LIDER!$H$21+H44*LIDER!$H$22+I44*LIDER!$H$23+J44*LIDER!$H$24+K44*LIDER!$H$25,"N")) -> 2.6 | F44: 3.2 | G44: 3.2 | H44: 3.2 | I44: 3.2 | J44: 3.2
A45: 5 | B45: =LIDER!F55 -> JOSE ANGEL VALLEJO REALES | C45: =IF('S-ASIG-01'!D45="","",'S-ASIG-01'!D45) | D45: =IF(B45=0,"",IF(C45="",$E$41*LIDER!$H$19+F45*LIDER!$H$20+G45*LIDER!$H$21+H45*LIDER!$H$22+I45*LIDER!$H$23+J45*LIDER!$H$24+K45*LIDER!$H$25,"N")) -> 2.6 | F45: 3.2 | G45: 3.2 | H45: 3.2 | I45: 3.2 | J45: 3.2
A46: 6 | B46: =LIDER!F56 -> HENRY WILCHES DE LA ROSA | C46: =IF('S-ASIG-01'!D46="","",'S-ASIG-01'!D46) | D46: =IF(B46=0,"",IF(C46="",$E$41*LIDER!$H$19+F46*LIDER!$H$20+G46*LIDER!$H$21+H46*LIDER!$H$22+I46*LIDER!$H$23+J46*LIDER!$H$24+K46*LIDER!$H$25,"N")) -> 2.6 | F46: 3.2 | G46: 3.2 | H46: 3.2 | I46: 3.2 | J46: 3.2
B47: GRUPO#7 | C47: =IF('S-ASIG-01'!D47="","",'S-ASIG-01'!D47) -> LIST | D47: DEF | E47: =LIDER!$E$35 -> GRUPO#7 CÓMO ES EL PERFIL DE DRUMMOND EN LOS NEGOCIOS INTERNACIONALES TENIENDO EN CUENTA LOS ASPECTOS LEGALES, TRIBUTARIOS, ADMINISTRATIVOS, MACROECONÓMICOS, ADUANEROS, TECNOLÓGICOS E INTERNACIONALES
A48: 1 | B48: =LIDER!G51 -> CARLOS JULIO LOPEZ ALEMAN | C48: =IF('S-ASIG-01'!D48="","",'S-ASIG-01'!D48) | D48: =IF(B48=0,"",IF(C48="",$E$48*LIDER!$H$19+F48*LIDER!$H$20+G48*LIDER!$H$21+H48*LIDER!$H$22+I48*LIDER!$H$23+J48*LIDER!$H$24+K48*LIDER!$H$25,"N")) -> 4.1 | E48: 4 | F48: 4.2 | G48: 4.2 | H48: 4.2 | I48: 4.2 | J48: 4.2
A49: 2 | B49: =LIDER!G52 -> DYLAN ANDRES RANGEL LOPEZ | C49: =IF('S-ASIG-01'!D49="","",'S-ASIG-01'!D49) | D49: =IF(B49=0,"",IF(C49="",$E$48*LIDER!$H$19+F49*LIDER!$H$20+G49*LIDER!$H$21+H49*LIDER!$H$22+I49*LIDER!$H$23+J49*LIDER!$H$24+K49*LIDER!$H$25,"N")) -> 4.1 | F49: 4.2 | G49: 4.2 | H49: 4.2 | I49: 4.2 | J49: 4.2
A50: 3 | B50: =LIDER!G53 -> SANTIAGO TANGARIFE PONCE | C50: =IF('S-ASIG-01'!D50="","",'S-ASIG-01'!D50) | D50: =IF(B50=0,"",IF(C50="",$E$48*LIDER!$H$19+F50*LIDER!$H$20+G50*LIDER!$H$21+H50*LIDER!$H$22+I50*LIDER!$H$23+J50*LIDER!$H$24+K50*LIDER!$H$25,"N")) -> 4.1 | F50: 4.2 | G50: 4.2 | H50: 4.2 | I50: 4.2 | J50: 4.2
A51: 4 | B51: =LIDER!G54 -> 0 | C51: =IF('S-ASIG-01'!D51="","",'S-ASIG-01'!D51) | D51: =IF(B51=0,"",IF(C51="",$E$48*LIDER!$H$19+F51*LIDER!$H$20+G51*LIDER!$H$21+H51*LIDER!$H$22+I51*LIDER!$H$23+J51*LIDER!$H$24+K51*LIDER!$H$25,"N"))
A52: 5 | B52: =LIDER!G55 -> 0 | C52: =IF('S-ASIG-01'!D52="","",'S-ASIG-01'!D52) | D52: =IF(B52=0,"",IF(C52="",$E$48*LIDER!$H$19+F52*LIDER!$H$20+G52*LIDER!$H$21+H52*LIDER!$H$22+I52*LIDER!$H$23+J52*LIDER!$H$24+K52*LIDER!$H$25,"N"))
A53: 6 | B53: =LIDER!G56 -> 0 | C53: =IF('S-ASIG-01'!D53="","",'S-ASIG-01'!D53) | D53: =IF(B53=0,"",IF(C53="",$E$48*LIDER!$H$19+F53*LIDER!$H$20+G53*LIDER!$H$21+H53*LIDER!$H$22+I53*LIDER!$H$23+J53*LIDER!$H$24+K53*LIDER!$H$25,"N"))
B54: GRUPO#8 | C54: =IF('S-ASIG-01'!D54="","",'S-ASIG-01'!D54) -> LIST | D54: DEF | E54: =LIDER!$E$36 -> GRUPO#8 Análisis de los aspectos legales, tributarios, administrativos, macroeconómicos, aduaneros, tecnológicos e internacionales que definen el perfil de The Coca-Cola Company
A55: 1 | B55: =LIDER!H51 -> YURI MAR FUENMAYOR OSORIO | C55: =IF('S-ASIG-01'!D55="","",'S-ASIG-01'!D55) | D55: =IF(B55=0,"",IF(C55="",$E$55*LIDER!$H$19+F55*LIDER!$H$20+G55*LIDER!$H$21+H55*LIDER!$H$22+I55*LIDER!$H$23+J55*LIDER!$H$24+K55*LIDER!$H$25,"N")) -> 4.5 | E55: 4.5 | F55: 4.5 | G55: 4.5 | H55: 4.5 | I55: 4.5 | J55: 4.5
A56: 2 | B56: =LIDER!H52 -> YULEIDIS PAOLA MORENO DIAZ | C56: =IF('S-ASIG-01'!D56="","",'S-ASIG-01'!D56) | D56: =IF(B56=0,"",IF(C56="",$E$55*LIDER!$H$19+F56*LIDER!$H$20+G56*LIDER!$H$21+H56*LIDER!$H$22+I56*LIDER!$H$23+J56*LIDER!$H$24+K56*LIDER!$H$25,"N")) -> 4.5 | F56: 4.5 | G56: 4.5 | H56: 4.5 | I56: 4.5 | J56: 4.5
A57: 3 | B57: =LIDER!H53 -> SHARONE JANNINE ORDOÑEZ ESCUDERO | C57: =IF('S-ASIG-01'!D57="","",'S-ASIG-01'!D57) | D57: =IF(B57=0,"",IF(C57="",$E$55*LIDER!$H$19+F57*LIDER!$H$20+G57*LIDER!$H$21+H57*LIDER!$H$22+I57*LIDER!$H$23+J57*LIDER!$H$24+K57*LIDER!$H$25,"N")) -> 4.5 | F57: 4.5 | G57: 4.5 | H57: 4.5 | I57: 4.5 | J57: 4.5
A58: 4 | B58: =LIDER!H54 -> 0 | C58: =IF('S-ASIG-01'!D58="","",'S-ASIG-01'!D58) | D58: =IF(B58=0,"",IF(C58="",$E$55*LIDER!$H$19+F58*LIDER!$H$20+G58*LIDER!$H$21+H58*LIDER!$H$22+I58*LIDER!$H$23+J58*LIDER!$H$24+K58*LIDER!$H$25,"N"))
A59: 5 | B59: =LIDER!H55 -> 0 | C59: =IF('S-ASIG-01'!D59="","",'S-ASIG-01'!D59) | D59: =IF(B59=0,"",IF(C59="",$E$55*LIDER!$H$19+F59*LIDER!$H$20+G59*LIDER!$H$21+H59*LIDER!$H$22+I59*LIDER!$H$23+J59*LIDER!$H$24+K59*LIDER!$H$25,"N"))
A60: 6 | B60: =LIDER!H56 -> 0 | C60: =IF('S-ASIG-01'!D60="","",'S-ASIG-01'!D60) | D60: =IF(B60=0,"",IF(C60="",$E$55*LIDER!$H$19+F60*LIDER!$H$20+G60*LIDER!$H$21+H60*LIDER!$H$22+I60*LIDER!$H$23+J60*LIDER!$H$24+K60*LIDER!$H$25,"N"))
B61: GRUPO#9 | C61: =IF('S-ASIG-01'!D61="","",'S-ASIG-01'!D61) -> LIST | D61: DEF | E61: =LIDER!$E$37 -> GRUPO#9
A62: 1 | B62: =LIDER!E59 -> ISSAC DAVID ANGULO ZABALETA | C62: =IF('S-ASIG-01'!D62="","",'S-ASIG-01'!D62) | D62: =IF(B62=0,"",IF(C62="",$E$62*LIDER!$H$19+F62*LIDER!$H$20+G62*LIDER!$H$21+H62*LIDER!$H$22+I62*LIDER!$H$23+J62*LIDER!$H$24+K62*LIDER!$H$25,"N")) -> 3.5 | E62: 3.5 | F62: 3.5 | G62: 3.5 | H62: 3.5 | I62: 3.5 | J62: 3.5
A63: 2 | B63: =LIDER!E60 -> ANDRES FELIPE ARROYO PARRA | C63: =IF('S-ASIG-01'!D63="","",'S-ASIG-01'!D63) | D63: =IF(B63=0,"",IF(C63="",$E$62*LIDER!$H$19+F63*LIDER!$H$20+G63*LIDER!$H$21+H63*LIDER!$H$22+I63*LIDER!$H$23+J63*LIDER!$H$24+K63*LIDER!$H$25,"N")) -> 3.5 | F63: 3.5 | G63: 3.5 | H63: 3.5 | I63: 3.5 | J63: 3.5
A64: 3 | B64: =LIDER!E61 -> DANNA ALEJANDRA CASTRO ESPINOSA | C64: =IF('S-ASIG-01'!D64="","",'S-ASIG-01'!D64) | D64: =IF(B64=0,"",IF(C64="",$E$62*LIDER!$H$19+F64*LIDER!$H$20+G64*LIDER!$H$21+H64*LIDER!$H$22+I64*LIDER!$H$23+J64*LIDER!$H$24+K64*LIDER!$H$25,"N")) -> 3.5 | F64: 3.5 | G64: 3.5 | H64: 3.5 | I64: 3.5 | J64: 3.5
A65: 4 | B65: =LIDER!E62 -> JUAN DAVID LOPEZ VIDES | C65: =IF('S-ASIG-01'!D65="","",'S-ASIG-01'!D65) | D65: =IF(B65=0,"",IF(C65="",$E$62*LIDER!$H$19+F65*LIDER!$H$20+G65*LIDER!$H$21+H65*LIDER!$H$22+I65*LIDER!$H$23+J65*LIDER!$H$24+K65*LIDER!$H$25,"N")) -> 3.5 | F65: 3.5 | G65: 3.5 | H65: 3.5 | I65: 3.5 | J65: 3.5
A66: 5 | B66: =LIDER!E63 -> ALEJANDRA MORENO VILLALOBO | C66: =IF('S-ASIG-01'!D66="","",'S-ASIG-01'!D66) | D66: =IF(B66=0,"",IF(C66="",$E$62*LIDER!$H$19+F66*LIDER!$H$20+G66*LIDER!$H$21+H66*LIDER!$H$22+I66*LIDER!$H$23+J66*LIDER!$H$24+K66*LIDER!$H$25,"N")) -> 3.5 | F66: 3.5 | G66: 3.5 | H66: 3.5 | I66: 3.5 | J66: 3.5
A67: 6 | B67: =LIDER!E64 -> 0 | C67: =IF('S-ASIG-01'!D67="","",'S-ASIG-01'!D67) | D67: =IF(B67=0,"",IF(C67="",$E$62*LIDER!$H$19+F67*LIDER!$H$20+G67*LIDER!$H$21+H67*LIDER!$H$22+I67*LIDER!$H$23+J67*LIDER!$H$24+K67*LIDER!$H$25,"N"))
B68: GRUPO#10 | C68: =IF('S-ASIG-01'!D68="","",'S-ASIG-01'!D68) -> LIST | D68: DEF | E68: =LIDER!$E$38 -> GRUPO#10
A69: 1 | B69: =LIDER!F59 -> 0 | C69: =IF('S-ASIG-01'!D69="","",'S-ASIG-01'!D69) -> N | D69: =IF(B69=0,"",IF(C69="",$E$69*LIDER!$H$19+F69*LIDER!$H$20+G69*LIDER!$H$21+H69*LIDER!$H$22+I69*LIDER!$H$23+J69*LIDER!$H$24+K69*LIDER!$H$25,"N"))
A70: 2 | B70: =LIDER!F60 -> 0 | C70: =IF('S-ASIG-01'!D70="","",'S-ASIG-01'!D70) -> N | D70: =IF(B70=0,"",IF(C70="",$E$69*LIDER!$H$19+F70*LIDER!$H$20+G70*LIDER!$H$21+H70*LIDER!$H$22+I70*LIDER!$H$23+J70*LIDER!$H$24+K70*LIDER!$H$25,"N"))
A71: 3 | B71: =LIDER!F61 -> 0 | C71: =IF('S-ASIG-01'!D71="","",'S-ASIG-01'!D71) -> N | D71: =IF(B71=0,"",IF(C71="",$E$69*LIDER!$H$19+F71*LIDER!$H$20+G71*LIDER!$H$21+H71*LIDER!$H$22+I71*LIDER!$H$23+J71*LIDER!$H$24+K71*LIDER!$H$25,"N"))
A72: 4 | B72: =LIDER!F62 -> 0 | C72: =IF('S-ASIG-01'!D72="","",'S-ASIG-01'!D72) | D72: =IF(B72=0,"",IF(C72="",$E$69*LIDER!$H$19+F72*LIDER!$H$20+G72*LIDER!$H$21+H72*LIDER!$H$22+I72*LIDER!$H$23+J72*LIDER!$H$24+K72*LIDER!$H$25,"N"))
A73: 5 | B73: =LIDER!F63 -> 0 | C73: =IF('S-ASIG-01'!D73="","",'S-ASIG-01'!D73) | D73: =IF(B73=0,"",IF(C73="",$E$69*LIDER!$H$19+F73*LIDER!$H$20+G73*LIDER!$H$21+H73*LIDER!$H$22+I73*LIDER!$H$23+J73*LIDER!$H$24+K73*LIDER!$H$25,"N"))
A74: 6 | B74: =LIDER!F64 -> 0 | C74: =IF('S-ASIG-01'!D74="","",'S-ASIG-01'!D74) | D74: =IF(B74=0,"",IF(C74="",$E$69*LIDER!$H$19+F74*LIDER!$H$20+G74*LIDER!$H$21+H74*LIDER!$H$22+I74*LIDER!$H$23+J74*LIDER!$H$24+K74*LIDER!$H$25,"N"))
B75: GRUPO#11 | C75: =IF('S-ASIG-01'!D75="","",'S-ASIG-01'!D75) -> LIST | D75: DEF | E75: =LIDER!$E$39 -> GRUPO#11
A76: 1 | B76: =LIDER!G59 -> 0 | C76: =IF('S-ASIG-01'!D76="","",'S-ASIG-01'!D76) | D76: =IF(B76=0,"",IF(C76="",E76*LIDER!$H$19+F76*LIDER!$H$20+G76*LIDER!$H$21+H76*LIDER!$H$22+I76*LIDER!$H$23+J76*LIDER!$H$24+K76*LIDER!$H$25,"N"))
A77: 2 | B77: =LIDER!G60 -> 0 | C77: =IF('S-ASIG-01'!D77="","",'S-ASIG-01'!D77) | D77: =IF(B77=0,"",IF(C77="",E77*LIDER!$H$19+F77*LIDER!$H$20+G77*LIDER!$H$21+H77*LIDER!$H$22+I77*LIDER!$H$23+J77*LIDER!$H$24+K77*LIDER!$H$25,"N"))
A78: 3 | B78: =LIDER!G61 -> 0 | C78: =IF('S-ASIG-01'!D78="","",'S-ASIG-01'!D78) | D78: =IF(B78=0,"",IF(C78="",E78*LIDER!$H$19+F78*LIDER!$H$20+G78*LIDER!$H$21+H78*LIDER!$H$22+I78*LIDER!$H$23+J78*LIDER!$H$24+K78*LIDER!$H$25,"N"))
A79: 4 | B79: =LIDER!G62 -> 0 | C79: =IF('S-ASIG-01'!D79="","",'S-ASIG-01'!D79) | D79: =IF(B79=0,"",IF(C79="",E79*LIDER!$H$19+F79*LIDER!$H$20+G79*LIDER!$H$21+H79*LIDER!$H$22+I79*LIDER!$H$23+J79*LIDER!$H$24+K79*LIDER!$H$25,"N"))
A80: 5 | B80: =LIDER!G63 -> 0 | C80: =IF('S-ASIG-01'!D80="","",'S-ASIG-01'!D80) | D80: =IF(B80=0,"",IF(C80="",E80*LIDER!$H$19+F80*LIDER!$H$20+G80*LIDER!$H$21+H80*LIDER!$H$22+I80*LIDER!$H$23+J80*LIDER!$H$24+K80*LIDER!$H$25,"N"))
A81: 6 | B81: =LIDER!G64 -> 0 | C81: =IF('S-ASIG-01'!D81="","",'S-ASIG-01'!D81) | D81: =IF(B81=0,"",IF(C81="",E81*LIDER!$H$19+F81*LIDER!$H$20+G81*LIDER!$H$21+H81*LIDER!$H$22+I81*LIDER!$H$23+J81*LIDER!$H$24+K81*LIDER!$H$25,"N"))
B82: GRUPO#12 | C82: =IF('S-ASIG-01'!D82="","",'S-ASIG-01'!D82) -> LIST | D82: DEF | E82: =LIDER!$E$40 -> GRUPO#12
A83: 1 | B83: =LIDER!H59 -> 0 | C83: =IF('S-ASIG-01'!D83="","",'S-ASIG-01'!D83) | D83: =IF(B83=0,"",IF(C83="",$E$83*LIDER!$H$19+F83*LIDER!$H$20+G83*LIDER!$H$21+H83*LIDER!$H$22+I83*LIDER!$H$23+J83*LIDER!$H$24+K83*LIDER!$H$25,"N"))
A84: 2 | B84: =LIDER!H60 -> 0 | C84: =IF('S-ASIG-01'!D84="","",'S-ASIG-01'!D84) | D84: =IF(B84=0,"",IF(C84="",$E$83*LIDER!$H$19+F84*LIDER!$H$20+G84*LIDER!$H$21+H84*LIDER!$H$22+I84*LIDER!$H$23+J84*LIDER!$H$24+K84*LIDER!$H$25,"N"))
A85: 3 | B85: =LIDER!H61 -> 0 | C85: =IF('S-ASIG-01'!D85="","",'S-ASIG-01'!D85) | D85: =IF(B85=0,"",IF(C85="",$E$83*LIDER!$H$19+F85*LIDER!$H$20+G85*LIDER!$H$21+H85*LIDER!$H$22+I85*LIDER!$H$23+J85*LIDER!$H$24+K85*LIDER!$H$25,"N"))
A86: 4 | B86: =LIDER!H62 -> 0 | C86: =IF('S-ASIG-01'!D86="","",'S-ASIG-01'!D86) | D86: =IF(B86=0,"",IF(C86="",$E$83*LIDER!$H$19+F86*LIDER!$H$20+G86*LIDER!$H$21+H86*LIDER!$H$22+I86*LIDER!$H$23+J86*LIDER!$H$24+K86*LIDER!$H$25,"N"))
A87: 5 | B87: =LIDER!H63 -> 0 | C87: =IF('S-ASIG-01'!D87="","",'S-ASIG-01'!D87) | D87: =IF(B87=0,"",IF(C87="",$E$83*LIDER!$H$19+F87*LIDER!$H$20+G87*LIDER!$H$21+H87*LIDER!$H$22+I87*LIDER!$H$23+J87*LIDER!$H$24+K87*LIDER!$H$25,"N"))
A88: 6 | B88: =LIDER!H64 -> 0 | C88: =IF('S-ASIG-01'!D88="","",'S-ASIG-01'!D88) | D88: =IF(B88=0,"",IF(C88="",$E$83*LIDER!$H$19+F88*LIDER!$H$20+G88*LIDER!$H$21+H88*LIDER!$H$22+I88*LIDER!$H$23+J88*LIDER!$H$24+K88*LIDER!$H$25,"N"))

Sheet T-ASIG-02
A1: =LIDER!B2 -> TECNOLOGÍA EN GESTIÓN DE NEGOCIOS INTERN | H1: =LIDER!E2 -> SEMESTRE: | I1: =LIDER!F2 -> SEM-03 | J1: =LIDER!G2 -> SECCIÓN: | K1: =LIDER!H2 -> 3
B2: =LIDER!D4 -> TECNOLOGIA APLICADA | E2: CRITERIOS DE EVALUACIÓN
B3: Estudiantes | E3: =LIDER!E19 -> Evaluación del Documento Final | F3: =LIDER!E20 -> Sustentación de los Resultados: Se refleja un dominio del tema, la información está delimitada y es clara. Hay una jerarquía y fluidez en las ideas que presenta. | G3: =LIDER!E21 -> Expresión Oral: Se oberva buena vocalización y buen tono de voz durante toda la presentación empleando un lenguaje técnico pertinente con su nivel academico. Su discurso es adecuado en la presentacion de la sustentación de los resultados | H3: =LIDER!E22 -> Lenguaje no verbal: Tiene una adecuada presentación personal para la ocación, opta por una buena postura y demuestra seguridad en sí mismo(a) durante la sustentación de los resultados. Además, demuestra asertividad y seguridad en las orientaciones o preguntas que hace el colectivo docente | I3: =LIDER!E23 -> Tiempo: El uso del tiempo fue apropiado, se ajusta al previsto. Ofrece una conclusión donde condensa las ideas principales del objetivo general y los específicos. | J3: =LIDER!E24 -> Uso de Recursos Audiovisuales Tecnológicos: La sustentación se acompaña de recursos visuales pertinentes, atractivos y de gran calidad | K3: =LIDER!E25 -> 0
E4: =CONCATENATE(LIDER!D4," - ",LIDER!D6," - ",LIDER!D5) -> TECNOLOGIA APLICADA - 2387 - ARMANDO ACOSTA JULIO
B5: GRUPO#1 | C5: =IF('S-ASIG-02'!D5="","",'S-ASIG-02'!D5) -> LIST | D5: DEF | E5: =LIDER!$E$29 -> GRUPO#1 Descripción de los Aspectos Internacionales, Macroeconómicos, Legales, administrativos, aduaneros y tecnológicos de Progan del Caribe S.A.S
A6: 1 | B6: =LIDER!E43 -> EDINSON ANDRES CASTRO PADILLA | C6: =IF('S-ASIG-02'!D6="","",'S-ASIG-02'!D6) | D6: =IF(B6=0,"",IF(C6="",$E$6*LIDER!$H$19+F6*LIDER!$H$20+G6*LIDER!$H$21+H6*LIDER!$H$22+I6*LIDER!$H$23+J6*LIDER!$H$24+K6*LIDER!$H$25,"N")) -> 4.4 | E6: 4.4 | F6: 4.4 | G6: 4.4 | H6: 4.4 | I6: 4.4 | J6: 4.4
A7: 2 | B7: =LIDER!E44 -> MATEO ANDRÉS CUESTA DÍAZ | C7: =IF('S-ASIG-02'!D7="","",'S-ASIG-02'!D7) | D7: =IF(B7=0,"",IF(C7="",$E$6*LIDER!$H$19+F7*LIDER!$H$20+G7*LIDER!$H$21+H7*LIDER!$H$22+I7*LIDER!$H$23+J7*LIDER!$H$24+K7*LIDER!$H$25,"N")) -> 4.4 | F7: 4.4 | G7: 4.4 | H7: 4.4 | I7: 4.4 | J7: 4.4
A8: 3 | B8: =LIDER!E45 -> LUKASS GIRALDO RAMIREZ | C8: =IF('S-ASIG-02'!D8="","",'S-ASIG-02'!D8) | D8: =IF(B8=0,"",IF(C8="",$E$6*LIDER!$H$19+F8*LIDER!$H$20+G8*LIDER!$H$21+H8*LIDER!$H$22+I8*LIDER!$H$23+J8*LIDER!$H$24+K8*LIDER!$H$25,"N")) -> 4.4 | F8: 4.4 | G8: 4.4 | H8: 4.4 | I8: 4.4 | J8: 4.4
A9: 4 | B9: =LIDER!E46 -> LOREINES OSPINO HERNÁNDEZ | C9: =IF('S-ASIG-02'!D9="","",'S-ASIG-02'!D9) | D9: =IF(B9=0,"",IF(C9="",$E$6*LIDER!$H$19+F9*LIDER!$H$20+G9*LIDER!$H$21+H9*LIDER!$H$22+I9*LIDER!$H$23+J9*LIDER!$H$24+K9*LIDER!$H$25,"N")) -> 4.4 | F9: 4.4 | G9: 4.4 | H9: 4.4 | I9: 4.4 | J9: 4.4
A10: 5 | B10: =LIDER!E47 -> LAURA SOFÍA PÉREZ ARÉVALO | C10: =IF('S-ASIG-02'!D10="","",'S-ASIG-02'!D10) | D10: =IF(B10=0,"",IF(C10="",$E$6*LIDER!$H$19+F10*LIDER!$H$20+G10*LIDER!$H$21+H10*LIDER!$H$22+I10*LIDER!$H$23+J10*LIDER!$H$24+K10*LIDER!$H$25,"N")) -> 4.4 | F10: 4.4 | G10: 4.4 | H10: 4.4 | I10: 4.4 | J10: 4.4
A11: 6 | B11: =LIDER!E48 -> VALERY DANIELA SAENZ WATTS | C11: =IF('S-ASIG-02'!D11="","",'S-ASIG-02'!D11) | D11: =IF(B11=0,"",IF(C11="",$E$6*LIDER!$H$19+F11*LIDER!$H$20+G11*LIDER!$H$21+H11*LIDER!$H$22+I11*LIDER!$H$23+J11*LIDER!$H$24+K11*LIDER!$H$25,"N")) -> 4.4 | F11: 4.4 | G11: 4.4 | H11: 4.4 | I11: 4.4 | J11: 4.4
B12: GRUPO#2 | C12: =IF('S-ASIG-02'!D12="","",'S-ASIG-02'!D12) -> LIST | D12: DEF | E12: =LIDER!$E$30 -> GRUPO#2 ¿CUALES SON LOS ASPECTOS LEGALES, TRIBUTARIOS, ADMINISTRATIVOS, MACROECONOMICOS, ADUANEROS, TECNOLOGICOS E INTERNACIONALES QUE DEFINEN EL PERFIL DE LAS EMPRESA CEMENTOS ARGOS S.A EN LOS NEGOCIOS INTERNACIONALES?
A13: 1 | B13: =LIDER!F43 -> MARIA CRISTINA CAÑATE MERCADO | C13: =IF('S-ASIG-02'!D13="","",'S-ASIG-02'!D13) | D13: =IF(B13=0,"",IF(C13="",$E$13*LIDER!$H$19+F13*LIDER!$H$20+G13*LIDER!$H$21+H13*LIDER!$H$22+I13*LIDER!$H$23+J13*LIDER!$H$24+K13*LIDER!$H$25,"N")) -> 4.4 | E13: 4.5 | F13: 4.3 | G13: 4.3 | H13: 4.3 | I13: 4.3 | J13: 4.3
A14: 2 | B14: =LIDER!F44 -> KARINA MARRUGO MEZA | C14: =IF('S-ASIG-02'!D14="","",'S-ASIG-02'!D14) | D14: =IF(B14=0,"",IF(C14="",$E$13*LIDER!$H$19+F14*LIDER!$H$20+G14*LIDER!$H$21+H14*LIDER!$H$22+I14*LIDER!$H$23+J14*LIDER!$H$24+K14*LIDER!$H$25,"N")) -> 4.4 | F14: 4.3 | G14: 4.3 | H14: 4.3 | I14: 4.3 | J14: 4.3
A15: 3 | B15: =LIDER!F45 -> HILARYS CAROLINA PATERNINA DONADO | C15: =IF('S-ASIG-02'!D15="","",'S-ASIG-02'!D15) | D15: =IF(B15=0,"",IF(C15="",$E$13*LIDER!$H$19+F15*LIDER!$H$20+G15*LIDER!$H$21+H15*LIDER!$H$22+I15*LIDER!$H$23+J15*LIDER!$H$24+K15*LIDER!$H$25,"N")) -> 4.4 | F15: 4.3 | G15: 4.3 | H15: 4.3 | I15: 4.3 | J15: 4.3
A16: 4 | B16: =LIDER!F46 -> MATEO QUINTANA SERNA | C16: =IF('S-ASIG-02'!D16="","",'S-ASIG-02'!D16) | D16: =IF(B16=0,"",IF(C16="",$E$13*LIDER!$H$19+F16*LIDER!$H$20+G16*LIDER!$H$21+H16*LIDER!$H$22+I16*LIDER!$H$23+J16*LIDER!$H$24+K16*LIDER!$H$25,"N")) -> 4.4 | F16: 4.3 | G16: 4.3 | H16: 4.3 | I16: 4.3 | J16: 4.3
A17: 5 | B17: =LIDER!F47 -> 0 | C17: =IF('S-ASIG-02'!D17="","",'S-ASIG-02'!D17) | D17: =IF(B17=0,"",IF(C17="",$E$13*LIDER!$H$19+F17*LIDER!$H$20+G17*LIDER!$H$21+H17*LIDER!$H$22+I17*LIDER!$H$23+J17*LIDER!$H$24+K17*LIDER!$H$25,"N"))
A18: 6 | B18: =LIDER!F48 -> 0 | C18: =IF('S-ASIG-02'!D18="","",'S-ASIG-02'!D18) | D18: =IF(B18=0,"",IF(C18="",$E$13*LIDER!$H$19+F18*LIDER!$H$20+G18*LIDER!$H$21+H18*LIDER!$H$22+I18*LIDER!$H$23+J18*LIDER!$H$24+K18*LIDER!$H$25,"N"))
B19: GRUPO#3 | C19: =IF('S-ASIG-02'!D19="","",'S-ASIG-02'!D19) -> LIST | D19: DEF | E19: =LIDER!$E$31 -> GRUPO#3 ¿Cuáles son los aspectos legales, tributarios, administrativos, macroeconómicos, aduaneros, tecnológicos e internacionales que definen el perfil de expocafe en los negocios internacionales?
A20: 1 | B20: =LIDER!G43 -> YULEDIS BECERRA GOMEZ | C20: =IF('S-ASIG-02'!D20="","",'S-ASIG-02'!D20) | D20: =IF(B20=0,"",IF(C20="",$E$20*LIDER!$H$19+F20*LIDER!$H$20+G20*LIDER!$H$21+H20*LIDER!$H$22+I20*LIDER!$H$23+J20*LIDER!$H$24+K20*LIDER!$H$25,"N")) -> #VALUE! | E20: 3.3 | F20: N/A | G20: N/A | H20: N/A | I20: N/A | J20: N/A
A21: 2 | B21: =LIDER!G44 -> JULIO ALBERTO LANCHEROS PACHECO | C21: =IF('S-ASIG-02'!D21="","",'S-ASIG-02'!D21) | D21: =IF(B21=0,"",IF(C21="",$E$20*LIDER!$H$19+F21*LIDER!$H$20+G21*LIDER!$H$21+H21*LIDER!$H$22+I21*LIDER!$H$23+J21*LIDER!$H$24+K21*LIDER!$H$25,"N")) -> #VALUE! | F21: N/A | G21: N/A | H21: N/A | I21: N/A | J21: N/A
A22: 3 | B22: =LIDER!G45 -> NELCY CAROLINA MEZA PÉREZ | C22: =IF('S-ASIG-02'!D22="","",'S-ASIG-02'!D22) | D22: =IF(B22=0,"",IF(C22="",$E$20*LIDER!$H$19+F22*LIDER!$H$20+G22*LIDER!$H$21+H22*LIDER!$H$22+I22*LIDER!$H$23+J22*LIDER!$H$24+K22*LIDER!$H$25,"N")) -> 3.35 | F22: 3.4 | G22: 3.4 | H22: 3.4 | I22: 3.4 | J22: 3.4
A23: 4 | B23: =LIDER!G46 -> 0 | C23: =IF('S-ASIG-02'!D23="","",'S-ASIG-02'!D23) | D23: =IF(B23=0,"",IF(C23="",$E$20*LIDER!$H$19+F23*LIDER!$H$20+G23*LIDER!$H$21+H23*LIDER!$H$22+I23*LIDER!$H$23+J23*LIDER!$H$24+K23*LIDER!$H$25,"N"))
A24: 5 | B24: =LIDER!G47 -> 0 | C24: =IF('S-ASIG-02'!D24="","",'S-ASIG-02'!D24) | D24: =IF(B24=0,"",IF(C24="",$E$20*LIDER!$H$19+F24*LIDER!$H$20+G24*LIDER!$H$21+H24*LIDER!$H$22+I24*LIDER!$H$23+J24*LIDER!$H$24+K24*LIDER!$H$25,"N"))
A25: 6 | B25: =LIDER!G48 -> 0 | C25: =IF('S-ASIG-02'!D25="","",'S-ASIG-02'!D25) | D25: =IF(B25=0,"",IF(C25="",$E$20*LIDER!$H$19+F25*LIDER!$H$20+G25*LIDER!$H$21+H25*LIDER!$H$22+I25*LIDER!$H$23+J25*LIDER!$H$24+K25*LIDER!$H$25,"N"))
B26: GRUPO#4 | C26: =IF('S-ASIG-02'!D26="","",'S-ASIG-02'!D26) -> LIST | D26: DEF | E26: =LIDER!$E$32 -> GRUPO#4
A27: 1 | B27: =LIDER!H43 -> HELENA ISABEL ALVAREZ CORTINA | C27: =IF('S-ASIG-02'!D27="","",'S-ASIG-02'!D27) | D27: =IF(B27=0,"",IF(C27="",$E$27*LIDER!$H$19+F27*LIDER!$H$20+G27*LIDER!$H$21+H27*LIDER!$H$22+I27*LIDER!$H$23+J27*LIDER!$H$24+K27*LIDER!$H$25,"N")) -> 3.75 | E27: 3.5 | F27: 4 | G27: 4 | H27: 4 | I27: 4 | J27: 4
A28: 2 | B28: =LIDER!H44 -> ANDREA KAROLAY CARRILLO GOMEZ | C28: =IF('S-ASIG-02'!D28="","",'S-ASIG-02'!D28) | D28: =IF(B28=0,"",IF(C28="",$E$27*LIDER!$H$19+F28*LIDER!$H$20+G28*LIDER!$H$21+H28*LIDER!$H$22+I28*LIDER!$H$23+J28*LIDER!$H$24+K28*LIDER!$H$25,"N")) -> 3.75 | F28: 4 | G28: 4 | H28: 4 | I28: 4 | J28: 4
A29: 3 | B29: =LIDER!H45 -> MELANY ANDREA FLÓREZ ALMANZA | C29: =IF('S-ASIG-02'!D29="","",'S-ASIG-02'!D29) | D29: =IF(B29=0,"",IF(C29="",$E$27*LIDER!$H$19+F29*LIDER!$H$20+G29*LIDER!$H$21+H29*LIDER!$H$22+I29*LIDER!$H$23+J29*LIDER!$H$24+K29*LIDER!$H$25,"N")) -> 3.75 | F29: 4 | G29: 4 | H29: 4 | I29: 4 | J29: 4
A30: 4 | B30: =LIDER!H46 -> JUAN SEBASTIAN PRENS BOSSIO | C30: =IF('S-ASIG-02'!D30="","",'S-ASIG-02'!D30) | D30: =IF(B30=0,"",IF(C30="",$E$27*LIDER!$H$19+F30*LIDER!$H$20+G30*LIDER!$H$21+H30*LIDER!$H$22+I30*LIDER!$H$23+J30*LIDER!$H$24+K30*LIDER!$H$25,"N")) -> 3.75 | F30: 4 | G30: 4 | H30: 4 | I30: 4 | J30: 4
A31: 5 | B31: =LIDER!H47 -> ALEXANDER DUBAN PROTZKAR DE LA HOZ | C31: =IF('S-ASIG-02'!D31="","",'S-ASIG-02'!D31) | D31: =IF(B31=0,"",IF(C31="",$E$27*LIDER!$H$19+F31*LIDER!$H$20+G31*LIDER!$H$21+H31*LIDER!$H$22+I31*LIDER!$H$23+J31*LIDER!$H$24+K31*LIDER!$H$25,"N")) -> 3.75 | F31: 4 | G31: 4 | H31: 4 | I31: 4 | J31: 4
A32: 6 | B32: =LIDER!H48 -> 0 | C32: =IF('S-ASIG-02'!D32="","",'S-ASIG-02'!D32) | D32: =IF(B32=0,"",IF(C32="",$E$27*LIDER!$H$19+F32*LIDER!$H$20+G32*LIDER!$H$21+H32*LIDER!$H$22+I32*LIDER!$H$23+J32*LIDER!$H$24+K32*LIDER!$H$25,"N"))
B33: GRUPO#5 | C33: =IF('S-ASIG-02'!D33="","",'S-ASIG-02'!D33) -> LIST | D33: DEF | E33: =LIDER!$E$33 -> GRUPO#5 Cuáles son los aspectos legales, tributarios, administrativos, macroeconómicos, aduaneros, tecnológicos e internacionales que definen el perfil de la empresa Colombina S.A. en los negocios internacionales
A34: 1 | B34: =LIDER!E51 -> SIARA LUCIA CHAMS CARBALLO | C34: =IF('S-ASIG-02'!D34="","",'S-ASIG-02'!D34) | D34: =IF(B34=0,"",IF(C34="",$E$34*LIDER!$H$19+F34*LIDER!$H$20+G34*LIDER!$H$21+H34*LIDER!$H$22+I34*LIDER!$H$23+J34*LIDER!$H$24+K34*LIDER!$H$25,"N")) -> 4.5 | E34: 4.4 | F34: 4.6 | G34: 4.6 | H34: 4.6 | I34: 4.6 | J34: 4.6
A35: 2 | B35: =LIDER!E52 -> LUCINDA GARCIA CASTRO | C35: =IF('S-ASIG-02'!D35="","",'S-ASIG-02'!D35) | D35: =IF(B35=0,"",IF(C35="",$E$34*LIDER!$H$19+F35*LIDER!$H$20+G35*LIDER!$H$21+H35*LIDER!$H$22+I35*LIDER!$H$23+J35*LIDER!$H$24+K35*LIDER!$H$25,"N")) -> 4.5 | F35: 4.6 | G35: 4.6 | H35: 4.6 | I35: 4.6 | J35: 4.6
A36: 3 | B36: =LIDER!E53 -> SAMUEL DVID JULIO BARRIOS | C36: =IF('S-ASIG-02'!D36="","",'S-ASIG-02'!D36) | D36: =IF(B36=0,"",IF(C36="",$E$34*LIDER!$H$19+F36*LIDER!$H$20+G36*LIDER!$H$21+H36*LIDER!$H$22+I36*LIDER!$H$23+J36*LIDER!$H$24+K36*LIDER!$H$25,"N")) -> 4.5 | F36: 4.6 | G36: 4.6 | H36: 4.6 | I36: 4.6 | J36: 4.6
A37: 4 | B37: =LIDER!E54 -> LAUREN CAROLINA MARTINEZ LICONA | C37: =IF('S-ASIG-02'!D37="","",'S-ASIG-02'!D37) | D37: =IF(B37=0,"",IF(C37="",$E$34*LIDER!$H$19+F37*LIDER!$H$20+G37*LIDER!$H$21+H37*LIDER!$H$22+I37*LIDER!$H$23+J37*LIDER!$H$24+K37*LIDER!$H$25,"N")) -> 4.5 | F37: 4.6 | G37: 4.6 | H37: 4.6 | I37: 4.6 | J37: 4.6
A38: 5 | B38: =LIDER!E55 -> ASLLY MARGARITA RINCON MATTOS | C38: =IF('S-ASIG-02'!D38="","",'S-ASIG-02'!D38) | D38: =IF(B38=0,"",IF(C38="",$E$34*LIDER!$H$19+F38*LIDER!$H$20+G38*LIDER!$H$21+H38*LIDER!$H$22+I38*LIDER!$H$23+J38*LIDER!$H$24+K38*LIDER!$H$25,"N")) -> 4.5 | F38: 4.6 | G38: 4.6 | H38: 4.6 | I38: 4.6 | J38: 4.6
A39: 6 | B39: =LIDER!E56 -> 0 | C39: =IF('S-ASIG-02'!D39="","",'S-ASIG-02'!D39) | D39: =IF(B39=0,"",IF(C39="",$E$34*LIDER!$H$19+F39*LIDER!$H$20+G39*LIDER!$H$21+H39*LIDER!$H$22+I39*LIDER!$H$23+J39*LIDER!$H$24+K39*LIDER!$H$25,"N"))
B40: GRUPO#6 | C40: =IF('S-ASIG-02'!D40="","",'S-ASIG-02'!D40) -> LIST | D40: DEF | E40: =LIDER!$E$34 -> GRUPO#6
A41: 1 | B41: =LIDER!F51 -> YEIDER SANTIAGO BOHORQUEZ GONZALEZ | C41: =IF('S-ASIG-02'!D41="","",'S-ASIG-02'!D41) | D41: =IF(B41=0,"",IF(C41="",$E$41*LIDER!$H$19+F41*LIDER!$H$20+G41*LIDER!$H$21+H41*LIDER!$H$22+I41*LIDER!$H$23+J41*LIDER!$H$24+K41*LIDER!$H$25,"N")) -> 3.55 | E41: 3.5 | F41: 3.6 | G41: 3.6 | H41: 3.6 | I41: 3.6 | J41: 3.6
A42: 2 | B42: =LIDER!F52 -> ELIAN MANUEL PACHECO BELTRAN | C42: =IF('S-ASIG-02'!D42="","",'S-ASIG-02'!D42) | D42: =IF(B42=0,"",IF(C42="",$E$41*LIDER!$H$19+F42*LIDER!$H$20+G42*LIDER!$H$21+H42*LIDER!$H$22+I42*LIDER!$H$23+J42*LIDER!$H$24+K42*LIDER!$H$25,"N")) -> 3.55 | F42: 3.6 | G42: 3.6 | H42: 3.6 | I42: 3.6 | J42: 3.6
A43: 3 | B43: =LIDER!F53 -> VALERIA PASTRANA ARRIETA | C43: =IF('S-ASIG-02'!D43="","",'S-ASIG-02'!D43) | D43: =IF(B43=0,"",IF(C43="",$E$41*LIDER!$H$19+F43*LIDER!$H$20+G43*LIDER!$H$21+H43*LIDER!$H$22+I43*LIDER!$H$23+J43*LIDER!$H$24+K43*LIDER!$H$25,"N")) -> 3.55 | F43: 3.6 | G43: 3.6 | H43: 3.6 | I43: 3.6 | J43: 3.6
A44: 4 | B44: =LIDER!F54 -> JUAN PABLO QUIJANO GUEVARA | C44: =IF('S-ASIG-02'!D44="","",'S-ASIG-02'!D44) | D44: =IF(B44=0,"",IF(C44="",$E$41*LIDER!$H$19+F44*LIDER!$H$20+G44*LIDER!$H$21+H44*LIDER!$H$22+I44*LIDER!$H$23+J44*LIDER!$H$24+K44*LIDER!$H$25,"N")) -> 3.55 | F44: 3.6 | G44: 3.6 | H44: 3.6 | I44: 3.6 | J44: 3.6
A45: 5 | B45: =LIDER!F55 -> JOSE ANGEL VALLEJO REALES | C45: =IF('S-ASIG-02'!D45="","",'S-ASIG-02'!D45) | D45: =IF(B45=0,"",IF(C45="",$E$41*LIDER!$H$19+F45*LIDER!$H$20+G45*LIDER!$H$21+H45*LIDER!$H$22+I45*LIDER!$H$23+J45*LIDER!$H$24+K45*LIDER!$H$25,"N")) -> 3.55 | F45: 3.6 | G45: 3.6 | H45: 3.6 | I45: 3.6 | J45: 3.6
A46: 6 | B46: =LIDER!F56 -> HENRY WILCHES DE LA ROSA | C46: =IF('S-ASIG-02'!D46="","",'S-ASIG-02'!D46) | D46: =IF(B46=0,"",IF(C46="",$E$41*LIDER!$H$19+F46*LIDER!$H$20+G46*LIDER!$H$21+H46*LIDER!$H$22+I46*LIDER!$H$23+J46*LIDER!$H$24+K46*LIDER!$H$25,"N")) -> 3.55 | F46: 3.6 | G46: 3.6 | H46: 3.6 | I46: 3.6 | J46: 3.6
B47: GRUPO#7 | C47: =IF('S-ASIG-02'!D47="","",'S-ASIG-02'!D47) -> LIST | D47: DEF | E47: =LIDER!$E$35 -> GRUPO#7 CÓMO ES EL PERFIL DE DRUMMOND EN LOS NEGOCIOS INTERNACIONALES TENIENDO EN CUENTA LOS ASPECTOS LEGALES, TRIBUTARIOS, ADMINISTRATIVOS, MACROECONÓMICOS, ADUANEROS, TECNOLÓGICOS E INTERNACIONALES
A48: 1 | B48: =LIDER!G51 -> CARLOS JULIO LOPEZ ALEMAN | C48: =IF('S-ASIG-02'!D48="","",'S-ASIG-02'!D48) | D48: =IF(B48=0,"",IF(C48="",$E$48*LIDER!$H$19+F48*LIDER!$H$20+G48*LIDER!$H$21+H48*LIDER!$H$22+I48*LIDER!$H$23+J48*LIDER!$H$24+K48*LIDER!$H$25,"N")) -> 4.35 | E48: 4.3 | F48: 4.4 | G48: 4.4 | H48: 4.4 | I48: 4.4 | J48: 4.4
A49: 2 | B49: =LIDER!G52 -> DYLAN ANDRES RANGEL LOPEZ | C49: =IF('S-ASIG-02'!D49="","",'S-ASIG-02'!D49) | D49: =IF(B49=0,"",IF(C49="",$E$48*LIDER!$H$19+F49*LIDER!$H$20+G49*LIDER!$H$21+H49*LIDER!$H$22+I49*LIDER!$H$23+J49*LIDER!$H$24+K49*LIDER!$H$25,"N")) -> 4.35 | F49: 4.4 | G49: 4.4 | H49: 4.4 | I49: 4.4 | J49: 4.4
A50: 3 | B50: =LIDER!G53 -> SANTIAGO TANGARIFE PONCE | C50: =IF('S-ASIG-02'!D50="","",'S-ASIG-02'!D50) | D50: =IF(B50=0,"",IF(C50="",$E$48*LIDER!$H$19+F50*LIDER!$H$20+G50*LIDER!$H$21+H50*LIDER!$H$22+I50*LIDER!$H$23+J50*LIDER!$H$24+K50*LIDER!$H$25,"N")) -> 4.35 | F50: 4.4 | G50: 4.4 | H50: 4.4 | I50: 4.4 | J50: 4.4
A51: 4 | B51: =LIDER!G54 -> 0 | C51: =IF('S-ASIG-02'!D51="","",'S-ASIG-02'!D51) | D51: =IF(B51=0,"",IF(C51="",$E$48*LIDER!$H$19+F51*LIDER!$H$20+G51*LIDER!$H$21+H51*LIDER!$H$22+I51*LIDER!$H$23+J51*LIDER!$H$24+K51*LIDER!$H$25,"N"))
A52: 5 | B52: =LIDER!G55 -> 0 | C52: =IF('S-ASIG-02'!D52="","",'S-ASIG-02'!D52) | D52: =IF(B52=0,"",IF(C52="",$E$48*LIDER!$H$19+F52*LIDER!$H$20+G52*LIDER!$H$21+H52*LIDER!$H$22+I52*LIDER!$H$23+J52*LIDER!$H$24+K52*LIDER!$H$25,"N"))
A53: 6 | B53: =LIDER!G56 -> 0 | C53: =IF('S-ASIG-02'!D53="","",'S-ASIG-02'!D53) | D53: =IF(B53=0,"",IF(C53="",$E$48*LIDER!$H$19+F53*LIDER!$H$20+G53*LIDER!$H$21+H53*LIDER!$H$22+I53*LIDER!$H$23+J53*LIDER!$H$24+K53*LIDER!$H$25,"N"))
B54: GRUPO#8 | C54: =IF('S-ASIG-02'!D54="","",'S-ASIG-02'!D54) -> LIST | D54: DEF | E54: =LIDER!$E$36 -> GRUPO#8 Análisis de los aspectos legales, tributarios, administrativos, macroeconómicos, aduaneros, tecnológicos e internacionales que definen el perfil de The Coca-Cola Company
A55: 1 | B55: =LIDER!H51 -> YURI MAR FUENMAYOR OSORIO | C55: =IF('S-ASIG-02'!D55="","",'S-ASIG-02'!D55) | D55: =IF(B55=0,"",IF(C55="",$E$55*LIDER!$H$19+F55*LIDER!$H$20+G55*LIDER!$H$21+H55*LIDER!$H$22+I55*LIDER!$H$23+J55*LIDER!$H$24+K55*LIDER!$H$25,"N")) -> 4.55 | E55: 4.6 | F55: 4.5 | G55: 4.5 | H55: 4.5 | I55: 4.5 | J55: 4.5
A56: 2 | B56: =LIDER!H52 -> YULEIDIS PAOLA MORENO DIAZ | C56: =IF('S-ASIG-02'!D56="","",'S-ASIG-02'!D56) | D56: =IF(B56=0,"",IF(C56="",$E$55*LIDER!$H$19+F56*LIDER!$H$20+G56*LIDER!$H$21+H56*LIDER!$H$22+I56*LIDER!$H$23+J56*LIDER!$H$24+K56*LIDER!$H$25,"N")) -> 4.55 | F56: 4.5 | G56: 4.5 | H56: 4.5 | I56: 4.5 | J56: 4.5
A57: 3 | B57: =LIDER!H53 -> SHARONE JANNINE ORDOÑEZ ESCUDERO | C57: =IF('S-ASIG-02'!D57="","",'S-ASIG-02'!D57) | D57: =IF(B57=0,"",IF(C57="",$E$55*LIDER!$H$19+F57*LIDER!$H$20+G57*LIDER!$H$21+H57*LIDER!$H$22+I57*LIDER!$H$23+J57*LIDER!$H$24+K57*LIDER!$H$25,"N")) -> 4.55 | F57: 4.5 | G57: 4.5 | H57: 4.5 | I57: 4.5 | J57: 4.5
A58: 4 | B58: =LIDER!H54 -> 0 | C58: =IF('S-ASIG-02'!D58="","",'S-ASIG-02'!D58) | D58: =IF(B58=0,"",IF(C58="",$E$55*LIDER!$H$19+F58*LIDER!$H$20+G58*LIDER!$H$21+H58*LIDER!$H$22+I58*LIDER!$H$23+J58*LIDER!$H$24+K58*LIDER!$H$25,"N"))
A59: 5 | B59: =LIDER!H55 -> 0 | C59: =IF('S-ASIG-02'!D59="","",'S-ASIG-02'!D59) | D59: =IF(B59=0,"",IF(C59="",$E$55*LIDER!$H$19+F59*LIDER!$H$20+G59*LIDER!$H$21+H59*LIDER!$H$22+I59*LIDER!$H$23+J59*LIDER!$H$24+K59*LIDER!$H$25,"N"))
A60: 6 | B60: =LIDER!H56 -> 0 | C60: =IF('S-ASIG-02'!D60="","",'S-ASIG-02'!D60) | D60: =IF(B60=0,"",IF(C60="",$E$55*LIDER!$H$19+F60*LIDER!$H$20+G60*LIDER!$H$21+H60*LIDER!$H$22+I60*LIDER!$H$23+J60*LIDER!$H$24+K60*LIDER!$H$25,"N"))
B61: GRUPO#9 | C61: =IF('S-ASIG-02'!D61="","",'S-ASIG-02'!D61) -> LIST | D61: DEF | E61: =LIDER!$E$37 -> GRUPO#9
A62: 1 | B62: =LIDER!E59 -> ISSAC DAVID ANGULO ZABALETA | C62: =IF('S-ASIG-02'!D62="","",'S-ASIG-02'!D62) | D62: =IF(B62=0,"",IF(C62="",$E$62*LIDER!$H$19+F62*LIDER!$H$20+G62*LIDER!$H$21+H62*LIDER!$H$22+I62*LIDER!$H$23+J62*LIDER!$H$24+K62*LIDER!$H$25,"N")) -> 4.1 | E62: 4.2 | F62: 4 | G62: 4 | H62: 4 | I62: 4 | J62: 4
A63: 2 | B63: =LIDER!E60 -> ANDRES FELIPE ARROYO PARRA | C63: =IF('S-ASIG-02'!D63="","",'S-ASIG-02'!D63) | D63: =IF(B63=0,"",IF(C63="",$E$62*LIDER!$H$19+F63*LIDER!$H$20+G63*LIDER!$H$21+H63*LIDER!$H$22+I63*LIDER!$H$23+J63*LIDER!$H$24+K63*LIDER!$H$25,"N")) -> 4.1 | F63: 4 | G63: 4 | H63: 4 | I63: 4 | J63: 4
A64: 3 | B64: =LIDER!E61 -> DANNA ALEJANDRA CASTRO ESPINOSA | C64: =IF('S-ASIG-02'!D64="","",'S-ASIG-02'!D64) | D64: =IF(B64=0,"",IF(C64="",$E$62*LIDER!$H$19+F64*LIDER!$H$20+G64*LIDER!$H$21+H64*LIDER!$H$22+I64*LIDER!$H$23+J64*LIDER!$H$24+K64*LIDER!$H$25,"N")) -> 4.1 | F64: 4 | G64: 4 | H64: 4 | I64: 4 | J64: 4
A65: 4 | B65: =LIDER!E62 -> JUAN DAVID LOPEZ VIDES | C65: =IF('S-ASIG-02'!D65="","",'S-ASIG-02'!D65) | D65: =IF(B65=0,"",IF(C65="",$E$62*LIDER!$H$19+F65*LIDER!$H$20+G65*LIDER!$H$21+H65*LIDER!$H$22+I65*LIDER!$H$23+J65*LIDER!$H$24+K65*LIDER!$H$25,"N")) -> 4.1 | F65: 4 | G65: 4 | H65: 4 | I65: 4 | J65: 4
A66: 5 | B66: =LIDER!E63 -> ALEJANDRA MORENO VILLALOBO | C66: =IF('S-ASIG-02'!D66="","",'S-ASIG-02'!D66) | D66: =IF(B66=0,"",IF(C66="",$E$62*LIDER!$H$19+F66*LIDER!$H$20+G66*LIDER!$H$21+H66*LIDER!$H$22+I66*LIDER!$H$23+J66*LIDER!$H$24+K66*LIDER!$H$25,"N")) -> 4.1 | F66: 4 | G66: 4 | H66: 4 | I66: 4 | J66: 4
A67: 6 | B67: =LIDER!E64 -> 0 | C67: =IF('S-ASIG-02'!D67="","",'S-ASIG-02'!D67) | D67: =IF(B67=0,"",IF(C67="",$E$62*LIDER!$H$19+F67*LIDER!$H$20+G67*LIDER!$H$21+H67*LIDER!$H$22+I67*LIDER!$H$23+J67*LIDER!$H$24+K67*LIDER!$H$25,"N"))
B68: GRUPO#10 | C68: =IF('S-ASIG-02'!D68="","",'S-ASIG-02'!D68) -> LIST | D68: DEF | E68: =LIDER!$E$38 -> GRUPO#10
A69: 1 | B69: =LIDER!F59 -> 0 | C69: =IF('S-ASIG-02'!D69="","",'S-ASIG-02'!D69) -> N | D69: =IF(B69=0,"",IF(C69="",$E$69*LIDER!$H$19+F69*LIDER!$H$20+G69*LIDER!$H$21+H69*LIDER!$H$22+I69*LIDER!$H$23+J69*LIDER!$H$24+K69*LIDER!$H$25,"N"))
A70: 2 | B70: =LIDER!F60 -> 0 | C70: =IF('S-ASIG-02'!D70="","",'S-ASIG-02'!D70) -> N | D70: =IF(B70=0,"",IF(C70="",$E$69*LIDER!$H$19+F70*LIDER!$H$20+G70*LIDER!$H$21+H70*LIDER!$H$22+I70*LIDER!$H$23+J70*LIDER!$H$24+K70*LIDER!$H$25,"N"))
A71: 3 | B71: =LIDER!F61 -> 0 | C71: =IF('S-ASIG-02'!D71="","",'S-ASIG-02'!D71) -> N | D71: =IF(B71=0,"",IF(C71="",$E$69*LIDER!$H$19+F71*LIDER!$H$20+G71*LIDER!$H$21+H71*LIDER!$H$22+I71*LIDER!$H$23+J71*LIDER!$H$24+K71*LIDER!$H$25,"N"))
A72: 4 | B72: =LIDER!F62 -> 0 | C72: =IF('S-ASIG-02'!D72="","",'S-ASIG-02'!D72) | D72: =IF(B72=0,"",IF(C72="",$E$69*LIDER!$H$19+F72*LIDER!$H$20+G72*LIDER!$H$21+H72*LIDER!$H$22+I72*LIDER!$H$23+J72*LIDER!$H$24+K72*LIDER!$H$25,"N"))
A73: 5 | B73: =LIDER!F63 -> 0 | C73: =IF('S-ASIG-02'!D73="","",'S-ASIG-02'!D73) | D73: =IF(B73=0,"",IF(C73="",$E$69*LIDER!$H$19+F73*LIDER!$H$20+G73*LIDER!$H$21+H73*LIDER!$H$22+I73*LIDER!$H$23+J73*LIDER!$H$24+K73*LIDER!$H$25,"N"))
A74: 6 | B74: =LIDER!F64 -> 0 | C74: =IF('S-ASIG-02'!D74="","",'S-ASIG-02'!D74) | D74: =IF(B74=0,"",IF(C74="",$E$69*LIDER!$H$19+F74*LIDER!$H$20+G74*LIDER!$H$21+H74*LIDER!$H$22+I74*LIDER!$H$23+J74*LIDER!$H$24+K74*LIDER!$H$25,"N"))
B75: GRUPO#11 | C75: =IF('S-ASIG-02'!D75="","",'S-ASIG-02'!D75) -> LIST | D75: DEF | E75: =LIDER!$E$39 -> GRUPO#11
A76: 1 | B76: =LIDER!G59 -> 0 | C76: =IF('S-ASIG-02'!D76="","",'S-ASIG-02'!D76) | D76: =IF(B76=0,"",IF(C76="",E76*LIDER!$H$19+F76*LIDER!$H$20+G76*LIDER!$H$21+H76*LIDER!$H$22+I76*LIDER!$H$23+J76*LIDER!$H$24+K76*LIDER!$H$25,"N"))
A77: 2 | B77: =LIDER!G60 -> 0 | C77: =IF('S-ASIG-02'!D77="","",'S-ASIG-02'!D77) | D77: =IF(B77=0,"",IF(C77="",E77*LIDER!$H$19+F77*LIDER!$H$20+G77*LIDER!$H$21+H77*LIDER!$H$22+I77*LIDER!$H$23+J77*LIDER!$H$24+K77*LIDER!$H$25,"N"))
A78: 3 | B78: =LIDER!G61 -> 0 | C78: =IF('S-ASIG-02'!D78="","",'S-ASIG-02'!D78) | D78: =IF(B78=0,"",IF(C78="",E78*LIDER!$H$19+F78*LIDER!$H$20+G78*LIDER!$H$21+H78*LIDER!$H$22+I78*LIDER!$H$23+J78*LIDER!$H$24+K78*LIDER!$H$25,"N"))
A79: 4 | B79: =LIDER!G62 -> 0 | C79: =IF('S-ASIG-02'!D79="","",'S-ASIG-02'!D79) | D79: =IF(B79=0,"",IF(C79="",E79*LIDER!$H$19+F79*LIDER!$H$20+G79*LIDER!$H$21+H79*LIDER!$H$22+I79*LIDER!$H$23+J79*LIDER!$H$24+K79*LIDER!$H$25,"N"))
A80: 5 | B80: =LIDER!G63 -> 0 | C80: =IF('S-ASIG-02'!D80="","",'S-ASIG-02'!D80) | D80: =IF(B80=0,"",IF(C80="",E80*LIDER!$H$19+F80*LIDER!$H$20+G80*LIDER!$H$21+H80*LIDER!$H$22+I80*LIDER!$H$23+J80*LIDER!$H$24+K80*LIDER!$H$25,"N"))
A81: 6 | B81: =LIDER!G64 -> 0 | C81: =IF('S-ASIG-02'!D81="","",'S-ASIG-02'!D81) | D81: =IF(B81=0,"",IF(C81="",E81*LIDER!$H$19+F81*LIDER!$H$20+G81*LIDER!$H$21+H81*LIDER!$H$22+I81*LIDER!$H$23+J81*LIDER!$H$24+K81*LIDER!$H$25,"N"))
B82: GRUPO#12 | C82: =IF('S-ASIG-02'!D82="","",'S-ASIG-02'!D82) -> LIST | D82: DEF | E82: =LIDER!$E$40 -> GRUPO#12
A83: 1 | B83: =LIDER!H59 -> 0 | C83: =IF('S-ASIG-02'!D83="","",'S-ASIG-02'!D83) | D83: =IF(B83=0,"",IF(C83="",$E$83*LIDER!$H$19+F83*LIDER!$H$20+G83*LIDER!$H$21+H83*LIDER!$H$22+I83*LIDER!$H$23+J83*LIDER!$H$24+K83*LIDER!$H$25,"N"))
A84: 2 | B84: =LIDER!H60 -> 0 | C84: =IF('S-ASIG-02'!D84="","",'S-ASIG-02'!D84) | D84: =IF(B84=0,"",IF(C84="",$E$83*LIDER!$H$19+F84*LIDER!$H$20+G84*LIDER!$H$21+H84*LIDER!$H$22+I84*LIDER!$H$23+J84*LIDER!$H$24+K84*LIDER!$H$25,"N"))
A85: 3 | B85: =LIDER!H61 -> 0 | C85: =IF('S-ASIG-02'!D85="","",'S-ASIG-02'!D85) | D85: =IF(B85=0,"",IF(C85="",$E$83*LIDER!$H$19+F85*LIDER!$H$20+G85*LIDER!$H$21+H85*LIDER!$H$22+I85*LIDER!$H$23+J85*LIDER!$H$24+K85*LIDER!$H$25,"N"))
A86: 4 | B86: =LIDER!H62 -> 0 | C86: =IF('S-ASIG-02'!D86="","",'S-ASIG-02'!D86) | D86: =IF(B86=0,"",IF(C86="",$E$83*LIDER!$H$19+F86*LIDER!$H$20+G86*LIDER!$H$21+H86*LIDER!$H$22+I86*LIDER!$H$23+J86*LIDER!$H$24+K86*LIDER!$H$25,"N"))
A87: 5 | B87: =LIDER!H63 -> 0 | C87: =IF('S-ASIG-02'!D87="","",'S-ASIG-02'!D87) | D87: =IF(B87=0,"",IF(C87="",$E$83*LIDER!$H$19+F87*LIDER!$H$20+G87*LIDER!$H$21+H87*LIDER!$H$22+I87*LIDER!$H$23+J87*LIDER!$H$24+K87*LIDER!$H$25,"N"))
A88: 6 | B88: =LIDER!H64 -> 0 | C88: =IF('S-ASIG-02'!D88="","",'S-ASIG-02'!D88) | D88: =IF(B88=0,"",IF(C88="",$E$83*LIDER!$H$19+F88*LIDER!$H$20+G88*LIDER!$H$21+H88*LIDER!$H$22+I88*LIDER!$H$23+J88*LIDER!$H$24+K88*LIDER!$H$25,"N"))

Sheet T-ASIG-03
A1: =LIDER!B2 -> TECNOLOGÍA EN GESTIÓN DE NEGOCIOS INTERN | H1: =LIDER!E2 -> SEMESTRE: | I1: =LIDER!F2 -> SEM-03 | J1: =LIDER!G2 -> SECCIÓN: | K1: =LIDER!H2 -> 3
B2: =LIDER!E4 -> INTERNACIONALIZACION | E2: CRITERIOS DE EVALUACIÓN
B3: Estudiantes | E3: =LIDER!E19 -> Evaluación del Documento Final | F3: =LIDER!E20 -> Sustentación de los Resultados: Se refleja un dominio del tema, la información está delimitada y es clara. Hay una jerarquía y fluidez en las ideas que presenta. | G3: =LIDER!E21 -> Expresión Oral: Se oberva buena vocalización y buen tono de voz durante toda la presentación empleando un lenguaje técnico pertinente con su nivel academico. Su discurso es adecuado en la presentacion de la sustentación de los resultados | H3: =LIDER!E22 -> Lenguaje no verbal: Tiene una adecuada presentación personal para la ocación, opta por una buena postura y demuestra seguridad en sí mismo(a) durante la sustentación de los resultados. Además, demuestra asertividad y seguridad en las orientaciones o preguntas que hace el colectivo docente | I3: =LIDER!E23 -> Tiempo: El uso del tiempo fue apropiado, se ajusta al previsto. Ofrece una conclusión donde condensa las ideas principales del objetivo general y los específicos. | J3: =LIDER!E24 -> Uso de Recursos Audiovisuales Tecnológicos: La sustentación se acompaña de recursos visuales pertinentes, atractivos y de gran calidad | K3: =LIDER!E25 -> 0
E4: =CONCATENATE(LIDER!E4," - ",LIDER!E6," - ",LIDER!E5) -> INTERNACIONALIZACION - 2481 - TATIANA MILENA ROJAS AROCA
B5: GRUPO#1 | C5: =IF('S-ASIG-03'!D5="","",'S-ASIG-03'!D5) -> LIST | D5: DEF | E5: =LIDER!$E$29 -> GRUPO#1 Descripción de los Aspectos Internacionales, Macroeconómicos, Legales, administrativos, aduaneros y tecnológicos de Progan del Caribe S.A.S
A6: 1 | B6: =LIDER!E43 -> EDINSON ANDRES CASTRO PADILLA | C6: =IF('S-ASIG-03'!D6="","",'S-ASIG-03'!D6) | D6: =IF(B6=0,"",IF(C6="",$E$6*LIDER!$H$19+F6*LIDER!$H$20+G6*LIDER!$H$21+H6*LIDER!$H$22+I6*LIDER!$H$23+J6*LIDER!$H$24+K6*LIDER!$H$25,"N")) -> 4.35 | E6: 4.2 | F6: 4.5 | G6: 4.5 | H6: 4.5 | I6: 4.5 | J6: 4.5
A7: 2 | B7: =LIDER!E44 -> MATEO ANDRÉS CUESTA DÍAZ | C7: =IF('S-ASIG-03'!D7="","",'S-ASIG-03'!D7) | D7: =IF(B7=0,"",IF(C7="",$E$6*LIDER!$H$19+F7*LIDER!$H$20+G7*LIDER!$H$21+H7*LIDER!$H$22+I7*LIDER!$H$23+J7*LIDER!$H$24+K7*LIDER!$H$25,"N")) -> 4.35 | F7: 4.5 | G7: 4.5 | H7: 4.5 | I7: 4.5 | J7: 4.5
